sku_id,title,category,sub_category,brand,gender,price,rating,occasion_tags,style_tags,color,fabric,description
SKU-FOO-2448,Forever 21 Sky Blue Women's Leather Boots,footwear,Boots,Forever 21,Women,3549,4.4,Party;Gym,Pastel,Sky Blue,Leather,"Forever 21 sky blue boots crafted from premium leather for women. Features a soft muted hues providing a calm, breezy and sophisticated aesthetic. Ideal for party, gym occasions. Styled in a pastel aesthetic, offering both all-day comfort and trend-forward appeal."
SKU-BOT-2115,Tokyo Talkies Mustard Yellow Women's Silk Palazzos,bottomwear,Palazzos,Tokyo Talkies,Women,1099,4.3,Party,Vibrant,Mustard Yellow,Silk,"Tokyo Talkies mustard yellow palazzos crafted from premium silk for women. Features a eye-catching high-energy color palette suited for expressive moods. Ideal for party occasions. Styled in a vibrant aesthetic, offering both all-day comfort and trend-forward appeal."
SKU-BOT-2065,Fossil Lavender Women's Polyester Skirts,bottomwear,Skirts,Fossil,Women,1449,4.1,Beach,Pastel,Lavender,Polyester,"Fossil lavender skirts crafted from premium polyester for women. Features a soft muted hues providing a calm, breezy and sophisticated aesthetic. Ideal for beach occasions. Styled in a pastel aesthetic, offering both all-day comfort and trend-forward appeal."
SKU-ACC-3288,Titan Mint Green Men's Leather Bags,accessories,Bags,Titan,Men,2699,4.1,Beach,Minimalist;Streetwear,Mint Green,Leather,"Titan mint green bags crafted from premium leather for men. Features a clean tailored silhouette with subtle contemporary accents. Ideal for beach occasions. Styled in a minimalist aesthetic, offering both all-day comfort and trend-forward appeal."
SKU-FOO-2538,DressBerry Mustard Yellow Women's Polyester Heels,footwear,Heels,DressBerry,Women,2449,4.0,Beach;Casual,Streetwear,Mustard Yellow,Polyester,"DressBerry mustard yellow heels crafted from premium polyester for women. Features a urban relaxed drape engineered with durable modern textures. Ideal for beach, casual occasions. Styled in a streetwear aesthetic, offering both all-day comfort and trend-forward appeal."
SKU-BOT-1669,HIGHLANDER Maroon Men's Linen Chinos,bottomwear,Chinos,HIGHLANDER,Men,2149,3.3,Ethnic;Casual,Streetwear,Maroon,Linen,"HIGHLANDER maroon chinos crafted from premium linen for men. Features a urban relaxed drape engineered with durable modern textures. Ideal for ethnic, casual occasions. Styled in a streetwear aesthetic, offering both all-day comfort and trend-forward appeal."
SKU-FOO-2584,Puma White Women's Leather Heels,footwear,Heels,Puma,Women,1649,4.2,Ethnic,Streetwear,White,Leather,"Puma white heels crafted from premium leather for women. Features a urban relaxed drape engineered with durable modern textures. Ideal for ethnic occasions. Styled in a streetwear aesthetic, offering both all-day comfort and trend-forward appeal."
SKU-ACC-3405,Tokyo Talkies Navy Blue Women's Polyester Sunglasses,accessories,Sunglasses,Tokyo Talkies,Women,599,4.8,Beach;Formal,Classic,Navy Blue,Polyester,"Tokyo Talkies navy blue sunglasses crafted from premium polyester for women. Features a timeless quintessential design crafted for versatile everyday elegance. Ideal for beach, formal occasions. Styled in a classic aesthetic, offering both all-day comfort and trend-forward appeal."
SKU-TOP-1498,Mast & Harbour White Men's Silk Kurtas,topwear,Kurtas,Mast & Harbour,Men,2399,4.1,Beach,Pastel,White,Silk,"Mast & Harbour white kurtas crafted from premium silk for men. Features a soft muted hues providing a calm, breezy and sophisticated aesthetic. Ideal for beach occasions. Styled in a pastel aesthetic, offering both all-day comfort and trend-forward appeal."
SKU-ACC-3481,VERO MODA Black Women's Silk Earrings,accessories,Earrings,VERO MODA,Women,949,4.0,Beach,Pastel,Black,Silk,"VERO MODA black earrings crafted from premium silk for women. Features a soft muted hues providing a calm, breezy and sophisticated aesthetic. Ideal for beach occasions. Styled in a pastel aesthetic, offering both all-day comfort and trend-forward appeal."
SKU-TOP-1472,Carlton London Pastel Pink Women's Cotton Blouses,topwear,Blouses,Carlton London,Women,1149,3.4,Ethnic,Classic,Pastel Pink,Cotton,"Carlton London pastel pink blouses crafted from premium cotton for women. Features a timeless quintessential design crafted for versatile everyday elegance. Ideal for ethnic occasions. Styled in a classic aesthetic, offering both all-day comfort and trend-forward appeal."
SKU-TOP-1247,Puma Maroon Men's Linen Blazers,topwear,Blazers,Puma,Men,3299,4.0,Casual,Classic,Maroon,Linen,"Puma maroon blazers crafted from premium linen for men. Features a timeless quintessential design crafted for versatile everyday elegance. Ideal for casual occasions. Styled in a classic aesthetic, offering both all-day comfort and trend-forward appeal."
SKU-BOT-1924,HRX by Hrithik Roshan Mint Green Men's Cotton Chinos,bottomwear,Chinos,HRX by Hrithik Roshan,Men,3099,4.0,Gym,Classic,Mint Green,Cotton,"HRX by Hrithik Roshan mint green chinos crafted from premium cotton for men. Features a timeless quintessential design crafted for versatile everyday elegance. Ideal for gym occasions. Styled in a classic aesthetic, offering both all-day comfort and trend-forward appeal."
SKU-BOT-2132,Nike Mint Green Men's Linen Chinos,bottomwear,Chinos,Nike,Men,1799,4.3,Party;Ethnic,Streetwear,Mint Green,Linen,"Nike mint green chinos crafted from premium linen for men. Features a urban relaxed drape engineered with durable modern textures. Ideal for party, ethnic occasions. Styled in a streetwear aesthetic, offering both all-day comfort and trend-forward appeal."
SKU-BOT-1671,HIGHLANDER Cream Men's Polyester Trousers,bottomwear,Trousers,HIGHLANDER,Men,2249,4.6,Ethnic,Minimalist;Classic,Cream,Polyester,"HIGHLANDER cream trousers crafted from premium polyester for men. Features a clean tailored silhouette with subtle contemporary accents. Ideal for ethnic occasions. Styled in a minimalist aesthetic, offering both all-day comfort and trend-forward appeal."
SKU-BOT-1917,Titan Sky Blue Men's Cotton Chinos,bottomwear,Chinos,Titan,Men,1449,4.4,Ethnic,Minimalist;Pastel,Sky Blue,Cotton,"Titan sky blue chinos crafted from premium cotton for men. Features a clean tailored silhouette with subtle contemporary accents. Ideal for ethnic occasions. Styled in a minimalist aesthetic, offering both all-day comfort and trend-forward appeal."
SKU-FOO-2415,Nike Lavender Unisex Leather Sneakers,footwear,Sneakers,Nike,Unisex,3949,4.0,Formal;Gym,Classic,Lavender,Leather,"Nike lavender sneakers crafted from premium leather for all genders. Features a timeless quintessential design crafted for versatile everyday elegance. Ideal for formal, gym occasions. Styled in a classic aesthetic, offering both all-day comfort and trend-forward appeal."
SKU-FOO-2607,Tokyo Talkies Terracotta Women's Leather Sneakers,footwear,Sneakers,Tokyo Talkies,Women,3599,4.2,Beach;Formal,Vibrant,Terracotta,Leather,"Tokyo Talkies terracotta sneakers crafted from premium leather for women. Features a eye-catching high-energy color palette suited for expressive moods. Ideal for beach, formal occasions. Styled in a vibrant aesthetic, offering both all-day comfort and trend-forward appeal."
SKU-TOP-1403,Peter England Black Men's Cotton Blazers,topwear,Blazers,Peter England,Men,8549,4.2,Beach,Streetwear;Vibrant,Black,Cotton,"Peter England black blazers crafted from premium cotton for men. Features a urban relaxed drape engineered with durable modern textures. Ideal for beach occasions. Styled in a streetwear aesthetic, offering both all-day comfort and trend-forward appeal."
SKU-BOT-2104,Forever 21 Navy Blue Women's Cotton Chinos,bottomwear,Chinos,Forever 21,Women,1499,4.2,Gym,Streetwear,Navy Blue,Cotton,"Forever 21 navy blue chinos crafted from premium cotton for women. Features a urban relaxed drape engineered with durable modern textures. Ideal for gym occasions. Styled in a streetwear aesthetic, offering both all-day comfort and trend-forward appeal."
SKU-ACC-3073,Mast & Harbour Tan Brown Men's Polyester Bags,accessories,Bags,Mast & Harbour,Men,3199,4.2,Beach,Classic,Tan Brown,Polyester,"Mast & Harbour tan brown bags crafted from premium polyester for men. Features a timeless quintessential design crafted for versatile everyday elegance. Ideal for beach occasions. Styled in a classic aesthetic, offering both all-day comfort and trend-forward appeal."
SKU-BOT-1720,Mast & Harbour Lavender Men's Linen Trousers,bottomwear,Trousers,Mast & Harbour,Men,2699,4.2,Ethnic,Classic,Lavender,Linen,"Mast & Harbour lavender trousers crafted from premium linen for men. Features a timeless quintessential design crafted for versatile everyday elegance. Ideal for ethnic occasions. Styled in a classic aesthetic, offering both all-day comfort and trend-forward appeal."
SKU-ACC-3012,Sangria Lavender Women's Silk Earrings,accessories,Earrings,Sangria,Women,1499,3.9,Formal;Party,Streetwear,Lavender,Silk,"Sangria lavender earrings crafted from premium silk for women. Features a urban relaxed drape engineered with durable modern textures. Ideal for formal, party occasions. Styled in a streetwear aesthetic, offering both all-day comfort and trend-forward appeal."
SKU-ACC-3437,DressBerry Navy Blue Women's Polyester Earrings,accessories,Earrings,DressBerry,Women,549,4.2,Beach,Minimalist;Vibrant,Navy Blue,Polyester,"DressBerry navy blue earrings crafted from premium polyester for women. Features a clean tailored silhouette with subtle contemporary accents. Ideal for beach occasions. Styled in a minimalist aesthetic, offering both all-day comfort and trend-forward appeal."
SKU-TOP-1197,Roadster Olive Green Men's Linen Blazers,topwear,Blazers,Roadster,Men,2649,3.9,Beach,Vibrant,Olive Green,Linen,"Roadster olive green blazers crafted from premium linen for men. Features a eye-catching high-energy color palette suited for expressive moods. Ideal for beach occasions. Styled in a vibrant aesthetic, offering both all-day comfort and trend-forward appeal."
SKU-BOT-1892,VERO MODA Charcoal Grey Women's Silk Skirts,bottomwear,Skirts,VERO MODA,Women,1949,4.4,Ethnic,Streetwear,Charcoal Grey,Silk,"VERO MODA charcoal grey skirts crafted from premium silk for women. Features a urban relaxed drape engineered with durable modern textures. Ideal for ethnic occasions. Styled in a streetwear aesthetic, offering both all-day comfort and trend-forward appeal."
SKU-FOO-2265,Fossil Tan Brown Women's Polyester Heels,footwear,Heels,Fossil,Women,4699,4.3,Formal;Gym,Pastel,Tan Brown,Polyester,"Fossil tan brown heels crafted from premium polyester for women. Features a soft muted hues providing a calm, breezy and sophisticated aesthetic. Ideal for formal, gym occasions. Styled in a pastel aesthetic, offering both all-day comfort and trend-forward appeal."
SKU-BOT-2035,HRX by Hrithik Roshan Black Men's Linen Trousers,bottomwear,Trousers,HRX by Hrithik Roshan,Men,949,4.0,Ethnic;Formal,Classic,Black,Linen,"HRX by Hrithik Roshan black trousers crafted from premium linen for men. Features a timeless quintessential design crafted for versatile everyday elegance. Ideal for ethnic, formal occasions. Styled in a classic aesthetic, offering both all-day comfort and trend-forward appeal."
SKU-FOO-2326,HIGHLANDER Tan Brown Men's Leather Sneakers,footwear,Sneakers,HIGHLANDER,Men,6299,3.5,Casual,Streetwear,Tan Brown,Leather,"HIGHLANDER tan brown sneakers crafted from premium leather for men. Features a urban relaxed drape engineered with durable modern textures. Ideal for casual occasions. Styled in a streetwear aesthetic, offering both all-day comfort and trend-forward appeal."
SKU-TOP-1510,Bata Mint Green Women's Cotton Kurtas,topwear,Kurtas,Bata,Women,1199,3.9,Casual,Vibrant,Mint Green,Cotton,"Bata mint green kurtas crafted from premium cotton for women. Features a eye-catching high-energy color palette suited for expressive moods. Ideal for casual occasions. Styled in a vibrant aesthetic, offering both all-day comfort and trend-forward appeal."
SKU-FOO-2428,DressBerry Black Women's Polyester Heels,footwear,Heels,DressBerry,Women,4149,3.8,Formal,Vibrant;Pastel,Black,Polyester,"DressBerry black heels crafted from premium polyester for women. Features a eye-catching high-energy color palette suited for expressive moods. Ideal for formal occasions. Styled in a vibrant aesthetic, offering both all-day comfort and trend-forward appeal."
SKU-TOP-1195,Tokyo Talkies Maroon Women's Silk Kurtas,topwear,Kurtas,Tokyo Talkies,Women,1249,4.3,Ethnic;Party,Minimalist;Streetwear,Maroon,Silk,"Tokyo Talkies maroon kurtas crafted from premium silk for women. Features a clean tailored silhouette with subtle contemporary accents. Ideal for ethnic, party occasions. Styled in a minimalist aesthetic, offering both all-day comfort and trend-forward appeal."
SKU-BOT-2180,VERO MODA Tan Brown Women's Linen Chinos,bottomwear,Chinos,VERO MODA,Women,1299,3.8,Beach,Streetwear,Tan Brown,Linen,"VERO MODA tan brown chinos crafted from premium linen for women. Features a urban relaxed drape engineered with durable modern textures. Ideal for beach occasions. Styled in a streetwear aesthetic, offering both all-day comfort and trend-forward appeal."
SKU-ACC-3033,Converse Lavender Unisex Cotton Bags,accessories,Bags,Converse,Unisex,4049,4.4,Casual,Minimalist,Lavender,Cotton,"Converse lavender bags crafted from premium cotton for all genders. Features a clean tailored silhouette with subtle contemporary accents. Ideal for casual occasions. Styled in a minimalist aesthetic, offering both all-day comfort and trend-forward appeal."
SKU-BOT-1933,HIGHLANDER Olive Green Men's Polyester Trousers,bottomwear,Trousers,HIGHLANDER,Men,1349,3.7,Beach;Casual,Minimalist,Olive Green,Polyester,"HIGHLANDER olive green trousers crafted from premium polyester for men. Features a clean tailored silhouette with subtle contemporary accents. Ideal for beach, casual occasions. Styled in a minimalist aesthetic, offering both all-day comfort and trend-forward appeal."
SKU-BOT-2125,Anouk Sky Blue Women's Linen Trousers,bottomwear,Trousers,Anouk,Women,3599,4.8,Casual,Classic,Sky Blue,Linen,"Anouk sky blue trousers crafted from premium linen for women. Features a timeless quintessential design crafted for versatile everyday elegance. Ideal for casual occasions. Styled in a classic aesthetic, offering both all-day comfort and trend-forward appeal."
SKU-FOO-2823,Sangria Navy Blue Women's Leather Heels,footwear,Heels,Sangria,Women,2249,4.1,Formal;Beach,Classic,Navy Blue,Leather,"Sangria navy blue heels crafted from premium leather for women. Features a timeless quintessential design crafted for versatile everyday elegance. Ideal for formal, beach occasions. Styled in a classic aesthetic, offering both all-day comfort and trend-forward appeal."
SKU-FOO-2367,Forever 21 Lavender Women's Polyester Boots,footwear,Boots,Forever 21,Women,4499,4.2,Formal,Streetwear,Lavender,Polyester,"Forever 21 lavender boots crafted from premium polyester for women. Features a urban relaxed drape engineered with durable modern textures. Ideal for formal occasions. Styled in a streetwear aesthetic, offering both all-day comfort and trend-forward appeal."
SKU-ACC-2993,WROGN Maroon Men's Leather Watches,accessories,Watches,WROGN,Men,2849,4.6,Ethnic,Pastel,Maroon,Leather,"WROGN maroon watches crafted from premium leather for men. Features a soft muted hues providing a calm, breezy and sophisticated aesthetic. Ideal for ethnic occasions. Styled in a pastel aesthetic, offering both all-day comfort and trend-forward appeal."
SKU-FOO-2259,VERO MODA Navy Blue Women's Polyester Boots,footwear,Boots,VERO MODA,Women,4049,4.0,Ethnic;Casual,Classic;Minimalist,Navy Blue,Polyester,"VERO MODA navy blue boots crafted from premium polyester for women. Features a timeless quintessential design crafted for versatile everyday elegance. Ideal for ethnic, casual occasions. Styled in a classic aesthetic, offering both all-day comfort and trend-forward appeal."
SKU-ACC-3275,Peter England White Men's Polyester Sunglasses,accessories,Sunglasses,Peter England,Men,3499,3.8,Ethnic,Pastel;Streetwear,White,Polyester,"Peter England white sunglasses crafted from premium polyester for men. Features a soft muted hues providing a calm, breezy and sophisticated aesthetic. Ideal for ethnic occasions. Styled in a pastel aesthetic, offering both all-day comfort and trend-forward appeal."
SKU-FOO-2274,Puma Mint Green Unisex Cotton Sneakers,footwear,Sneakers,Puma,Unisex,1899,4.1,Casual,Streetwear,Mint Green,Cotton,"Puma mint green sneakers crafted from premium cotton for all genders. Features a urban relaxed drape engineered with durable modern textures. Ideal for casual occasions. Styled in a streetwear aesthetic, offering both all-day comfort and trend-forward appeal."
SKU-ACC-2937,Ray-Ban Terracotta Unisex Polyester Watches,accessories,Watches,Ray-Ban,Unisex,8649,4.3,Formal;Gym,Streetwear;Classic,Terracotta,Polyester,"Ray-Ban terracotta watches crafted from premium polyester for all genders. Features a urban relaxed drape engineered with durable modern textures. Ideal for formal, gym occasions. Styled in a streetwear aesthetic, offering both all-day comfort and trend-forward appeal."
SKU-FOO-2267,Puma Sky Blue Women's Polyester Heels,footwear,Heels,Puma,Women,2499,4.2,Gym;Formal,Classic,Sky Blue,Polyester,"Puma sky blue heels crafted from premium polyester for women. Features a timeless quintessential design crafted for versatile everyday elegance. Ideal for gym, formal occasions. Styled in a classic aesthetic, offering both all-day comfort and trend-forward appeal."
SKU-BOT-1773,ONLY Beige Women's Cotton Trousers,bottomwear,Trousers,ONLY,Women,1699,4.4,Beach,Minimalist;Vibrant,Beige,Cotton,"ONLY beige trousers crafted from premium cotton for women. Features a clean tailored silhouette with subtle contemporary accents. Ideal for beach occasions. Styled in a minimalist aesthetic, offering both all-day comfort and trend-forward appeal."
SKU-FOO-2609,VERO MODA Mint Green Women's Leather Flats,footwear,Flats,VERO MODA,Women,699,4.3,Formal,Pastel;Minimalist,Mint Green,Leather,"VERO MODA mint green flats crafted from premium leather for women. Features a soft muted hues providing a calm, breezy and sophisticated aesthetic. Ideal for formal occasions. Styled in a pastel aesthetic, offering both all-day comfort and trend-forward appeal."
SKU-FOO-2312,Forever 21 Burgundy Women's Leather Flats,footwear,Flats,Forever 21,Women,2249,4.5,Gym;Casual,Streetwear,Burgundy,Leather,"Forever 21 burgundy flats crafted from premium leather for women. Features a urban relaxed drape engineered with durable modern textures. Ideal for gym, casual occasions. Styled in a streetwear aesthetic, offering both all-day comfort and trend-forward appeal."
SKU-TOP-1135,Fossil Sky Blue Women's Linen Kurtas,topwear,Kurtas,Fossil,Women,3399,3.9,Casual,Pastel,Sky Blue,Linen,"Fossil sky blue kurtas crafted from premium linen for women. Features a soft muted hues providing a calm, breezy and sophisticated aesthetic. Ideal for casual occasions. Styled in a pastel aesthetic, offering both all-day comfort and trend-forward appeal."
SKU-FOO-2856,ONLY Cream Women's Leather Heels,footwear,Heels,ONLY,Women,3699,4.0,Ethnic,Classic,Cream,Leather,"ONLY cream heels crafted from premium leather for women. Features a timeless quintessential design crafted for versatile everyday elegance. Ideal for ethnic occasions. Styled in a classic aesthetic, offering both all-day comfort and trend-forward appeal."
SKU-ACC-3400,Mango Mint Green Women's Polyester Belts,accessories,Belts,Mango,Women,1749,4.2,Beach;Party,Pastel,Mint Green,Polyester,"Mango mint green belts crafted from premium polyester for women. Features a soft muted hues providing a calm, breezy and sophisticated aesthetic. Ideal for beach, party occasions. Styled in a pastel aesthetic, offering both all-day comfort and trend-forward appeal."
SKU-TOP-1421,Carlton London White Women's Silk Kurtas,topwear,Kurtas,Carlton London,Women,3449,4.9,Ethnic,Minimalist,White,Silk,"Carlton London white kurtas crafted from premium silk for women. Features a clean tailored silhouette with subtle contemporary accents. Ideal for ethnic occasions. Styled in a minimalist aesthetic, offering both all-day comfort and trend-forward appeal."
SKU-FOO-2756,Mango White Women's Leather Boots,footwear,Boots,Mango,Women,6799,4.7,Beach;Casual,Classic,White,Leather,"Mango white boots crafted from premium leather for women. Features a timeless quintessential design crafted for versatile everyday elegance. Ideal for beach, casual occasions. Styled in a classic aesthetic, offering both all-day comfort and trend-forward appeal."
SKU-BOT-1708,VERO MODA Lavender Women's Linen Chinos,bottomwear,Chinos,VERO MODA,Women,1199,4.8,Ethnic;Formal,Minimalist,Lavender,Linen,"VERO MODA lavender chinos crafted from premium linen for women. Features a clean tailored silhouette with subtle contemporary accents. Ideal for ethnic, formal occasions. Styled in a minimalist aesthetic, offering both all-day comfort and trend-forward appeal."
SKU-TOP-1094,Lavie Sport Mint Green Unisex Cotton T-Shirts,topwear,T-Shirts,Lavie Sport,Unisex,1299,4.1,Beach,Vibrant,Mint Green,Cotton,"Lavie Sport mint green t-shirts crafted from premium cotton for all genders. Features a eye-catching high-energy color palette suited for expressive moods. Ideal for beach occasions. Styled in a vibrant aesthetic, offering both all-day comfort and trend-forward appeal."
SKU-TOP-1057,Anouk Burgundy Women's Cotton Shirts,topwear,Shirts,Anouk,Women,899,3.9,Party,Pastel,Burgundy,Cotton,"Anouk burgundy shirts crafted from premium cotton for women. Features a soft muted hues providing a calm, breezy and sophisticated aesthetic. Ideal for party occasions. Styled in a pastel aesthetic, offering both all-day comfort and trend-forward appeal."
SKU-TOP-1219,Tokyo Talkies Tan Brown Women's Linen Shirts,topwear,Shirts,Tokyo Talkies,Women,1449,4.0,Gym;Beach,Streetwear,Tan Brown,Linen,"Tokyo Talkies tan brown shirts crafted from premium linen for women. Features a urban relaxed drape engineered with durable modern textures. Ideal for gym, beach occasions. Styled in a streetwear aesthetic, offering both all-day comfort and trend-forward appeal."
SKU-BOT-2037,Puma Mustard Yellow Men's Linen Chinos,bottomwear,Chinos,Puma,Men,1949,3.8,Party;Casual,Minimalist;Classic,Mustard Yellow,Linen,"Puma mustard yellow chinos crafted from premium linen for men. Features a clean tailored silhouette with subtle contemporary accents. Ideal for party, casual occasions. Styled in a minimalist aesthetic, offering both all-day comfort and trend-forward appeal."
SKU-FOO-2294,Puma Navy Blue Women's Leather Heels,footwear,Heels,Puma,Women,1999,4.5,Ethnic,Minimalist;Streetwear,Navy Blue,Leather,"Puma navy blue heels crafted from premium leather for women. Features a clean tailored silhouette with subtle contemporary accents. Ideal for ethnic occasions. Styled in a minimalist aesthetic, offering both all-day comfort and trend-forward appeal."
SKU-ACC-2953,Converse Lavender Unisex Polyester Bags,accessories,Bags,Converse,Unisex,1199,3.9,Formal;Beach,Vibrant;Minimalist,Lavender,Polyester,"Converse lavender bags crafted from premium polyester for all genders. Features a eye-catching high-energy color palette suited for expressive moods. Ideal for formal, beach occasions. Styled in a vibrant aesthetic, offering both all-day comfort and trend-forward appeal."
SKU-FOO-2450,HRX by Hrithik Roshan White Men's Polyester Loafers,footwear,Loafers,HRX by Hrithik Roshan,Men,4499,4.2,Formal,Classic,White,Polyester,"HRX by Hrithik Roshan white loafers crafted from premium polyester for men. Features a timeless quintessential design crafted for versatile everyday elegance. Ideal for formal occasions. Styled in a classic aesthetic, offering both all-day comfort and trend-forward appeal."
SKU-ACC-3360,VERO MODA Pastel Pink Women's Polyester Sunglasses,accessories,Sunglasses,VERO MODA,Women,2949,4.3,Party;Formal,Classic,Pastel Pink,Polyester,"VERO MODA pastel pink sunglasses crafted from premium polyester for women. Features a timeless quintessential design crafted for versatile everyday elegance. Ideal for party, formal occasions. Styled in a classic aesthetic, offering both all-day comfort and trend-forward appeal."
SKU-FOO-2466,Nike Beige Men's Leather Boots,footwear,Boots,Nike,Men,7599,4.4,Beach,Classic;Minimalist,Beige,Leather,"Nike beige boots crafted from premium leather for men. Features a timeless quintessential design crafted for versatile everyday elegance. Ideal for beach occasions. Styled in a classic aesthetic, offering both all-day comfort and trend-forward appeal."
SKU-TOP-1299,Roadster Sky Blue Men's Polyester T-Shirts,topwear,T-Shirts,Roadster,Men,1399,4.5,Beach;Gym,Classic,Sky Blue,Polyester,"Roadster sky blue t-shirts crafted from premium polyester for men. Features a timeless quintessential design crafted for versatile everyday elegance. Ideal for beach, gym occasions. Styled in a classic aesthetic, offering both all-day comfort and trend-forward appeal."
SKU-ACC-3178,WROGN Cream Men's Leather Belts,accessories,Belts,WROGN,Men,599,4.3,Gym;Ethnic,Minimalist,Cream,Leather,"WROGN cream belts crafted from premium leather for men. Features a clean tailored silhouette with subtle contemporary accents. Ideal for gym, ethnic occasions. Styled in a minimalist aesthetic, offering both all-day comfort and trend-forward appeal."
SKU-TOP-1179,Anouk Terracotta Women's Cotton Crop Tops,topwear,Crop Tops,Anouk,Women,699,4.1,Party,Pastel,Terracotta,Cotton,"Anouk terracotta crop tops crafted from premium cotton for women. Features a soft muted hues providing a calm, breezy and sophisticated aesthetic. Ideal for party occasions. Styled in a pastel aesthetic, offering both all-day comfort and trend-forward appeal."
SKU-BOT-2188,Puma Terracotta Women's Polyester Skirts,bottomwear,Skirts,Puma,Women,749,4.1,Beach,Pastel;Classic,Terracotta,Polyester,"Puma terracotta skirts crafted from premium polyester for women. Features a soft muted hues providing a calm, breezy and sophisticated aesthetic. Ideal for beach occasions. Styled in a pastel aesthetic, offering both all-day comfort and trend-forward appeal."
SKU-FOO-2473,Fossil Cream Women's Leather Heels,footwear,Heels,Fossil,Women,5099,4.2,Beach;Party,Pastel,Cream,Leather,"Fossil cream heels crafted from premium leather for women. Features a soft muted hues providing a calm, breezy and sophisticated aesthetic. Ideal for beach, party occasions. Styled in a pastel aesthetic, offering both all-day comfort and trend-forward appeal."
SKU-TOP-1189,Fossil Cream Women's Silk Kurtas,topwear,Kurtas,Fossil,Women,2999,3.9,Casual,Pastel,Cream,Silk,"Fossil cream kurtas crafted from premium silk for women. Features a soft muted hues providing a calm, breezy and sophisticated aesthetic. Ideal for casual occasions. Styled in a pastel aesthetic, offering both all-day comfort and trend-forward appeal."
SKU-TOP-1573,DressBerry Cream Women's Cotton Kurtas,topwear,Kurtas,DressBerry,Women,2299,4.3,Party,Pastel,Cream,Cotton,"DressBerry cream kurtas crafted from premium cotton for women. Features a soft muted hues providing a calm, breezy and sophisticated aesthetic. Ideal for party occasions. Styled in a pastel aesthetic, offering both all-day comfort and trend-forward appeal."
SKU-TOP-1434,Mango Maroon Women's Linen Blazers,topwear,Blazers,Mango,Women,8049,4.5,Beach;Gym,Pastel,Maroon,Linen,"Mango maroon blazers crafted from premium linen for women. Features a soft muted hues providing a calm, breezy and sophisticated aesthetic. Ideal for beach, gym occasions. Styled in a pastel aesthetic, offering both all-day comfort and trend-forward appeal."
SKU-TOP-1519,ONLY Burgundy Women's Polyester Blazers,topwear,Blazers,ONLY,Women,5749,4.2,Casual,Classic;Minimalist,Burgundy,Polyester,"ONLY burgundy blazers crafted from premium polyester for women. Features a timeless quintessential design crafted for versatile everyday elegance. Ideal for casual occasions. Styled in a classic aesthetic, offering both all-day comfort and trend-forward appeal."
SKU-ACC-3347,Bata Black Women's Polyester Earrings,accessories,Earrings,Bata,Women,1399,4.0,Party;Gym,Minimalist,Black,Polyester,"Bata black earrings crafted from premium polyester for women. Features a clean tailored silhouette with subtle contemporary accents. Ideal for party, gym occasions. Styled in a minimalist aesthetic, offering both all-day comfort and trend-forward appeal."
SKU-ACC-3272,Converse Mustard Yellow Unisex Polyester Watches,accessories,Watches,Converse,Unisex,6599,4.0,Beach;Party,Streetwear,Mustard Yellow,Polyester,"Converse mustard yellow watches crafted from premium polyester for all genders. Features a urban relaxed drape engineered with durable modern textures. Ideal for beach, party occasions. Styled in a streetwear aesthetic, offering both all-day comfort and trend-forward appeal."
SKU-BOT-2085,Peter England Tan Brown Men's Denim Jeans,bottomwear,Jeans,Peter England,Men,2749,4.3,Casual,Vibrant,Tan Brown,Denim,"Peter England tan brown jeans crafted from premium denim for men. Features a eye-catching high-energy color palette suited for expressive moods. Ideal for casual occasions. Styled in a vibrant aesthetic, offering both all-day comfort and trend-forward appeal."
SKU-FOO-2289,Fossil Lavender Women's Leather Loafers,footwear,Loafers,Fossil,Women,2999,3.8,Ethnic,Pastel,Lavender,Leather,"Fossil lavender loafers crafted from premium leather for women. Features a soft muted hues providing a calm, breezy and sophisticated aesthetic. Ideal for ethnic occasions. Styled in a pastel aesthetic, offering both all-day comfort and trend-forward appeal."
SKU-BOT-2124,HRX by Hrithik Roshan White Men's Cotton Trousers,bottomwear,Trousers,HRX by Hrithik Roshan,Men,2699,3.8,Casual,Classic,White,Cotton,"HRX by Hrithik Roshan white trousers crafted from premium cotton for men. Features a timeless quintessential design crafted for versatile everyday elegance. Ideal for casual occasions. Styled in a classic aesthetic, offering both all-day comfort and trend-forward appeal."
SKU-FOO-2342,Mango Cream Women's Cotton Flats,footwear,Flats,Mango,Women,1199,4.2,Party;Formal,Pastel;Minimalist,Cream,Cotton,"Mango cream flats crafted from premium cotton for women. Features a soft muted hues providing a calm, breezy and sophisticated aesthetic. Ideal for party, formal occasions. Styled in a pastel aesthetic, offering both all-day comfort and trend-forward appeal."
SKU-ACC-3257,Tokyo Talkies Maroon Women's Polyester Sunglasses,accessories,Sunglasses,Tokyo Talkies,Women,1299,4.5,Beach,Minimalist;Classic,Maroon,Polyester,"Tokyo Talkies maroon sunglasses crafted from premium polyester for women. Features a clean tailored silhouette with subtle contemporary accents. Ideal for beach occasions. Styled in a minimalist aesthetic, offering both all-day comfort and trend-forward appeal."
SKU-FOO-2491,Tokyo Talkies Terracotta Women's Leather Heels,footwear,Heels,Tokyo Talkies,Women,3699,4.0,Casual;Formal,Pastel,Terracotta,Leather,"Tokyo Talkies terracotta heels crafted from premium leather for women. Features a soft muted hues providing a calm, breezy and sophisticated aesthetic. Ideal for casual, formal occasions. Styled in a pastel aesthetic, offering both all-day comfort and trend-forward appeal."
SKU-TOP-1044,Puma Tan Brown Women's Linen Kurtas,topwear,Kurtas,Puma,Women,1299,4.1,Gym,Vibrant;Pastel,Tan Brown,Linen,"Puma tan brown kurtas crafted from premium linen for women. Features a eye-catching high-energy color palette suited for expressive moods. Ideal for gym occasions. Styled in a vibrant aesthetic, offering both all-day comfort and trend-forward appeal."
SKU-ACC-2879,Tommy Hilfiger Lavender Men's Polyester Sunglasses,accessories,Sunglasses,Tommy Hilfiger,Men,1899,3.6,Gym;Ethnic,Classic,Lavender,Polyester,"Tommy Hilfiger lavender sunglasses crafted from premium polyester for men. Features a timeless quintessential design crafted for versatile everyday elegance. Ideal for gym, ethnic occasions. Styled in a classic aesthetic, offering both all-day comfort and trend-forward appeal."
SKU-TOP-1451,Bata Beige Women's Silk Shirts,topwear,Shirts,Bata,Women,2899,4.2,Gym;Beach,Pastel,Beige,Silk,"Bata beige shirts crafted from premium silk for women. Features a soft muted hues providing a calm, breezy and sophisticated aesthetic. Ideal for gym, beach occasions. Styled in a pastel aesthetic, offering both all-day comfort and trend-forward appeal."
SKU-ACC-3046,Bata Terracotta Women's Silk Earrings,accessories,Earrings,Bata,Women,1299,4.6,Formal;Ethnic,Minimalist;Streetwear,Terracotta,Silk,"Bata terracotta earrings crafted from premium silk for women. Features a clean tailored silhouette with subtle contemporary accents. Ideal for formal, ethnic occasions. Styled in a minimalist aesthetic, offering both all-day comfort and trend-forward appeal."
SKU-TOP-1045,Mango Tan Brown Women's Silk Blouses,topwear,Blouses,Mango,Women,1499,3.7,Ethnic;Party,Streetwear,Tan Brown,Silk,"Mango tan brown blouses crafted from premium silk for women. Features a urban relaxed drape engineered with durable modern textures. Ideal for ethnic, party occasions. Styled in a streetwear aesthetic, offering both all-day comfort and trend-forward appeal."
SKU-FOO-2284,ONLY Beige Women's Polyester Sneakers,footwear,Sneakers,ONLY,Women,3549,4.5,Gym,Pastel,Beige,Polyester,"ONLY beige sneakers crafted from premium polyester for women. Features a soft muted hues providing a calm, breezy and sophisticated aesthetic. Ideal for gym occasions. Styled in a pastel aesthetic, offering both all-day comfort and trend-forward appeal."
SKU-ACC-2968,VERO MODA Charcoal Grey Women's Polyester Sunglasses,accessories,Sunglasses,VERO MODA,Women,2799,4.1,Party;Beach,Minimalist,Charcoal Grey,Polyester,"VERO MODA charcoal grey sunglasses crafted from premium polyester for women. Features a clean tailored silhouette with subtle contemporary accents. Ideal for party, beach occasions. Styled in a minimalist aesthetic, offering both all-day comfort and trend-forward appeal."
SKU-ACC-3091,Puma Black Unisex Polyester Sunglasses,accessories,Sunglasses,Puma,Unisex,949,4.3,Ethnic,Pastel,Black,Polyester,"Puma black sunglasses crafted from premium polyester for all genders. Features a soft muted hues providing a calm, breezy and sophisticated aesthetic. Ideal for ethnic occasions. Styled in a pastel aesthetic, offering both all-day comfort and trend-forward appeal."
SKU-TOP-1255,Fossil Lavender Women's Polyester Blazers,topwear,Blazers,Fossil,Women,3399,3.7,Casual,Pastel;Streetwear,Lavender,Polyester,"Fossil lavender blazers crafted from premium polyester for women. Features a soft muted hues providing a calm, breezy and sophisticated aesthetic. Ideal for casual occasions. Styled in a pastel aesthetic, offering both all-day comfort and trend-forward appeal."
SKU-ACC-2946,Puma Mustard Yellow Women's Polyester Sunglasses,accessories,Sunglasses,Puma,Women,1399,4.1,Beach,Classic,Mustard Yellow,Polyester,"Puma mustard yellow sunglasses crafted from premium polyester for women. Features a timeless quintessential design crafted for versatile everyday elegance. Ideal for beach occasions. Styled in a classic aesthetic, offering both all-day comfort and trend-forward appeal."
SKU-FOO-2875,WROGN Olive Green Men's Leather Boots,footwear,Boots,WROGN,Men,2699,4.7,Ethnic,Minimalist;Classic,Olive Green,Leather,"WROGN olive green boots crafted from premium leather for men. Features a clean tailored silhouette with subtle contemporary accents. Ideal for ethnic occasions. Styled in a minimalist aesthetic, offering both all-day comfort and trend-forward appeal."
SKU-FOO-2863,Puma Maroon Unisex Leather Sneakers,footwear,Sneakers,Puma,Unisex,4899,4.5,Ethnic,Minimalist,Maroon,Leather,"Puma maroon sneakers crafted from premium leather for all genders. Features a clean tailored silhouette with subtle contemporary accents. Ideal for ethnic occasions. Styled in a minimalist aesthetic, offering both all-day comfort and trend-forward appeal."
SKU-TOP-1565,Fossil Tan Brown Unisex Cotton T-Shirts,topwear,T-Shirts,Fossil,Unisex,399,4.6,Beach,Minimalist,Tan Brown,Cotton,"Fossil tan brown t-shirts crafted from premium cotton for all genders. Features a clean tailored silhouette with subtle contemporary accents. Ideal for beach occasions. Styled in a minimalist aesthetic, offering both all-day comfort and trend-forward appeal."
SKU-TOP-1213,WROGN Beige Men's Silk Kurtas,topwear,Kurtas,WROGN,Men,1449,4.5,Ethnic,Classic,Beige,Silk,"WROGN beige kurtas crafted from premium silk for men. Features a timeless quintessential design crafted for versatile everyday elegance. Ideal for ethnic occasions. Styled in a classic aesthetic, offering both all-day comfort and trend-forward appeal."
SKU-BOT-1867,Carlton London White Women's Polyester Palazzos,bottomwear,Palazzos,Carlton London,Women,1649,4.3,Gym;Casual,Pastel,White,Polyester,"Carlton London white palazzos crafted from premium polyester for women. Features a soft muted hues providing a calm, breezy and sophisticated aesthetic. Ideal for gym, casual occasions. Styled in a pastel aesthetic, offering both all-day comfort and trend-forward appeal."
SKU-BOT-1743,Tommy Hilfiger Navy Blue Men's Cotton Trousers,bottomwear,Trousers,Tommy Hilfiger,Men,2049,4.0,Formal,Pastel;Vibrant,Navy Blue,Cotton,"Tommy Hilfiger navy blue trousers crafted from premium cotton for men. Features a soft muted hues providing a calm, breezy and sophisticated aesthetic. Ideal for formal occasions. Styled in a pastel aesthetic, offering both all-day comfort and trend-forward appeal."
SKU-FOO-2252,Mango Burgundy Women's Leather Flats,footwear,Flats,Mango,Women,2299,4.5,Party,Pastel,Burgundy,Leather,"Mango burgundy flats crafted from premium leather for women. Features a soft muted hues providing a calm, breezy and sophisticated aesthetic. Ideal for party occasions. Styled in a pastel aesthetic, offering both all-day comfort and trend-forward appeal."
SKU-BOT-2048,Puma Charcoal Grey Men's Polyester Trousers,bottomwear,Trousers,Puma,Men,2599,3.6,Gym,Classic;Pastel,Charcoal Grey,Polyester,"Puma charcoal grey trousers crafted from premium polyester for men. Features a timeless quintessential design crafted for versatile everyday elegance. Ideal for gym occasions. Styled in a classic aesthetic, offering both all-day comfort and trend-forward appeal."
SKU-FOO-2737,Peter England Navy Blue Men's Leather Boots,footwear,Boots,Peter England,Men,2349,3.8,Gym,Streetwear;Classic,Navy Blue,Leather,"Peter England navy blue boots crafted from premium leather for men. Features a urban relaxed drape engineered with durable modern textures. Ideal for gym occasions. Styled in a streetwear aesthetic, offering both all-day comfort and trend-forward appeal."
SKU-BOT-2018,HRX by Hrithik Roshan Beige Men's Cotton Chinos,bottomwear,Chinos,HRX by Hrithik Roshan,Men,1999,4.0,Party,Streetwear;Classic,Beige,Cotton,"HRX by Hrithik Roshan beige chinos crafted from premium cotton for men. Features a urban relaxed drape engineered with durable modern textures. Ideal for party occasions. Styled in a streetwear aesthetic, offering both all-day comfort and trend-forward appeal."
SKU-TOP-1171,Fossil White Women's Linen Kurtas,topwear,Kurtas,Fossil,Women,1449,3.9,Party;Gym,Minimalist,White,Linen,"Fossil white kurtas crafted from premium linen for women. Features a clean tailored silhouette with subtle contemporary accents. Ideal for party, gym occasions. Styled in a minimalist aesthetic, offering both all-day comfort and trend-forward appeal."
SKU-ACC-3097,Louis Philippe Navy Blue Men's Polyester Belts,accessories,Belts,Louis Philippe,Men,1849,4.4,Ethnic;Beach,Streetwear,Navy Blue,Polyester,"Louis Philippe navy blue belts crafted from premium polyester for men. Features a urban relaxed drape engineered with durable modern textures. Ideal for ethnic, beach occasions. Styled in a streetwear aesthetic, offering both all-day comfort and trend-forward appeal."
SKU-ACC-3488,HIGHLANDER Olive Green Men's Polyester Belts,accessories,Belts,HIGHLANDER,Men,1349,4.2,Gym,Streetwear,Olive Green,Polyester,"HIGHLANDER olive green belts crafted from premium polyester for men. Features a urban relaxed drape engineered with durable modern textures. Ideal for gym occasions. Styled in a streetwear aesthetic, offering both all-day comfort and trend-forward appeal."
SKU-ACC-3218,Fastrack Pastel Pink Unisex Leather Bags,accessories,Bags,Fastrack,Unisex,2299,4.2,Ethnic;Gym,Pastel,Pastel Pink,Leather,"Fastrack pastel pink bags crafted from premium leather for all genders. Features a soft muted hues providing a calm, breezy and sophisticated aesthetic. Ideal for ethnic, gym occasions. Styled in a pastel aesthetic, offering both all-day comfort and trend-forward appeal."
SKU-FOO-2798,Fossil Olive Green Women's Polyester Heels,footwear,Heels,Fossil,Women,3699,3.9,Formal;Party,Classic,Olive Green,Polyester,"Fossil olive green heels crafted from premium polyester for women. Features a timeless quintessential design crafted for versatile everyday elegance. Ideal for formal, party occasions. Styled in a classic aesthetic, offering both all-day comfort and trend-forward appeal."
SKU-TOP-1545,Fossil Mustard Yellow Women's Cotton Crop Tops,topwear,Crop Tops,Fossil,Women,499,3.3,Gym,Vibrant;Streetwear,Mustard Yellow,Cotton,"Fossil mustard yellow crop tops crafted from premium cotton for women. Features a eye-catching high-energy color palette suited for expressive moods. Ideal for gym occasions. Styled in a vibrant aesthetic, offering both all-day comfort and trend-forward appeal."
SKU-BOT-2222,Anouk Maroon Women's Cotton Jeans,bottomwear,Jeans,Anouk,Women,2599,4.3,Casual,Vibrant,Maroon,Cotton,"Anouk maroon jeans crafted from premium cotton for women. Features a eye-catching high-energy color palette suited for expressive moods. Ideal for casual occasions. Styled in a vibrant aesthetic, offering both all-day comfort and trend-forward appeal."
SKU-TOP-1464,ONLY Charcoal Grey Women's Cotton Crop Tops,topwear,Crop Tops,ONLY,Women,1699,4.3,Beach;Gym,Pastel,Charcoal Grey,Cotton,"ONLY charcoal grey crop tops crafted from premium cotton for women. Features a soft muted hues providing a calm, breezy and sophisticated aesthetic. Ideal for beach, gym occasions. Styled in a pastel aesthetic, offering both all-day comfort and trend-forward appeal."
SKU-BOT-1989,Carlton London Terracotta Women's Linen Chinos,bottomwear,Chinos,Carlton London,Women,2599,4.1,Gym;Party,Vibrant,Terracotta,Linen,"Carlton London terracotta chinos crafted from premium linen for women. Features a eye-catching high-energy color palette suited for expressive moods. Ideal for gym, party occasions. Styled in a vibrant aesthetic, offering both all-day comfort and trend-forward appeal."
SKU-FOO-2322,Louis Philippe Lavender Men's Leather Boots,footwear,Boots,Louis Philippe,Men,7449,4.4,Casual,Pastel,Lavender,Leather,"Louis Philippe lavender boots crafted from premium leather for men. Features a soft muted hues providing a calm, breezy and sophisticated aesthetic. Ideal for casual occasions. Styled in a pastel aesthetic, offering both all-day comfort and trend-forward appeal."
SKU-TOP-1603,Fossil Pastel Pink Women's Silk Shirts,topwear,Shirts,Fossil,Women,899,4.5,Party;Ethnic,Streetwear,Pastel Pink,Silk,"Fossil pastel pink shirts crafted from premium silk for women. Features a urban relaxed drape engineered with durable modern textures. Ideal for party, ethnic occasions. Styled in a streetwear aesthetic, offering both all-day comfort and trend-forward appeal."
SKU-FOO-2337,Puma White Women's Cotton Flats,footwear,Flats,Puma,Women,1799,4.0,Beach;Ethnic,Minimalist;Streetwear,White,Cotton,"Puma white flats crafted from premium cotton for women. Features a clean tailored silhouette with subtle contemporary accents. Ideal for beach, ethnic occasions. Styled in a minimalist aesthetic, offering both all-day comfort and trend-forward appeal."
SKU-ACC-3340,Anouk Sky Blue Women's Polyester Earrings,accessories,Earrings,Anouk,Women,699,4.0,Party;Casual,Streetwear;Pastel,Sky Blue,Polyester,"Anouk sky blue earrings crafted from premium polyester for women. Features a urban relaxed drape engineered with durable modern textures. Ideal for party, casual occasions. Styled in a streetwear aesthetic, offering both all-day comfort and trend-forward appeal."
SKU-FOO-2261,VERO MODA Olive Green Women's Leather Boots,footwear,Boots,VERO MODA,Women,3099,4.4,Ethnic;Casual,Pastel;Streetwear,Olive Green,Leather,"VERO MODA olive green boots crafted from premium leather for women. Features a soft muted hues providing a calm, breezy and sophisticated aesthetic. Ideal for ethnic, casual occasions. Styled in a pastel aesthetic, offering both all-day comfort and trend-forward appeal."
SKU-ACC-3115,Puma Terracotta Men's Polyester Sunglasses,accessories,Sunglasses,Puma,Men,1249,4.5,Beach,Pastel,Terracotta,Polyester,"Puma terracotta sunglasses crafted from premium polyester for men. Features a soft muted hues providing a calm, breezy and sophisticated aesthetic. Ideal for beach occasions. Styled in a pastel aesthetic, offering both all-day comfort and trend-forward appeal."
SKU-BOT-1808,Fossil Mint Green Men's Linen Chinos,bottomwear,Chinos,Fossil,Men,1749,4.0,Ethnic,Vibrant,Mint Green,Linen,"Fossil mint green chinos crafted from premium linen for men. Features a eye-catching high-energy color palette suited for expressive moods. Ideal for ethnic occasions. Styled in a vibrant aesthetic, offering both all-day comfort and trend-forward appeal."
SKU-BOT-1887,Carlton London Sky Blue Women's Silk Palazzos,bottomwear,Palazzos,Carlton London,Women,1399,4.4,Party;Beach,Classic,Sky Blue,Silk,"Carlton London sky blue palazzos crafted from premium silk for women. Features a timeless quintessential design crafted for versatile everyday elegance. Ideal for party, beach occasions. Styled in a classic aesthetic, offering both all-day comfort and trend-forward appeal."
SKU-FOO-2583,Titan Tan Brown Men's Polyester Boots,footwear,Boots,Titan,Men,2699,3.8,Casual;Party,Streetwear;Minimalist,Tan Brown,Polyester,"Titan tan brown boots crafted from premium polyester for men. Features a urban relaxed drape engineered with durable modern textures. Ideal for casual, party occasions. Styled in a streetwear aesthetic, offering both all-day comfort and trend-forward appeal."
SKU-FOO-2615,Puma Mint Green Women's Polyester Loafers,footwear,Loafers,Puma,Women,1849,4.1,Ethnic;Gym,Vibrant,Mint Green,Polyester,"Puma mint green loafers crafted from premium polyester for women. Features a eye-catching high-energy color palette suited for expressive moods. Ideal for ethnic, gym occasions. Styled in a vibrant aesthetic, offering both all-day comfort and trend-forward appeal."
SKU-FOO-2838,Roadster Navy Blue Men's Polyester Loafers,footwear,Loafers,Roadster,Men,3099,4.2,Casual,Minimalist,Navy Blue,Polyester,"Roadster navy blue loafers crafted from premium polyester for men. Features a clean tailored silhouette with subtle contemporary accents. Ideal for casual occasions. Styled in a minimalist aesthetic, offering both all-day comfort and trend-forward appeal."
SKU-FOO-2874,Puma Mint Green Men's Polyester Boots,footwear,Boots,Puma,Men,2799,4.5,Gym,Minimalist,Mint Green,Polyester,"Puma mint green boots crafted from premium polyester for men. Features a clean tailored silhouette with subtle contemporary accents. Ideal for gym occasions. Styled in a minimalist aesthetic, offering both all-day comfort and trend-forward appeal."
SKU-TOP-1283,Carlton London Beige Women's Cotton Blazers,topwear,Blazers,Carlton London,Women,7699,4.8,Beach,Minimalist,Beige,Cotton,"Carlton London beige blazers crafted from premium cotton for women. Features a clean tailored silhouette with subtle contemporary accents. Ideal for beach occasions. Styled in a minimalist aesthetic, offering both all-day comfort and trend-forward appeal."
SKU-TOP-1211,Fossil Black Women's Silk Kurtas,topwear,Kurtas,Fossil,Women,3499,4.4,Formal,Minimalist,Black,Silk,"Fossil black kurtas crafted from premium silk for women. Features a clean tailored silhouette with subtle contemporary accents. Ideal for formal occasions. Styled in a minimalist aesthetic, offering both all-day comfort and trend-forward appeal."
SKU-TOP-1112,VERO MODA Olive Green Women's Polyester Blouses,topwear,Blouses,VERO MODA,Women,1849,4.2,Party,Pastel,Olive Green,Polyester,"VERO MODA olive green blouses crafted from premium polyester for women. Features a soft muted hues providing a calm, breezy and sophisticated aesthetic. Ideal for party occasions. Styled in a pastel aesthetic, offering both all-day comfort and trend-forward appeal."
SKU-ACC-2921,Ray-Ban White Unisex Polyester Watches,accessories,Watches,Ray-Ban,Unisex,6349,3.5,Ethnic;Casual,Streetwear;Vibrant,White,Polyester,"Ray-Ban white watches crafted from premium polyester for all genders. Features a urban relaxed drape engineered with durable modern textures. Ideal for ethnic, casual occasions. Styled in a streetwear aesthetic, offering both all-day comfort and trend-forward appeal."
SKU-ACC-3166,Mast & Harbour Mint Green Men's Leather Belts,accessories,Belts,Mast & Harbour,Men,1949,3.8,Beach;Formal,Minimalist,Mint Green,Leather,"Mast & Harbour mint green belts crafted from premium leather for men. Features a clean tailored silhouette with subtle contemporary accents. Ideal for beach, formal occasions. Styled in a minimalist aesthetic, offering both all-day comfort and trend-forward appeal."
SKU-TOP-1458,Puma Sky Blue Men's Linen Shirts,topwear,Shirts,Puma,Men,2949,3.8,Gym;Casual,Minimalist,Sky Blue,Linen,"Puma sky blue shirts crafted from premium linen for men. Features a clean tailored silhouette with subtle contemporary accents. Ideal for gym, casual occasions. Styled in a minimalist aesthetic, offering both all-day comfort and trend-forward appeal."
SKU-BOT-1820,Sangria Mint Green Women's Denim Jeans,bottomwear,Jeans,Sangria,Women,4349,4.6,Formal,Classic;Streetwear,Mint Green,Denim,"Sangria mint green jeans crafted from premium denim for women. Features a timeless quintessential design crafted for versatile everyday elegance. Ideal for formal occasions. Styled in a classic aesthetic, offering both all-day comfort and trend-forward appeal."
SKU-ACC-3185,HRX by Hrithik Roshan Terracotta Men's Leather Bags,accessories,Bags,HRX by Hrithik Roshan,Men,4299,3.4,Gym,Classic,Terracotta,Leather,"HRX by Hrithik Roshan terracotta bags crafted from premium leather for men. Features a timeless quintessential design crafted for versatile everyday elegance. Ideal for gym occasions. Styled in a classic aesthetic, offering both all-day comfort and trend-forward appeal."
SKU-FOO-2656,Louis Philippe Olive Green Men's Polyester Boots,footwear,Boots,Louis Philippe,Men,7049,4.1,Beach;Ethnic,Vibrant,Olive Green,Polyester,"Louis Philippe olive green boots crafted from premium polyester for men. Features a eye-catching high-energy color palette suited for expressive moods. Ideal for beach, ethnic occasions. Styled in a vibrant aesthetic, offering both all-day comfort and trend-forward appeal."
SKU-TOP-1253,Nike Pastel Pink Men's Cotton Blazers,topwear,Blazers,Nike,Men,5599,4.9,Party,Streetwear,Pastel Pink,Cotton,"Nike pastel pink blazers crafted from premium cotton for men. Features a urban relaxed drape engineered with durable modern textures. Ideal for party occasions. Styled in a streetwear aesthetic, offering both all-day comfort and trend-forward appeal."
SKU-TOP-1252,Tommy Hilfiger Navy Blue Men's Silk Shirts,topwear,Shirts,Tommy Hilfiger,Men,2049,4.5,Casual;Party,Minimalist,Navy Blue,Silk,"Tommy Hilfiger navy blue shirts crafted from premium silk for men. Features a clean tailored silhouette with subtle contemporary accents. Ideal for casual, party occasions. Styled in a minimalist aesthetic, offering both all-day comfort and trend-forward appeal."
SKU-FOO-2540,Fossil Mustard Yellow Women's Leather Boots,footwear,Boots,Fossil,Women,2099,3.2,Party,Classic,Mustard Yellow,Leather,"Fossil mustard yellow boots crafted from premium leather for women. Features a timeless quintessential design crafted for versatile everyday elegance. Ideal for party occasions. Styled in a classic aesthetic, offering both all-day comfort and trend-forward appeal."
SKU-ACC-3130,Peter England Charcoal Grey Men's Polyester Belts,accessories,Belts,Peter England,Men,899,4.5,Formal,Pastel;Classic,Charcoal Grey,Polyester,"Peter England charcoal grey belts crafted from premium polyester for men. Features a soft muted hues providing a calm, breezy and sophisticated aesthetic. Ideal for formal occasions. Styled in a pastel aesthetic, offering both all-day comfort and trend-forward appeal."
SKU-ACC-2927,Fossil Cream Women's Polyester Belts,accessories,Belts,Fossil,Women,1199,3.3,Gym,Classic,Cream,Polyester,"Fossil cream belts crafted from premium polyester for women. Features a timeless quintessential design crafted for versatile everyday elegance. Ideal for gym occasions. Styled in a classic aesthetic, offering both all-day comfort and trend-forward appeal."
SKU-BOT-2019,Bata Charcoal Grey Women's Cotton Palazzos,bottomwear,Palazzos,Bata,Women,699,4.1,Beach,Pastel,Charcoal Grey,Cotton,"Bata charcoal grey palazzos crafted from premium cotton for women. Features a soft muted hues providing a calm, breezy and sophisticated aesthetic. Ideal for beach occasions. Styled in a pastel aesthetic, offering both all-day comfort and trend-forward appeal."
SKU-TOP-1423,Titan Beige Men's Linen Blazers,topwear,Blazers,Titan,Men,6249,4.1,Casual;Gym,Vibrant,Beige,Linen,"Titan beige blazers crafted from premium linen for men. Features a eye-catching high-energy color palette suited for expressive moods. Ideal for casual, gym occasions. Styled in a vibrant aesthetic, offering both all-day comfort and trend-forward appeal."
SKU-BOT-2176,Roadster Olive Green Men's Cotton Jeans,bottomwear,Jeans,Roadster,Men,4249,4.1,Formal,Minimalist,Olive Green,Cotton,"Roadster olive green jeans crafted from premium cotton for men. Features a clean tailored silhouette with subtle contemporary accents. Ideal for formal occasions. Styled in a minimalist aesthetic, offering both all-day comfort and trend-forward appeal."
SKU-TOP-1621,Tokyo Talkies Sky Blue Women's Polyester Crop Tops,topwear,Crop Tops,Tokyo Talkies,Women,699,3.9,Party,Pastel,Sky Blue,Polyester,"Tokyo Talkies sky blue crop tops crafted from premium polyester for women. Features a soft muted hues providing a calm, breezy and sophisticated aesthetic. Ideal for party occasions. Styled in a pastel aesthetic, offering both all-day comfort and trend-forward appeal."
SKU-TOP-1174,Sangria Olive Green Women's Cotton Kurtas,topwear,Kurtas,Sangria,Women,1099,4.3,Gym,Minimalist,Olive Green,Cotton,"Sangria olive green kurtas crafted from premium cotton for women. Features a clean tailored silhouette with subtle contemporary accents. Ideal for gym occasions. Styled in a minimalist aesthetic, offering both all-day comfort and trend-forward appeal."
SKU-TOP-1487,Fossil Beige Women's Cotton Shirts,topwear,Shirts,Fossil,Women,2299,4.0,Formal,Streetwear;Vibrant,Beige,Cotton,"Fossil beige shirts crafted from premium cotton for women. Features a urban relaxed drape engineered with durable modern textures. Ideal for formal occasions. Styled in a streetwear aesthetic, offering both all-day comfort and trend-forward appeal."
SKU-ACC-2986,Bata Cream Women's Silk Earrings,accessories,Earrings,Bata,Women,1549,4.4,Casual;Ethnic,Minimalist,Cream,Silk,"Bata cream earrings crafted from premium silk for women. Features a clean tailored silhouette with subtle contemporary accents. Ideal for casual, ethnic occasions. Styled in a minimalist aesthetic, offering both all-day comfort and trend-forward appeal."
SKU-BOT-2081,Bata Burgundy Women's Denim Jeans,bottomwear,Jeans,Bata,Women,2099,4.1,Party;Gym,Streetwear,Burgundy,Denim,"Bata burgundy jeans crafted from premium denim for women. Features a urban relaxed drape engineered with durable modern textures. Ideal for party, gym occasions. Styled in a streetwear aesthetic, offering both all-day comfort and trend-forward appeal."
SKU-BOT-2118,WROGN Cream Men's Cotton Chinos,bottomwear,Chinos,WROGN,Men,3199,4.2,Gym;Casual,Minimalist,Cream,Cotton,"WROGN cream chinos crafted from premium cotton for men. Features a clean tailored silhouette with subtle contemporary accents. Ideal for gym, casual occasions. Styled in a minimalist aesthetic, offering both all-day comfort and trend-forward appeal."
SKU-FOO-2358,Carlton London Navy Blue Women's Leather Flats,footwear,Flats,Carlton London,Women,1049,4.3,Formal,Minimalist,Navy Blue,Leather,"Carlton London navy blue flats crafted from premium leather for women. Features a clean tailored silhouette with subtle contemporary accents. Ideal for formal occasions. Styled in a minimalist aesthetic, offering both all-day comfort and trend-forward appeal."
SKU-BOT-2042,Nike Black Men's Denim Jeans,bottomwear,Jeans,Nike,Men,3099,4.0,Formal,Pastel,Black,Denim,"Nike black jeans crafted from premium denim for men. Features a soft muted hues providing a calm, breezy and sophisticated aesthetic. Ideal for formal occasions. Styled in a pastel aesthetic, offering both all-day comfort and trend-forward appeal."
SKU-BOT-2091,Carlton London Maroon Women's Silk Palazzos,bottomwear,Palazzos,Carlton London,Women,1549,4.2,Beach,Classic,Maroon,Silk,"Carlton London maroon palazzos crafted from premium silk for women. Features a timeless quintessential design crafted for versatile everyday elegance. Ideal for beach occasions. Styled in a classic aesthetic, offering both all-day comfort and trend-forward appeal."
SKU-FOO-2356,Mast & Harbour Black Men's Polyester Boots,footwear,Boots,Mast & Harbour,Men,7849,3.3,Casual,Streetwear,Black,Polyester,"Mast & Harbour black boots crafted from premium polyester for men. Features a urban relaxed drape engineered with durable modern textures. Ideal for casual occasions. Styled in a streetwear aesthetic, offering both all-day comfort and trend-forward appeal."
SKU-TOP-1212,Anouk Sky Blue Women's Cotton Blouses,topwear,Blouses,Anouk,Women,1649,4.6,Gym;Party,Pastel,Sky Blue,Cotton,"Anouk sky blue blouses crafted from premium cotton for women. Features a soft muted hues providing a calm, breezy and sophisticated aesthetic. Ideal for gym, party occasions. Styled in a pastel aesthetic, offering both all-day comfort and trend-forward appeal."
SKU-TOP-1614,Nike Olive Green Men's Cotton Blazers,topwear,Blazers,Nike,Men,3499,3.8,Ethnic,Classic,Olive Green,Cotton,"Nike olive green blazers crafted from premium cotton for men. Features a timeless quintessential design crafted for versatile everyday elegance. Ideal for ethnic occasions. Styled in a classic aesthetic, offering both all-day comfort and trend-forward appeal."
SKU-ACC-3150,Fossil Maroon Men's Polyester Sunglasses,accessories,Sunglasses,Fossil,Men,1849,3.6,Ethnic,Pastel;Vibrant,Maroon,Polyester,"Fossil maroon sunglasses crafted from premium polyester for men. Features a soft muted hues providing a calm, breezy and sophisticated aesthetic. Ideal for ethnic occasions. Styled in a pastel aesthetic, offering both all-day comfort and trend-forward appeal."
SKU-TOP-1465,Forever 21 Olive Green Women's Cotton T-Shirts,topwear,T-Shirts,Forever 21,Women,1449,4.2,Casual,Pastel;Classic,Olive Green,Cotton,"Forever 21 olive green t-shirts crafted from premium cotton for women. Features a soft muted hues providing a calm, breezy and sophisticated aesthetic. Ideal for casual occasions. Styled in a pastel aesthetic, offering both all-day comfort and trend-forward appeal."
SKU-FOO-2468,ONLY Maroon Women's Cotton Flats,footwear,Flats,ONLY,Women,1549,4.3,Beach;Formal,Streetwear,Maroon,Cotton,"ONLY maroon flats crafted from premium cotton for women. Features a urban relaxed drape engineered with durable modern textures. Ideal for beach, formal occasions. Styled in a streetwear aesthetic, offering both all-day comfort and trend-forward appeal."
SKU-TOP-1555,Tommy Hilfiger Beige Men's Cotton Shirts,topwear,Shirts,Tommy Hilfiger,Men,1299,4.3,Gym,Pastel,Beige,Cotton,"Tommy Hilfiger beige shirts crafted from premium cotton for men. Features a soft muted hues providing a calm, breezy and sophisticated aesthetic. Ideal for gym occasions. Styled in a pastel aesthetic, offering both all-day comfort and trend-forward appeal."
SKU-BOT-1908,DressBerry Mint Green Women's Cotton Trousers,bottomwear,Trousers,DressBerry,Women,3249,4.5,Ethnic;Casual,Streetwear,Mint Green,Cotton,"DressBerry mint green trousers crafted from premium cotton for women. Features a urban relaxed drape engineered with durable modern textures. Ideal for ethnic, casual occasions. Styled in a streetwear aesthetic, offering both all-day comfort and trend-forward appeal."
SKU-BOT-1994,Tokyo Talkies Olive Green Women's Silk Skirts,bottomwear,Skirts,Tokyo Talkies,Women,999,4.0,Ethnic,Minimalist;Vibrant,Olive Green,Silk,"Tokyo Talkies olive green skirts crafted from premium silk for women. Features a clean tailored silhouette with subtle contemporary accents. Ideal for ethnic occasions. Styled in a minimalist aesthetic, offering both all-day comfort and trend-forward appeal."
SKU-ACC-2969,Louis Philippe Burgundy Men's Polyester Watches,accessories,Watches,Louis Philippe,Men,3999,4.1,Gym,Streetwear;Classic,Burgundy,Polyester,"Louis Philippe burgundy watches crafted from premium polyester for men. Features a urban relaxed drape engineered with durable modern textures. Ideal for gym occasions. Styled in a streetwear aesthetic, offering both all-day comfort and trend-forward appeal."
SKU-FOO-2789,ONLY Olive Green Women's Polyester Heels,footwear,Heels,ONLY,Women,4349,4.3,Gym,Classic,Olive Green,Polyester,"ONLY olive green heels crafted from premium polyester for women. Features a timeless quintessential design crafted for versatile everyday elegance. Ideal for gym occasions. Styled in a classic aesthetic, offering both all-day comfort and trend-forward appeal."
SKU-FOO-2599,Puma Maroon Women's Cotton Sneakers,footwear,Sneakers,Puma,Women,3399,4.2,Party;Ethnic,Streetwear;Minimalist,Maroon,Cotton,"Puma maroon sneakers crafted from premium cotton for women. Features a urban relaxed drape engineered with durable modern textures. Ideal for party, ethnic occasions. Styled in a streetwear aesthetic, offering both all-day comfort and trend-forward appeal."
SKU-TOP-1097,Bata Olive Green Women's Polyester Blouses,topwear,Blouses,Bata,Women,949,4.3,Casual;Gym,Minimalist,Olive Green,Polyester,"Bata olive green blouses crafted from premium polyester for women. Features a clean tailored silhouette with subtle contemporary accents. Ideal for casual, gym occasions. Styled in a minimalist aesthetic, offering both all-day comfort and trend-forward appeal."
SKU-ACC-2965,Bata Terracotta Women's Polyester Earrings,accessories,Earrings,Bata,Women,899,4.4,Formal;Ethnic,Pastel;Vibrant,Terracotta,Polyester,"Bata terracotta earrings crafted from premium polyester for women. Features a soft muted hues providing a calm, breezy and sophisticated aesthetic. Ideal for formal, ethnic occasions. Styled in a pastel aesthetic, offering both all-day comfort and trend-forward appeal."
SKU-FOO-2365,Tommy Hilfiger Mustard Yellow Men's Polyester Boots,footwear,Boots,Tommy Hilfiger,Men,3049,4.6,Beach,Streetwear,Mustard Yellow,Polyester,"Tommy Hilfiger mustard yellow boots crafted from premium polyester for men. Features a urban relaxed drape engineered with durable modern textures. Ideal for beach occasions. Styled in a streetwear aesthetic, offering both all-day comfort and trend-forward appeal."
SKU-ACC-2925,Casio Maroon Unisex Polyester Sunglasses,accessories,Sunglasses,Casio,Unisex,3499,4.9,Gym,Pastel,Maroon,Polyester,"Casio maroon sunglasses crafted from premium polyester for all genders. Features a soft muted hues providing a calm, breezy and sophisticated aesthetic. Ideal for gym occasions. Styled in a pastel aesthetic, offering both all-day comfort and trend-forward appeal."
SKU-TOP-1612,Fossil Black Men's Cotton Kurtas,topwear,Kurtas,Fossil,Men,849,4.2,Ethnic,Streetwear,Black,Cotton,"Fossil black kurtas crafted from premium cotton for men. Features a urban relaxed drape engineered with durable modern textures. Ideal for ethnic occasions. Styled in a streetwear aesthetic, offering both all-day comfort and trend-forward appeal."
SKU-TOP-1446,Anouk White Women's Cotton Crop Tops,topwear,Crop Tops,Anouk,Women,549,4.4,Formal,Streetwear,White,Cotton,"Anouk white crop tops crafted from premium cotton for women. Features a urban relaxed drape engineered with durable modern textures. Ideal for formal occasions. Styled in a streetwear aesthetic, offering both all-day comfort and trend-forward appeal."
SKU-TOP-1238,HRX by Hrithik Roshan Beige Men's Linen Blazers,topwear,Blazers,HRX by Hrithik Roshan,Men,4299,4.3,Party,Classic,Beige,Linen,"HRX by Hrithik Roshan beige blazers crafted from premium linen for men. Features a timeless quintessential design crafted for versatile everyday elegance. Ideal for party occasions. Styled in a classic aesthetic, offering both all-day comfort and trend-forward appeal."
SKU-ACC-3311,VERO MODA Burgundy Women's Polyester Watches,accessories,Watches,VERO MODA,Women,3799,4.1,Formal,Pastel,Burgundy,Polyester,"VERO MODA burgundy watches crafted from premium polyester for women. Features a soft muted hues providing a calm, breezy and sophisticated aesthetic. Ideal for formal occasions. Styled in a pastel aesthetic, offering both all-day comfort and trend-forward appeal."
SKU-BOT-1874,Nike Mint Green Men's Linen Chinos,bottomwear,Chinos,Nike,Men,1449,3.9,Gym,Pastel;Streetwear,Mint Green,Linen,"Nike mint green chinos crafted from premium linen for men. Features a soft muted hues providing a calm, breezy and sophisticated aesthetic. Ideal for gym occasions. Styled in a pastel aesthetic, offering both all-day comfort and trend-forward appeal."
SKU-ACC-3498,Fossil Terracotta Men's Polyester Watches,accessories,Watches,Fossil,Men,7399,4.1,Beach,Streetwear,Terracotta,Polyester,"Fossil terracotta watches crafted from premium polyester for men. Features a urban relaxed drape engineered with durable modern textures. Ideal for beach occasions. Styled in a streetwear aesthetic, offering both all-day comfort and trend-forward appeal."
SKU-ACC-3055,Carlton London Tan Brown Women's Leather Watches,accessories,Watches,Carlton London,Women,6549,3.7,Beach,Minimalist,Tan Brown,Leather,"Carlton London tan brown watches crafted from premium leather for women. Features a clean tailored silhouette with subtle contemporary accents. Ideal for beach occasions. Styled in a minimalist aesthetic, offering both all-day comfort and trend-forward appeal."
SKU-FOO-2674,Fossil Charcoal Grey Women's Leather Flats,footwear,Flats,Fossil,Women,1099,3.9,Casual;Party,Streetwear,Charcoal Grey,Leather,"Fossil charcoal grey flats crafted from premium leather for women. Features a urban relaxed drape engineered with durable modern textures. Ideal for casual, party occasions. Styled in a streetwear aesthetic, offering both all-day comfort and trend-forward appeal."
SKU-ACC-3123,Vans Lavender Unisex Leather Watches,accessories,Watches,Vans,Unisex,5399,4.2,Ethnic,Vibrant,Lavender,Leather,"Vans lavender watches crafted from premium leather for all genders. Features a eye-catching high-energy color palette suited for expressive moods. Ideal for ethnic occasions. Styled in a vibrant aesthetic, offering both all-day comfort and trend-forward appeal."
SKU-BOT-1840,Bata White Women's Cotton Chinos,bottomwear,Chinos,Bata,Women,1799,4.1,Beach;Formal,Pastel,White,Cotton,"Bata white chinos crafted from premium cotton for women. Features a soft muted hues providing a calm, breezy and sophisticated aesthetic. Ideal for beach, formal occasions. Styled in a pastel aesthetic, offering both all-day comfort and trend-forward appeal."
SKU-TOP-1582,Titan Navy Blue Men's Silk Kurtas,topwear,Kurtas,Titan,Men,3099,4.1,Gym,Streetwear,Navy Blue,Silk,"Titan navy blue kurtas crafted from premium silk for men. Features a urban relaxed drape engineered with durable modern textures. Ideal for gym occasions. Styled in a streetwear aesthetic, offering both all-day comfort and trend-forward appeal."
SKU-FOO-2282,Bata Terracotta Women's Polyester Heels,footwear,Heels,Bata,Women,2949,4.1,Beach;Party,Pastel,Terracotta,Polyester,"Bata terracotta heels crafted from premium polyester for women. Features a soft muted hues providing a calm, breezy and sophisticated aesthetic. Ideal for beach, party occasions. Styled in a pastel aesthetic, offering both all-day comfort and trend-forward appeal."
SKU-BOT-1980,Fossil Black Men's Cotton Chinos,bottomwear,Chinos,Fossil,Men,1349,4.5,Party,Minimalist;Vibrant,Black,Cotton,"Fossil black chinos crafted from premium cotton for men. Features a clean tailored silhouette with subtle contemporary accents. Ideal for party occasions. Styled in a minimalist aesthetic, offering both all-day comfort and trend-forward appeal."
SKU-BOT-1791,Mast & Harbour Cream Men's Cotton Chinos,bottomwear,Chinos,Mast & Harbour,Men,1399,4.4,Casual,Streetwear;Classic,Cream,Cotton,"Mast & Harbour cream chinos crafted from premium cotton for men. Features a urban relaxed drape engineered with durable modern textures. Ideal for casual occasions. Styled in a streetwear aesthetic, offering both all-day comfort and trend-forward appeal."
SKU-BOT-1842,Sangria White Women's Silk Palazzos,bottomwear,Palazzos,Sangria,Women,1649,4.4,Beach;Gym,Streetwear,White,Silk,"Sangria white palazzos crafted from premium silk for women. Features a urban relaxed drape engineered with durable modern textures. Ideal for beach, gym occasions. Styled in a streetwear aesthetic, offering both all-day comfort and trend-forward appeal."
SKU-TOP-1483,DressBerry Navy Blue Women's Linen Blazers,topwear,Blazers,DressBerry,Women,5299,3.6,Party,Pastel,Navy Blue,Linen,"DressBerry navy blue blazers crafted from premium linen for women. Features a soft muted hues providing a calm, breezy and sophisticated aesthetic. Ideal for party occasions. Styled in a pastel aesthetic, offering both all-day comfort and trend-forward appeal."
SKU-ACC-2911,Carlton London Maroon Women's Polyester Belts,accessories,Belts,Carlton London,Women,1599,4.8,Ethnic,Minimalist,Maroon,Polyester,"Carlton London maroon belts crafted from premium polyester for women. Features a clean tailored silhouette with subtle contemporary accents. Ideal for ethnic occasions. Styled in a minimalist aesthetic, offering both all-day comfort and trend-forward appeal."
SKU-TOP-1622,Bata Navy Blue Women's Polyester Blouses,topwear,Blouses,Bata,Women,1699,4.4,Party;Casual,Pastel;Vibrant,Navy Blue,Polyester,"Bata navy blue blouses crafted from premium polyester for women. Features a soft muted hues providing a calm, breezy and sophisticated aesthetic. Ideal for party, casual occasions. Styled in a pastel aesthetic, offering both all-day comfort and trend-forward appeal."
SKU-FOO-2503,Peter England Terracotta Men's Polyester Boots,footwear,Boots,Peter England,Men,4449,3.9,Formal,Minimalist,Terracotta,Polyester,"Peter England terracotta boots crafted from premium polyester for men. Features a clean tailored silhouette with subtle contemporary accents. Ideal for formal occasions. Styled in a minimalist aesthetic, offering both all-day comfort and trend-forward appeal."
SKU-TOP-1333,Bata Cream Women's Cotton Blazers,topwear,Blazers,Bata,Women,5099,4.2,Ethnic,Classic,Cream,Cotton,"Bata cream blazers crafted from premium cotton for women. Features a timeless quintessential design crafted for versatile everyday elegance. Ideal for ethnic occasions. Styled in a classic aesthetic, offering both all-day comfort and trend-forward appeal."
SKU-TOP-1479,Mango White Women's Polyester Blouses,topwear,Blouses,Mango,Women,799,4.9,Casual;Formal,Streetwear;Minimalist,White,Polyester,"Mango white blouses crafted from premium polyester for women. Features a urban relaxed drape engineered with durable modern textures. Ideal for casual, formal occasions. Styled in a streetwear aesthetic, offering both all-day comfort and trend-forward appeal."
SKU-FOO-2495,Forever 21 Cream Women's Polyester Heels,footwear,Heels,Forever 21,Women,2199,4.7,Casual,Pastel,Cream,Polyester,"Forever 21 cream heels crafted from premium polyester for women. Features a soft muted hues providing a calm, breezy and sophisticated aesthetic. Ideal for casual occasions. Styled in a pastel aesthetic, offering both all-day comfort and trend-forward appeal."
SKU-TOP-1508,Mango Maroon Women's Polyester Blouses,topwear,Blouses,Mango,Women,599,3.9,Ethnic;Beach,Minimalist;Pastel,Maroon,Polyester,"Mango maroon blouses crafted from premium polyester for women. Features a clean tailored silhouette with subtle contemporary accents. Ideal for ethnic, beach occasions. Styled in a minimalist aesthetic, offering both all-day comfort and trend-forward appeal."
SKU-FOO-2451,Fossil Tan Brown Women's Polyester Heels,footwear,Heels,Fossil,Women,4899,4.3,Gym,Pastel,Tan Brown,Polyester,"Fossil tan brown heels crafted from premium polyester for women. Features a soft muted hues providing a calm, breezy and sophisticated aesthetic. Ideal for gym occasions. Styled in a pastel aesthetic, offering both all-day comfort and trend-forward appeal."
SKU-ACC-3424,Fossil Burgundy Men's Polyester Sunglasses,accessories,Sunglasses,Fossil,Men,2549,4.2,Formal,Minimalist,Burgundy,Polyester,"Fossil burgundy sunglasses crafted from premium polyester for men. Features a clean tailored silhouette with subtle contemporary accents. Ideal for formal occasions. Styled in a minimalist aesthetic, offering both all-day comfort and trend-forward appeal."
SKU-BOT-1644,Fossil Cream Women's Polyester Skirts,bottomwear,Skirts,Fossil,Women,1849,3.7,Beach,Vibrant;Classic,Cream,Polyester,"Fossil cream skirts crafted from premium polyester for women. Features a eye-catching high-energy color palette suited for expressive moods. Ideal for beach occasions. Styled in a vibrant aesthetic, offering both all-day comfort and trend-forward appeal."
SKU-TOP-1481,Bata Lavender Women's Silk Shirts,topwear,Shirts,Bata,Women,2899,4.2,Party,Classic,Lavender,Silk,"Bata lavender shirts crafted from premium silk for women. Features a timeless quintessential design crafted for versatile everyday elegance. Ideal for party occasions. Styled in a classic aesthetic, offering both all-day comfort and trend-forward appeal."
SKU-FOO-2456,Bata Black Women's Polyester Heels,footwear,Heels,Bata,Women,1399,3.6,Party;Formal,Vibrant,Black,Polyester,"Bata black heels crafted from premium polyester for women. Features a eye-catching high-energy color palette suited for expressive moods. Ideal for party, formal occasions. Styled in a vibrant aesthetic, offering both all-day comfort and trend-forward appeal."
SKU-ACC-3395,Louis Philippe White Men's Polyester Sunglasses,accessories,Sunglasses,Louis Philippe,Men,3349,4.2,Gym,Pastel,White,Polyester,"Louis Philippe white sunglasses crafted from premium polyester for men. Features a soft muted hues providing a calm, breezy and sophisticated aesthetic. Ideal for gym occasions. Styled in a pastel aesthetic, offering both all-day comfort and trend-forward appeal."
SKU-BOT-2012,DressBerry Terracotta Women's Linen Chinos,bottomwear,Chinos,DressBerry,Women,1999,4.3,Gym;Casual,Minimalist,Terracotta,Linen,"DressBerry terracotta chinos crafted from premium linen for women. Features a clean tailored silhouette with subtle contemporary accents. Ideal for gym, casual occasions. Styled in a minimalist aesthetic, offering both all-day comfort and trend-forward appeal."
SKU-BOT-1765,HIGHLANDER Lavender Men's Cotton Jeans,bottomwear,Jeans,HIGHLANDER,Men,2399,4.6,Ethnic,Pastel,Lavender,Cotton,"HIGHLANDER lavender jeans crafted from premium cotton for men. Features a soft muted hues providing a calm, breezy and sophisticated aesthetic. Ideal for ethnic occasions. Styled in a pastel aesthetic, offering both all-day comfort and trend-forward appeal."
SKU-FOO-2290,Puma Black Women's Leather Boots,footwear,Boots,Puma,Women,2449,3.4,Gym;Party,Pastel;Streetwear,Black,Leather,"Puma black boots crafted from premium leather for women. Features a soft muted hues providing a calm, breezy and sophisticated aesthetic. Ideal for gym, party occasions. Styled in a pastel aesthetic, offering both all-day comfort and trend-forward appeal."
SKU-BOT-2224,Anouk Maroon Women's Denim Jeans,bottomwear,Jeans,Anouk,Women,2949,4.3,Beach,Streetwear,Maroon,Denim,"Anouk maroon jeans crafted from premium denim for women. Features a urban relaxed drape engineered with durable modern textures. Ideal for beach occasions. Styled in a streetwear aesthetic, offering both all-day comfort and trend-forward appeal."
SKU-FOO-2334,ONLY Navy Blue Women's Leather Flats,footwear,Flats,ONLY,Women,699,4.7,Beach;Formal,Vibrant,Navy Blue,Leather,"ONLY navy blue flats crafted from premium leather for women. Features a eye-catching high-energy color palette suited for expressive moods. Ideal for beach, formal occasions. Styled in a vibrant aesthetic, offering both all-day comfort and trend-forward appeal."
SKU-TOP-1618,Puma Terracotta Men's Cotton Shirts,topwear,Shirts,Puma,Men,1149,4.5,Gym;Party,Minimalist,Terracotta,Cotton,"Puma terracotta shirts crafted from premium cotton for men. Features a clean tailored silhouette with subtle contemporary accents. Ideal for gym, party occasions. Styled in a minimalist aesthetic, offering both all-day comfort and trend-forward appeal."
SKU-TOP-1522,HIGHLANDER Tan Brown Men's Cotton T-Shirts,topwear,T-Shirts,HIGHLANDER,Men,1549,4.4,Formal,Pastel;Streetwear,Tan Brown,Cotton,"HIGHLANDER tan brown t-shirts crafted from premium cotton for men. Features a soft muted hues providing a calm, breezy and sophisticated aesthetic. Ideal for formal occasions. Styled in a pastel aesthetic, offering both all-day comfort and trend-forward appeal."
SKU-TOP-1583,Carlton London Mustard Yellow Women's Cotton Kurtas,topwear,Kurtas,Carlton London,Women,1399,4.4,Ethnic;Party,Streetwear;Vibrant,Mustard Yellow,Cotton,"Carlton London mustard yellow kurtas crafted from premium cotton for women. Features a urban relaxed drape engineered with durable modern textures. Ideal for ethnic, party occasions. Styled in a streetwear aesthetic, offering both all-day comfort and trend-forward appeal."
SKU-BOT-2059,Roadster Tan Brown Men's Denim Jeans,bottomwear,Jeans,Roadster,Men,2099,4.4,Ethnic,Streetwear;Pastel,Tan Brown,Denim,"Roadster tan brown jeans crafted from premium denim for men. Features a urban relaxed drape engineered with durable modern textures. Ideal for ethnic occasions. Styled in a streetwear aesthetic, offering both all-day comfort and trend-forward appeal."
SKU-FOO-2407,ONLY Maroon Women's Polyester Heels,footwear,Heels,ONLY,Women,4449,3.7,Formal;Party,Classic;Vibrant,Maroon,Polyester,"ONLY maroon heels crafted from premium polyester for women. Features a timeless quintessential design crafted for versatile everyday elegance. Ideal for formal, party occasions. Styled in a classic aesthetic, offering both all-day comfort and trend-forward appeal."
SKU-TOP-1297,Sangria Cream Women's Cotton Blouses,topwear,Blouses,Sangria,Women,1799,4.5,Casual,Pastel;Vibrant,Cream,Cotton,"Sangria cream blouses crafted from premium cotton for women. Features a soft muted hues providing a calm, breezy and sophisticated aesthetic. Ideal for casual occasions. Styled in a pastel aesthetic, offering both all-day comfort and trend-forward appeal."
SKU-ACC-3443,Puma Pastel Pink Women's Polyester Sunglasses,accessories,Sunglasses,Puma,Women,3199,3.7,Casual,Classic,Pastel Pink,Polyester,"Puma pastel pink sunglasses crafted from premium polyester for women. Features a timeless quintessential design crafted for versatile everyday elegance. Ideal for casual occasions. Styled in a classic aesthetic, offering both all-day comfort and trend-forward appeal."
SKU-BOT-2062,Puma Navy Blue Women's Linen Chinos,bottomwear,Chinos,Puma,Women,3199,3.2,Formal;Gym,Minimalist,Navy Blue,Linen,"Puma navy blue chinos crafted from premium linen for women. Features a clean tailored silhouette with subtle contemporary accents. Ideal for formal, gym occasions. Styled in a minimalist aesthetic, offering both all-day comfort and trend-forward appeal."
SKU-BOT-1858,Carlton London White Women's Silk Skirts,bottomwear,Skirts,Carlton London,Women,1049,4.4,Beach,Pastel,White,Silk,"Carlton London white skirts crafted from premium silk for women. Features a soft muted hues providing a calm, breezy and sophisticated aesthetic. Ideal for beach occasions. Styled in a pastel aesthetic, offering both all-day comfort and trend-forward appeal."
SKU-FOO-2693,HRX by Hrithik Roshan Beige Men's Polyester Boots,footwear,Boots,HRX by Hrithik Roshan,Men,6549,4.5,Beach,Minimalist;Pastel,Beige,Polyester,"HRX by Hrithik Roshan beige boots crafted from premium polyester for men. Features a clean tailored silhouette with subtle contemporary accents. Ideal for beach occasions. Styled in a minimalist aesthetic, offering both all-day comfort and trend-forward appeal."
SKU-TOP-1408,Tommy Hilfiger Cream Men's Cotton Blazers,topwear,Blazers,Tommy Hilfiger,Men,7149,4.2,Gym;Beach,Classic,Cream,Cotton,"Tommy Hilfiger cream blazers crafted from premium cotton for men. Features a timeless quintessential design crafted for versatile everyday elegance. Ideal for gym, beach occasions. Styled in a classic aesthetic, offering both all-day comfort and trend-forward appeal."
SKU-BOT-2079,DressBerry Charcoal Grey Women's Polyester Palazzos,bottomwear,Palazzos,DressBerry,Women,1649,4.7,Casual;Formal,Vibrant;Classic,Charcoal Grey,Polyester,"DressBerry charcoal grey palazzos crafted from premium polyester for women. Features a eye-catching high-energy color palette suited for expressive moods. Ideal for casual, formal occasions. Styled in a vibrant aesthetic, offering both all-day comfort and trend-forward appeal."
SKU-BOT-2084,Mango Navy Blue Women's Linen Chinos,bottomwear,Chinos,Mango,Women,949,4.9,Formal,Classic,Navy Blue,Linen,"Mango navy blue chinos crafted from premium linen for women. Features a timeless quintessential design crafted for versatile everyday elegance. Ideal for formal occasions. Styled in a classic aesthetic, offering both all-day comfort and trend-forward appeal."
SKU-TOP-1169,Puma Maroon Women's Cotton Blouses,topwear,Blouses,Puma,Women,1499,4.1,Casual,Streetwear,Maroon,Cotton,"Puma maroon blouses crafted from premium cotton for women. Features a urban relaxed drape engineered with durable modern textures. Ideal for casual occasions. Styled in a streetwear aesthetic, offering both all-day comfort and trend-forward appeal."
SKU-ACC-3181,Nike Burgundy Men's Polyester Belts,accessories,Belts,Nike,Men,499,4.1,Casual;Beach,Vibrant;Pastel,Burgundy,Polyester,"Nike burgundy belts crafted from premium polyester for men. Features a eye-catching high-energy color palette suited for expressive moods. Ideal for casual, beach occasions. Styled in a vibrant aesthetic, offering both all-day comfort and trend-forward appeal."
SKU-TOP-1240,Tokyo Talkies Terracotta Women's Cotton Crop Tops,topwear,Crop Tops,Tokyo Talkies,Women,649,4.5,Ethnic;Formal,Classic,Terracotta,Cotton,"Tokyo Talkies terracotta crop tops crafted from premium cotton for women. Features a timeless quintessential design crafted for versatile everyday elegance. Ideal for ethnic, formal occasions. Styled in a classic aesthetic, offering both all-day comfort and trend-forward appeal."
SKU-ACC-3306,Anouk Charcoal Grey Women's Cotton Bags,accessories,Bags,Anouk,Women,4499,4.9,Gym,Classic,Charcoal Grey,Cotton,"Anouk charcoal grey bags crafted from premium cotton for women. Features a timeless quintessential design crafted for versatile everyday elegance. Ideal for gym occasions. Styled in a classic aesthetic, offering both all-day comfort and trend-forward appeal."
SKU-ACC-2998,ONLY Mustard Yellow Women's Silk Earrings,accessories,Earrings,ONLY,Women,749,3.9,Party,Minimalist,Mustard Yellow,Silk,"ONLY mustard yellow earrings crafted from premium silk for women. Features a clean tailored silhouette with subtle contemporary accents. Ideal for party occasions. Styled in a minimalist aesthetic, offering both all-day comfort and trend-forward appeal."
SKU-ACC-2902,Titan White Men's Polyester Belts,accessories,Belts,Titan,Men,899,4.1,Gym,Vibrant,White,Polyester,"Titan white belts crafted from premium polyester for men. Features a eye-catching high-energy color palette suited for expressive moods. Ideal for gym occasions. Styled in a vibrant aesthetic, offering both all-day comfort and trend-forward appeal."
SKU-BOT-2051,Puma Navy Blue Men's Linen Chinos,bottomwear,Chinos,Puma,Men,2049,4.0,Ethnic;Formal,Pastel,Navy Blue,Linen,"Puma navy blue chinos crafted from premium linen for men. Features a soft muted hues providing a calm, breezy and sophisticated aesthetic. Ideal for ethnic, formal occasions. Styled in a pastel aesthetic, offering both all-day comfort and trend-forward appeal."
SKU-ACC-2913,Anouk Lavender Women's Silk Earrings,accessories,Earrings,Anouk,Women,449,4.4,Gym,Pastel,Lavender,Silk,"Anouk lavender earrings crafted from premium silk for women. Features a soft muted hues providing a calm, breezy and sophisticated aesthetic. Ideal for gym occasions. Styled in a pastel aesthetic, offering both all-day comfort and trend-forward appeal."
SKU-FOO-2868,Anouk Maroon Women's Polyester Heels,footwear,Heels,Anouk,Women,2899,4.6,Casual;Beach,Vibrant;Pastel,Maroon,Polyester,"Anouk maroon heels crafted from premium polyester for women. Features a eye-catching high-energy color palette suited for expressive moods. Ideal for casual, beach occasions. Styled in a vibrant aesthetic, offering both all-day comfort and trend-forward appeal."
SKU-ACC-3096,Forever 21 Olive Green Women's Silk Earrings,accessories,Earrings,Forever 21,Women,499,4.2,Casual,Pastel;Vibrant,Olive Green,Silk,"Forever 21 olive green earrings crafted from premium silk for women. Features a soft muted hues providing a calm, breezy and sophisticated aesthetic. Ideal for casual occasions. Styled in a pastel aesthetic, offering both all-day comfort and trend-forward appeal."
SKU-TOP-1523,Puma Olive Green Women's Polyester T-Shirts,topwear,T-Shirts,Puma,Women,499,4.0,Ethnic;Beach,Minimalist,Olive Green,Polyester,"Puma olive green t-shirts crafted from premium polyester for women. Features a clean tailored silhouette with subtle contemporary accents. Ideal for ethnic, beach occasions. Styled in a minimalist aesthetic, offering both all-day comfort and trend-forward appeal."
SKU-FOO-2738,Peter England Mint Green Men's Leather Sneakers,footwear,Sneakers,Peter England,Men,6049,3.8,Ethnic;Formal,Minimalist,Mint Green,Leather,"Peter England mint green sneakers crafted from premium leather for men. Features a clean tailored silhouette with subtle contemporary accents. Ideal for ethnic, formal occasions. Styled in a minimalist aesthetic, offering both all-day comfort and trend-forward appeal."
SKU-ACC-3473,Puma Mint Green Unisex Polyester Sunglasses,accessories,Sunglasses,Puma,Unisex,1199,3.9,Casual,Vibrant,Mint Green,Polyester,"Puma mint green sunglasses crafted from premium polyester for all genders. Features a eye-catching high-energy color palette suited for expressive moods. Ideal for casual occasions. Styled in a vibrant aesthetic, offering both all-day comfort and trend-forward appeal."
SKU-FOO-2848,Peter England Cream Men's Leather Boots,footwear,Boots,Peter England,Men,4899,3.9,Ethnic,Pastel,Cream,Leather,"Peter England cream boots crafted from premium leather for men. Features a soft muted hues providing a calm, breezy and sophisticated aesthetic. Ideal for ethnic occasions. Styled in a pastel aesthetic, offering both all-day comfort and trend-forward appeal."
SKU-ACC-3369,Sangria Mint Green Women's Polyester Earrings,accessories,Earrings,Sangria,Women,949,3.8,Ethnic;Beach,Minimalist,Mint Green,Polyester,"Sangria mint green earrings crafted from premium polyester for women. Features a clean tailored silhouette with subtle contemporary accents. Ideal for ethnic, beach occasions. Styled in a minimalist aesthetic, offering both all-day comfort and trend-forward appeal."
SKU-ACC-3250,Tokyo Talkies Mint Green Women's Polyester Belts,accessories,Belts,Tokyo Talkies,Women,1899,4.5,Formal,Classic;Vibrant,Mint Green,Polyester,"Tokyo Talkies mint green belts crafted from premium polyester for women. Features a timeless quintessential design crafted for versatile everyday elegance. Ideal for formal occasions. Styled in a classic aesthetic, offering both all-day comfort and trend-forward appeal."
SKU-ACC-2884,Puma Tan Brown Men's Leather Watches,accessories,Watches,Puma,Men,3299,4.0,Party;Ethnic,Vibrant,Tan Brown,Leather,"Puma tan brown watches crafted from premium leather for men. Features a eye-catching high-energy color palette suited for expressive moods. Ideal for party, ethnic occasions. Styled in a vibrant aesthetic, offering both all-day comfort and trend-forward appeal."
SKU-FOO-2512,Carlton London Lavender Women's Cotton Flats,footwear,Flats,Carlton London,Women,799,4.1,Ethnic;Beach,Streetwear,Lavender,Cotton,"Carlton London lavender flats crafted from premium cotton for women. Features a urban relaxed drape engineered with durable modern textures. Ideal for ethnic, beach occasions. Styled in a streetwear aesthetic, offering both all-day comfort and trend-forward appeal."
SKU-FOO-2460,Puma Tan Brown Women's Cotton Sneakers,footwear,Sneakers,Puma,Women,5199,4.4,Party,Pastel,Tan Brown,Cotton,"Puma tan brown sneakers crafted from premium cotton for women. Features a soft muted hues providing a calm, breezy and sophisticated aesthetic. Ideal for party occasions. Styled in a pastel aesthetic, offering both all-day comfort and trend-forward appeal."
SKU-ACC-2939,Fossil White Men's Polyester Sunglasses,accessories,Sunglasses,Fossil,Men,1099,4.6,Ethnic;Casual,Pastel,White,Polyester,"Fossil white sunglasses crafted from premium polyester for men. Features a soft muted hues providing a calm, breezy and sophisticated aesthetic. Ideal for ethnic, casual occasions. Styled in a pastel aesthetic, offering both all-day comfort and trend-forward appeal."
SKU-FOO-2724,Mast & Harbour Maroon Men's Leather Loafers,footwear,Loafers,Mast & Harbour,Men,4949,4.4,Formal,Minimalist;Vibrant,Maroon,Leather,"Mast & Harbour maroon loafers crafted from premium leather for men. Features a clean tailored silhouette with subtle contemporary accents. Ideal for formal occasions. Styled in a minimalist aesthetic, offering both all-day comfort and trend-forward appeal."
SKU-ACC-3026,Ray-Ban Cream Unisex Polyester Bags,accessories,Bags,Ray-Ban,Unisex,4749,4.3,Party,Streetwear,Cream,Polyester,"Ray-Ban cream bags crafted from premium polyester for all genders. Features a urban relaxed drape engineered with durable modern textures. Ideal for party occasions. Styled in a streetwear aesthetic, offering both all-day comfort and trend-forward appeal."
SKU-FOO-2608,HRX by Hrithik Roshan Charcoal Grey Men's Leather Boots,footwear,Boots,HRX by Hrithik Roshan,Men,2249,4.8,Party,Minimalist,Charcoal Grey,Leather,"HRX by Hrithik Roshan charcoal grey boots crafted from premium leather for men. Features a clean tailored silhouette with subtle contemporary accents. Ideal for party occasions. Styled in a minimalist aesthetic, offering both all-day comfort and trend-forward appeal."
SKU-ACC-2978,Puma Charcoal Grey Women's Polyester Earrings,accessories,Earrings,Puma,Women,1599,4.5,Formal,Pastel,Charcoal Grey,Polyester,"Puma charcoal grey earrings crafted from premium polyester for women. Features a soft muted hues providing a calm, breezy and sophisticated aesthetic. Ideal for formal occasions. Styled in a pastel aesthetic, offering both all-day comfort and trend-forward appeal."
SKU-TOP-1509,ONLY Navy Blue Women's Polyester Crop Tops,topwear,Crop Tops,ONLY,Women,849,4.2,Beach,Vibrant;Pastel,Navy Blue,Polyester,"ONLY navy blue crop tops crafted from premium polyester for women. Features a eye-catching high-energy color palette suited for expressive moods. Ideal for beach occasions. Styled in a vibrant aesthetic, offering both all-day comfort and trend-forward appeal."
SKU-BOT-1633,Mast & Harbour Charcoal Grey Men's Polyester Trousers,bottomwear,Trousers,Mast & Harbour,Men,2749,4.1,Formal,Minimalist,Charcoal Grey,Polyester,"Mast & Harbour charcoal grey trousers crafted from premium polyester for men. Features a clean tailored silhouette with subtle contemporary accents. Ideal for formal occasions. Styled in a minimalist aesthetic, offering both all-day comfort and trend-forward appeal."
SKU-BOT-1916,ONLY Terracotta Women's Polyester Palazzos,bottomwear,Palazzos,ONLY,Women,1549,4.3,Beach;Gym,Pastel,Terracotta,Polyester,"ONLY terracotta palazzos crafted from premium polyester for women. Features a soft muted hues providing a calm, breezy and sophisticated aesthetic. Ideal for beach, gym occasions. Styled in a pastel aesthetic, offering both all-day comfort and trend-forward appeal."
SKU-TOP-1260,Sangria Charcoal Grey Women's Cotton Blazers,topwear,Blazers,Sangria,Women,3749,4.5,Beach;Casual,Classic,Charcoal Grey,Cotton,"Sangria charcoal grey blazers crafted from premium cotton for women. Features a timeless quintessential design crafted for versatile everyday elegance. Ideal for beach, casual occasions. Styled in a classic aesthetic, offering both all-day comfort and trend-forward appeal."
SKU-FOO-2396,Fossil White Women's Leather Flats,footwear,Flats,Fossil,Women,2099,4.3,Casual,Minimalist,White,Leather,"Fossil white flats crafted from premium leather for women. Features a clean tailored silhouette with subtle contemporary accents. Ideal for casual occasions. Styled in a minimalist aesthetic, offering both all-day comfort and trend-forward appeal."
SKU-ACC-3296,WROGN Burgundy Men's Polyester Sunglasses,accessories,Sunglasses,WROGN,Men,949,4.4,Ethnic,Streetwear;Pastel,Burgundy,Polyester,"WROGN burgundy sunglasses crafted from premium polyester for men. Features a urban relaxed drape engineered with durable modern textures. Ideal for ethnic occasions. Styled in a streetwear aesthetic, offering both all-day comfort and trend-forward appeal."
SKU-ACC-3322,Sangria Mint Green Women's Silk Earrings,accessories,Earrings,Sangria,Women,449,4.5,Beach,Streetwear;Minimalist,Mint Green,Silk,"Sangria mint green earrings crafted from premium silk for women. Features a urban relaxed drape engineered with durable modern textures. Ideal for beach occasions. Styled in a streetwear aesthetic, offering both all-day comfort and trend-forward appeal."
SKU-BOT-1803,Puma Beige Men's Cotton Jeans,bottomwear,Jeans,Puma,Men,3349,4.2,Casual,Classic;Vibrant,Beige,Cotton,"Puma beige jeans crafted from premium cotton for men. Features a timeless quintessential design crafted for versatile everyday elegance. Ideal for casual occasions. Styled in a classic aesthetic, offering both all-day comfort and trend-forward appeal."
SKU-ACC-2936,Mango Charcoal Grey Women's Polyester Belts,accessories,Belts,Mango,Women,499,3.7,Formal,Vibrant,Charcoal Grey,Polyester,"Mango charcoal grey belts crafted from premium polyester for women. Features a eye-catching high-energy color palette suited for expressive moods. Ideal for formal occasions. Styled in a vibrant aesthetic, offering both all-day comfort and trend-forward appeal."
SKU-BOT-2197,ONLY Navy Blue Women's Cotton Skirts,bottomwear,Skirts,ONLY,Women,1249,4.2,Beach,Streetwear,Navy Blue,Cotton,"ONLY navy blue skirts crafted from premium cotton for women. Features a urban relaxed drape engineered with durable modern textures. Ideal for beach occasions. Styled in a streetwear aesthetic, offering both all-day comfort and trend-forward appeal."
SKU-ACC-2945,Anouk Burgundy Women's Leather Bags,accessories,Bags,Anouk,Women,2349,4.4,Ethnic;Gym,Pastel,Burgundy,Leather,"Anouk burgundy bags crafted from premium leather for women. Features a soft muted hues providing a calm, breezy and sophisticated aesthetic. Ideal for ethnic, gym occasions. Styled in a pastel aesthetic, offering both all-day comfort and trend-forward appeal."
SKU-BOT-1757,Louis Philippe Black Men's Cotton Chinos,bottomwear,Chinos,Louis Philippe,Men,2499,4.4,Formal,Streetwear,Black,Cotton,"Louis Philippe black chinos crafted from premium cotton for men. Features a urban relaxed drape engineered with durable modern textures. Ideal for formal occasions. Styled in a streetwear aesthetic, offering both all-day comfort and trend-forward appeal."
SKU-BOT-1802,DressBerry Cream Women's Cotton Skirts,bottomwear,Skirts,DressBerry,Women,2349,4.0,Casual;Party,Classic,Cream,Cotton,"DressBerry cream skirts crafted from premium cotton for women. Features a timeless quintessential design crafted for versatile everyday elegance. Ideal for casual, party occasions. Styled in a classic aesthetic, offering both all-day comfort and trend-forward appeal."
SKU-TOP-1234,VERO MODA White Women's Linen Kurtas,topwear,Kurtas,VERO MODA,Women,1699,4.0,Casual;Party,Classic,White,Linen,"VERO MODA white kurtas crafted from premium linen for women. Features a timeless quintessential design crafted for versatile everyday elegance. Ideal for casual, party occasions. Styled in a classic aesthetic, offering both all-day comfort and trend-forward appeal."
SKU-FOO-2515,Tokyo Talkies Cream Women's Polyester Heels,footwear,Heels,Tokyo Talkies,Women,4749,4.2,Casual;Beach,Vibrant,Cream,Polyester,"Tokyo Talkies cream heels crafted from premium polyester for women. Features a eye-catching high-energy color palette suited for expressive moods. Ideal for casual, beach occasions. Styled in a vibrant aesthetic, offering both all-day comfort and trend-forward appeal."
SKU-BOT-1941,Bata Beige Women's Cotton Jeans,bottomwear,Jeans,Bata,Women,3049,3.8,Gym,Minimalist;Streetwear,Beige,Cotton,"Bata beige jeans crafted from premium cotton for women. Features a clean tailored silhouette with subtle contemporary accents. Ideal for gym occasions. Styled in a minimalist aesthetic, offering both all-day comfort and trend-forward appeal."
SKU-BOT-1999,Anouk Lavender Women's Silk Palazzos,bottomwear,Palazzos,Anouk,Women,1849,4.0,Beach,Classic,Lavender,Silk,"Anouk lavender palazzos crafted from premium silk for women. Features a timeless quintessential design crafted for versatile everyday elegance. Ideal for beach occasions. Styled in a classic aesthetic, offering both all-day comfort and trend-forward appeal."
SKU-BOT-2103,Puma Burgundy Women's Linen Trousers,bottomwear,Trousers,Puma,Women,949,4.9,Party;Ethnic,Classic;Vibrant,Burgundy,Linen,"Puma burgundy trousers crafted from premium linen for women. Features a timeless quintessential design crafted for versatile everyday elegance. Ideal for party, ethnic occasions. Styled in a classic aesthetic, offering both all-day comfort and trend-forward appeal."
SKU-FOO-2464,Bata Cream Women's Polyester Heels,footwear,Heels,Bata,Women,4049,3.9,Casual;Ethnic,Vibrant,Cream,Polyester,"Bata cream heels crafted from premium polyester for women. Features a eye-catching high-energy color palette suited for expressive moods. Ideal for casual, ethnic occasions. Styled in a vibrant aesthetic, offering both all-day comfort and trend-forward appeal."
SKU-ACC-2877,Sangria Mint Green Women's Polyester Belts,accessories,Belts,Sangria,Women,1849,4.0,Gym;Formal,Minimalist;Vibrant,Mint Green,Polyester,"Sangria mint green belts crafted from premium polyester for women. Features a clean tailored silhouette with subtle contemporary accents. Ideal for gym, formal occasions. Styled in a minimalist aesthetic, offering both all-day comfort and trend-forward appeal."
SKU-BOT-2226,Fossil Sky Blue Women's Cotton Chinos,bottomwear,Chinos,Fossil,Women,2299,4.2,Gym,Minimalist;Vibrant,Sky Blue,Cotton,"Fossil sky blue chinos crafted from premium cotton for women. Features a clean tailored silhouette with subtle contemporary accents. Ideal for gym occasions. Styled in a minimalist aesthetic, offering both all-day comfort and trend-forward appeal."
SKU-TOP-1325,Ray-Ban Mustard Yellow Unisex Cotton T-Shirts,topwear,T-Shirts,Ray-Ban,Unisex,1199,3.8,Party;Beach,Streetwear,Mustard Yellow,Cotton,"Ray-Ban mustard yellow t-shirts crafted from premium cotton for all genders. Features a urban relaxed drape engineered with durable modern textures. Ideal for party, beach occasions. Styled in a streetwear aesthetic, offering both all-day comfort and trend-forward appeal."
SKU-FOO-2764,Nike Black Men's Cotton Sneakers,footwear,Sneakers,Nike,Men,2199,3.6,Gym;Casual,Vibrant,Black,Cotton,"Nike black sneakers crafted from premium cotton for men. Features a eye-catching high-energy color palette suited for expressive moods. Ideal for gym, casual occasions. Styled in a vibrant aesthetic, offering both all-day comfort and trend-forward appeal."
SKU-ACC-2954,Puma Charcoal Grey Unisex Polyester Watches,accessories,Watches,Puma,Unisex,7099,4.0,Party;Casual,Minimalist;Streetwear,Charcoal Grey,Polyester,"Puma charcoal grey watches crafted from premium polyester for all genders. Features a clean tailored silhouette with subtle contemporary accents. Ideal for party, casual occasions. Styled in a minimalist aesthetic, offering both all-day comfort and trend-forward appeal."
SKU-FOO-2378,Bata Sky Blue Women's Polyester Loafers,footwear,Loafers,Bata,Women,3399,4.6,Ethnic,Minimalist,Sky Blue,Polyester,"Bata sky blue loafers crafted from premium polyester for women. Features a clean tailored silhouette with subtle contemporary accents. Ideal for ethnic occasions. Styled in a minimalist aesthetic, offering both all-day comfort and trend-forward appeal."
SKU-TOP-1101,Bata Terracotta Women's Linen Kurtas,topwear,Kurtas,Bata,Women,1799,3.7,Party,Streetwear,Terracotta,Linen,"Bata terracotta kurtas crafted from premium linen for women. Features a urban relaxed drape engineered with durable modern textures. Ideal for party occasions. Styled in a streetwear aesthetic, offering both all-day comfort and trend-forward appeal."
SKU-ACC-3482,Puma Maroon Unisex Leather Bags,accessories,Bags,Puma,Unisex,4399,4.8,Gym;Beach,Vibrant,Maroon,Leather,"Puma maroon bags crafted from premium leather for all genders. Features a eye-catching high-energy color palette suited for expressive moods. Ideal for gym, beach occasions. Styled in a vibrant aesthetic, offering both all-day comfort and trend-forward appeal."
SKU-FOO-2341,ONLY Tan Brown Women's Leather Heels,footwear,Heels,ONLY,Women,1849,4.3,Party;Ethnic,Vibrant,Tan Brown,Leather,"ONLY tan brown heels crafted from premium leather for women. Features a eye-catching high-energy color palette suited for expressive moods. Ideal for party, ethnic occasions. Styled in a vibrant aesthetic, offering both all-day comfort and trend-forward appeal."
SKU-TOP-1388,Fossil Pastel Pink Men's Linen Shirts,topwear,Shirts,Fossil,Men,2149,4.9,Ethnic;Party,Minimalist;Pastel,Pastel Pink,Linen,"Fossil pastel pink shirts crafted from premium linen for men. Features a clean tailored silhouette with subtle contemporary accents. Ideal for ethnic, party occasions. Styled in a minimalist aesthetic, offering both all-day comfort and trend-forward appeal."
SKU-ACC-2955,Puma Tan Brown Men's Polyester Sunglasses,accessories,Sunglasses,Puma,Men,3149,4.0,Formal,Minimalist,Tan Brown,Polyester,"Puma tan brown sunglasses crafted from premium polyester for men. Features a clean tailored silhouette with subtle contemporary accents. Ideal for formal occasions. Styled in a minimalist aesthetic, offering both all-day comfort and trend-forward appeal."
SKU-TOP-1180,Tommy Hilfiger Tan Brown Men's Linen Blazers,topwear,Blazers,Tommy Hilfiger,Men,4549,4.9,Ethnic,Pastel,Tan Brown,Linen,"Tommy Hilfiger tan brown blazers crafted from premium linen for men. Features a soft muted hues providing a calm, breezy and sophisticated aesthetic. Ideal for ethnic occasions. Styled in a pastel aesthetic, offering both all-day comfort and trend-forward appeal."
SKU-FOO-2695,Puma Charcoal Grey Women's Polyester Boots,footwear,Boots,Puma,Women,7199,4.2,Ethnic,Classic,Charcoal Grey,Polyester,"Puma charcoal grey boots crafted from premium polyester for women. Features a timeless quintessential design crafted for versatile everyday elegance. Ideal for ethnic occasions. Styled in a classic aesthetic, offering both all-day comfort and trend-forward appeal."
SKU-FOO-2663,Tommy Hilfiger Olive Green Men's Polyester Loafers,footwear,Loafers,Tommy Hilfiger,Men,1299,3.5,Party;Ethnic,Vibrant,Olive Green,Polyester,"Tommy Hilfiger olive green loafers crafted from premium polyester for men. Features a eye-catching high-energy color palette suited for expressive moods. Ideal for party, ethnic occasions. Styled in a vibrant aesthetic, offering both all-day comfort and trend-forward appeal."
SKU-FOO-2305,DressBerry Maroon Women's Cotton Flats,footwear,Flats,DressBerry,Women,1149,4.4,Beach;Party,Minimalist,Maroon,Cotton,"DressBerry maroon flats crafted from premium cotton for women. Features a clean tailored silhouette with subtle contemporary accents. Ideal for beach, party occasions. Styled in a minimalist aesthetic, offering both all-day comfort and trend-forward appeal."
SKU-BOT-1928,Puma Tan Brown Men's Linen Chinos,bottomwear,Chinos,Puma,Men,1449,4.3,Gym,Pastel,Tan Brown,Linen,"Puma tan brown chinos crafted from premium linen for men. Features a soft muted hues providing a calm, breezy and sophisticated aesthetic. Ideal for gym occasions. Styled in a pastel aesthetic, offering both all-day comfort and trend-forward appeal."
SKU-FOO-2431,DressBerry Cream Women's Polyester Boots,footwear,Boots,DressBerry,Women,6849,4.3,Gym;Party,Streetwear,Cream,Polyester,"DressBerry cream boots crafted from premium polyester for women. Features a urban relaxed drape engineered with durable modern textures. Ideal for gym, party occasions. Styled in a streetwear aesthetic, offering both all-day comfort and trend-forward appeal."
SKU-ACC-3269,Peter England Pastel Pink Men's Polyester Sunglasses,accessories,Sunglasses,Peter England,Men,1599,4.0,Party,Classic;Streetwear,Pastel Pink,Polyester,"Peter England pastel pink sunglasses crafted from premium polyester for men. Features a timeless quintessential design crafted for versatile everyday elegance. Ideal for party occasions. Styled in a classic aesthetic, offering both all-day comfort and trend-forward appeal."
SKU-TOP-1142,Nike Sky Blue Men's Linen Shirts,topwear,Shirts,Nike,Men,2949,4.7,Gym;Casual,Classic,Sky Blue,Linen,"Nike sky blue shirts crafted from premium linen for men. Features a timeless quintessential design crafted for versatile everyday elegance. Ideal for gym, casual occasions. Styled in a classic aesthetic, offering both all-day comfort and trend-forward appeal."
SKU-TOP-1369,Peter England Beige Men's Linen Kurtas,topwear,Kurtas,Peter England,Men,1849,4.2,Ethnic;Formal,Pastel;Minimalist,Beige,Linen,"Peter England beige kurtas crafted from premium linen for men. Features a soft muted hues providing a calm, breezy and sophisticated aesthetic. Ideal for ethnic, formal occasions. Styled in a pastel aesthetic, offering both all-day comfort and trend-forward appeal."
SKU-ACC-3446,Fossil Terracotta Unisex Polyester Sunglasses,accessories,Sunglasses,Fossil,Unisex,599,4.3,Formal;Party,Streetwear,Terracotta,Polyester,"Fossil terracotta sunglasses crafted from premium polyester for all genders. Features a urban relaxed drape engineered with durable modern textures. Ideal for formal, party occasions. Styled in a streetwear aesthetic, offering both all-day comfort and trend-forward appeal."
SKU-BOT-2086,Forever 21 Beige Women's Cotton Chinos,bottomwear,Chinos,Forever 21,Women,1999,4.4,Gym,Classic,Beige,Cotton,"Forever 21 beige chinos crafted from premium cotton for women. Features a timeless quintessential design crafted for versatile everyday elegance. Ideal for gym occasions. Styled in a classic aesthetic, offering both all-day comfort and trend-forward appeal."
SKU-TOP-1368,Fossil Cream Men's Linen Kurtas,topwear,Kurtas,Fossil,Men,2249,4.2,Formal,Classic;Vibrant,Cream,Linen,"Fossil cream kurtas crafted from premium linen for men. Features a timeless quintessential design crafted for versatile everyday elegance. Ideal for formal occasions. Styled in a classic aesthetic, offering both all-day comfort and trend-forward appeal."
SKU-FOO-2675,Nike Burgundy Men's Polyester Loafers,footwear,Loafers,Nike,Men,3749,4.8,Gym,Pastel,Burgundy,Polyester,"Nike burgundy loafers crafted from premium polyester for men. Features a soft muted hues providing a calm, breezy and sophisticated aesthetic. Ideal for gym occasions. Styled in a pastel aesthetic, offering both all-day comfort and trend-forward appeal."
SKU-BOT-2045,Anouk Lavender Women's Polyester Trousers,bottomwear,Trousers,Anouk,Women,3849,4.1,Beach,Classic,Lavender,Polyester,"Anouk lavender trousers crafted from premium polyester for women. Features a timeless quintessential design crafted for versatile everyday elegance. Ideal for beach occasions. Styled in a classic aesthetic, offering both all-day comfort and trend-forward appeal."
SKU-TOP-1319,Louis Philippe Burgundy Men's Cotton T-Shirts,topwear,T-Shirts,Louis Philippe,Men,599,4.3,Formal,Minimalist,Burgundy,Cotton,"Louis Philippe burgundy t-shirts crafted from premium cotton for men. Features a clean tailored silhouette with subtle contemporary accents. Ideal for formal occasions. Styled in a minimalist aesthetic, offering both all-day comfort and trend-forward appeal."
SKU-FOO-2539,Carlton London Charcoal Grey Women's Polyester Heels,footwear,Heels,Carlton London,Women,3749,3.8,Gym,Classic,Charcoal Grey,Polyester,"Carlton London charcoal grey heels crafted from premium polyester for women. Features a timeless quintessential design crafted for versatile everyday elegance. Ideal for gym occasions. Styled in a classic aesthetic, offering both all-day comfort and trend-forward appeal."
SKU-TOP-1248,ONLY Black Women's Polyester Crop Tops,topwear,Crop Tops,ONLY,Women,1349,4.0,Party,Streetwear,Black,Polyester,"ONLY black crop tops crafted from premium polyester for women. Features a urban relaxed drape engineered with durable modern textures. Ideal for party occasions. Styled in a streetwear aesthetic, offering both all-day comfort and trend-forward appeal."
SKU-TOP-1322,Nike Terracotta Men's Silk Shirts,topwear,Shirts,Nike,Men,2299,4.4,Beach,Vibrant,Terracotta,Silk,"Nike terracotta shirts crafted from premium silk for men. Features a eye-catching high-energy color palette suited for expressive moods. Ideal for beach occasions. Styled in a vibrant aesthetic, offering both all-day comfort and trend-forward appeal."
SKU-FOO-2834,Carlton London Beige Women's Polyester Sneakers,footwear,Sneakers,Carlton London,Women,4399,4.3,Casual,Classic;Streetwear,Beige,Polyester,"Carlton London beige sneakers crafted from premium polyester for women. Features a timeless quintessential design crafted for versatile everyday elegance. Ideal for casual occasions. Styled in a classic aesthetic, offering both all-day comfort and trend-forward appeal."
SKU-FOO-2840,Tokyo Talkies Mustard Yellow Women's Cotton Sneakers,footwear,Sneakers,Tokyo Talkies,Women,3649,4.1,Gym;Formal,Minimalist,Mustard Yellow,Cotton,"Tokyo Talkies mustard yellow sneakers crafted from premium cotton for women. Features a clean tailored silhouette with subtle contemporary accents. Ideal for gym, formal occasions. Styled in a minimalist aesthetic, offering both all-day comfort and trend-forward appeal."
SKU-BOT-2000,Puma Burgundy Women's Silk Palazzos,bottomwear,Palazzos,Puma,Women,1249,4.4,Beach;Gym,Pastel,Burgundy,Silk,"Puma burgundy palazzos crafted from premium silk for women. Features a soft muted hues providing a calm, breezy and sophisticated aesthetic. Ideal for beach, gym occasions. Styled in a pastel aesthetic, offering both all-day comfort and trend-forward appeal."
SKU-BOT-1943,Fossil Burgundy Women's Cotton Palazzos,bottomwear,Palazzos,Fossil,Women,1999,4.4,Ethnic;Formal,Pastel,Burgundy,Cotton,"Fossil burgundy palazzos crafted from premium cotton for women. Features a soft muted hues providing a calm, breezy and sophisticated aesthetic. Ideal for ethnic, formal occasions. Styled in a pastel aesthetic, offering both all-day comfort and trend-forward appeal."
SKU-FOO-2773,Puma Navy Blue Men's Polyester Boots,footwear,Boots,Puma,Men,6599,4.0,Formal,Minimalist,Navy Blue,Polyester,"Puma navy blue boots crafted from premium polyester for men. Features a clean tailored silhouette with subtle contemporary accents. Ideal for formal occasions. Styled in a minimalist aesthetic, offering both all-day comfort and trend-forward appeal."
SKU-TOP-1030,Peter England Olive Green Men's Cotton Shirts,topwear,Shirts,Peter England,Men,2899,4.1,Party,Pastel,Olive Green,Cotton,"Peter England olive green shirts crafted from premium cotton for men. Features a soft muted hues providing a calm, breezy and sophisticated aesthetic. Ideal for party occasions. Styled in a pastel aesthetic, offering both all-day comfort and trend-forward appeal."
SKU-FOO-2300,Sangria Lavender Women's Leather Heels,footwear,Heels,Sangria,Women,3599,4.3,Party,Vibrant,Lavender,Leather,"Sangria lavender heels crafted from premium leather for women. Features a eye-catching high-energy color palette suited for expressive moods. Ideal for party occasions. Styled in a vibrant aesthetic, offering both all-day comfort and trend-forward appeal."
SKU-ACC-2994,ONLY Pastel Pink Women's Polyester Belts,accessories,Belts,ONLY,Women,1949,4.4,Formal,Vibrant,Pastel Pink,Polyester,"ONLY pastel pink belts crafted from premium polyester for women. Features a eye-catching high-energy color palette suited for expressive moods. Ideal for formal occasions. Styled in a vibrant aesthetic, offering both all-day comfort and trend-forward appeal."
SKU-ACC-2915,Puma Maroon Unisex Polyester Watches,accessories,Watches,Puma,Unisex,6049,3.6,Beach;Gym,Minimalist,Maroon,Polyester,"Puma maroon watches crafted from premium polyester for all genders. Features a clean tailored silhouette with subtle contemporary accents. Ideal for beach, gym occasions. Styled in a minimalist aesthetic, offering both all-day comfort and trend-forward appeal."
SKU-BOT-1696,DressBerry Charcoal Grey Women's Polyester Skirts,bottomwear,Skirts,DressBerry,Women,2749,4.1,Formal,Minimalist,Charcoal Grey,Polyester,"DressBerry charcoal grey skirts crafted from premium polyester for women. Features a clean tailored silhouette with subtle contemporary accents. Ideal for formal occasions. Styled in a minimalist aesthetic, offering both all-day comfort and trend-forward appeal."
SKU-ACC-3471,Nike Lavender Men's Leather Bags,accessories,Bags,Nike,Men,1399,4.6,Party,Vibrant,Lavender,Leather,"Nike lavender bags crafted from premium leather for men. Features a eye-catching high-energy color palette suited for expressive moods. Ideal for party occasions. Styled in a vibrant aesthetic, offering both all-day comfort and trend-forward appeal."
SKU-ACC-3029,Anouk Charcoal Grey Women's Leather Watches,accessories,Watches,Anouk,Women,7999,4.3,Party;Beach,Classic;Minimalist,Charcoal Grey,Leather,"Anouk charcoal grey watches crafted from premium leather for women. Features a timeless quintessential design crafted for versatile everyday elegance. Ideal for party, beach occasions. Styled in a classic aesthetic, offering both all-day comfort and trend-forward appeal."
SKU-FOO-2601,Anouk Black Women's Cotton Flats,footwear,Flats,Anouk,Women,2049,4.1,Ethnic;Beach,Minimalist,Black,Cotton,"Anouk black flats crafted from premium cotton for women. Features a clean tailored silhouette with subtle contemporary accents. Ideal for ethnic, beach occasions. Styled in a minimalist aesthetic, offering both all-day comfort and trend-forward appeal."
SKU-ACC-3330,Titan Pastel Pink Men's Polyester Bags,accessories,Bags,Titan,Men,3349,4.5,Beach,Classic,Pastel Pink,Polyester,"Titan pastel pink bags crafted from premium polyester for men. Features a timeless quintessential design crafted for versatile everyday elegance. Ideal for beach occasions. Styled in a classic aesthetic, offering both all-day comfort and trend-forward appeal."
SKU-BOT-2232,Mango Terracotta Women's Polyester Skirts,bottomwear,Skirts,Mango,Women,1149,3.7,Beach;Ethnic,Streetwear,Terracotta,Polyester,"Mango terracotta skirts crafted from premium polyester for women. Features a urban relaxed drape engineered with durable modern textures. Ideal for beach, ethnic occasions. Styled in a streetwear aesthetic, offering both all-day comfort and trend-forward appeal."
SKU-ACC-3174,Vans Mustard Yellow Unisex Polyester Watches,accessories,Watches,Vans,Unisex,3349,4.3,Ethnic,Classic;Vibrant,Mustard Yellow,Polyester,"Vans mustard yellow watches crafted from premium polyester for all genders. Features a timeless quintessential design crafted for versatile everyday elegance. Ideal for ethnic occasions. Styled in a classic aesthetic, offering both all-day comfort and trend-forward appeal."
SKU-ACC-2916,Titan Sky Blue Men's Leather Belts,accessories,Belts,Titan,Men,549,4.0,Beach,Minimalist,Sky Blue,Leather,"Titan sky blue belts crafted from premium leather for men. Features a clean tailored silhouette with subtle contemporary accents. Ideal for beach occasions. Styled in a minimalist aesthetic, offering both all-day comfort and trend-forward appeal."
SKU-FOO-2730,Louis Philippe White Men's Leather Loafers,footwear,Loafers,Louis Philippe,Men,4149,4.8,Casual,Vibrant,White,Leather,"Louis Philippe white loafers crafted from premium leather for men. Features a eye-catching high-energy color palette suited for expressive moods. Ideal for casual occasions. Styled in a vibrant aesthetic, offering both all-day comfort and trend-forward appeal."
SKU-FOO-2707,DressBerry Mustard Yellow Women's Leather Boots,footwear,Boots,DressBerry,Women,6499,4.4,Party;Gym,Streetwear,Mustard Yellow,Leather,"DressBerry mustard yellow boots crafted from premium leather for women. Features a urban relaxed drape engineered with durable modern textures. Ideal for party, gym occasions. Styled in a streetwear aesthetic, offering both all-day comfort and trend-forward appeal."
SKU-FOO-2704,VERO MODA Mustard Yellow Women's Leather Loafers,footwear,Loafers,VERO MODA,Women,3449,4.6,Ethnic;Casual,Vibrant,Mustard Yellow,Leather,"VERO MODA mustard yellow loafers crafted from premium leather for women. Features a eye-catching high-energy color palette suited for expressive moods. Ideal for ethnic, casual occasions. Styled in a vibrant aesthetic, offering both all-day comfort and trend-forward appeal."
SKU-BOT-1756,Bata Burgundy Women's Linen Chinos,bottomwear,Chinos,Bata,Women,2299,4.9,Formal;Gym,Classic,Burgundy,Linen,"Bata burgundy chinos crafted from premium linen for women. Features a timeless quintessential design crafted for versatile everyday elegance. Ideal for formal, gym occasions. Styled in a classic aesthetic, offering both all-day comfort and trend-forward appeal."
SKU-FOO-2331,Converse Charcoal Grey Unisex Leather Sneakers,footwear,Sneakers,Converse,Unisex,4399,4.7,Party;Casual,Streetwear,Charcoal Grey,Leather,"Converse charcoal grey sneakers crafted from premium leather for all genders. Features a urban relaxed drape engineered with durable modern textures. Ideal for party, casual occasions. Styled in a streetwear aesthetic, offering both all-day comfort and trend-forward appeal."
SKU-TOP-1354,Tokyo Talkies Sky Blue Women's Polyester Crop Tops,topwear,Crop Tops,Tokyo Talkies,Women,949,4.1,Beach,Pastel;Minimalist,Sky Blue,Polyester,"Tokyo Talkies sky blue crop tops crafted from premium polyester for women. Features a soft muted hues providing a calm, breezy and sophisticated aesthetic. Ideal for beach occasions. Styled in a pastel aesthetic, offering both all-day comfort and trend-forward appeal."
SKU-TOP-1209,Mango Lavender Women's Cotton Shirts,topwear,Shirts,Mango,Women,2349,4.4,Ethnic;Party,Minimalist,Lavender,Cotton,"Mango lavender shirts crafted from premium cotton for women. Features a clean tailored silhouette with subtle contemporary accents. Ideal for ethnic, party occasions. Styled in a minimalist aesthetic, offering both all-day comfort and trend-forward appeal."
SKU-ACC-3145,DressBerry Charcoal Grey Women's Silk Earrings,accessories,Earrings,DressBerry,Women,1249,4.1,Casual;Ethnic,Minimalist;Streetwear,Charcoal Grey,Silk,"DressBerry charcoal grey earrings crafted from premium silk for women. Features a clean tailored silhouette with subtle contemporary accents. Ideal for casual, ethnic occasions. Styled in a minimalist aesthetic, offering both all-day comfort and trend-forward appeal."
SKU-BOT-1904,Sangria Cream Women's Linen Chinos,bottomwear,Chinos,Sangria,Women,1249,4.6,Beach,Minimalist;Streetwear,Cream,Linen,"Sangria cream chinos crafted from premium linen for women. Features a clean tailored silhouette with subtle contemporary accents. Ideal for beach occasions. Styled in a minimalist aesthetic, offering both all-day comfort and trend-forward appeal."
SKU-BOT-1953,Anouk Olive Green Women's Cotton Palazzos,bottomwear,Palazzos,Anouk,Women,649,3.8,Party,Vibrant,Olive Green,Cotton,"Anouk olive green palazzos crafted from premium cotton for women. Features a eye-catching high-energy color palette suited for expressive moods. Ideal for party occasions. Styled in a vibrant aesthetic, offering both all-day comfort and trend-forward appeal."
SKU-FOO-2338,Sangria Pastel Pink Women's Leather Flats,footwear,Flats,Sangria,Women,1799,4.1,Casual;Party,Minimalist;Streetwear,Pastel Pink,Leather,"Sangria pastel pink flats crafted from premium leather for women. Features a clean tailored silhouette with subtle contemporary accents. Ideal for casual, party occasions. Styled in a minimalist aesthetic, offering both all-day comfort and trend-forward appeal."
SKU-FOO-2552,Forever 21 Tan Brown Women's Cotton Flats,footwear,Flats,Forever 21,Women,1849,4.1,Beach;Gym,Vibrant;Pastel,Tan Brown,Cotton,"Forever 21 tan brown flats crafted from premium cotton for women. Features a eye-catching high-energy color palette suited for expressive moods. Ideal for beach, gym occasions. Styled in a vibrant aesthetic, offering both all-day comfort and trend-forward appeal."
SKU-FOO-2568,Bata Tan Brown Women's Polyester Heels,footwear,Heels,Bata,Women,4499,4.4,Beach,Vibrant,Tan Brown,Polyester,"Bata tan brown heels crafted from premium polyester for women. Features a eye-catching high-energy color palette suited for expressive moods. Ideal for beach occasions. Styled in a vibrant aesthetic, offering both all-day comfort and trend-forward appeal."
SKU-ACC-2944,Tommy Hilfiger Beige Men's Polyester Belts,accessories,Belts,Tommy Hilfiger,Men,1649,4.1,Gym,Vibrant,Beige,Polyester,"Tommy Hilfiger beige belts crafted from premium polyester for men. Features a eye-catching high-energy color palette suited for expressive moods. Ideal for gym occasions. Styled in a vibrant aesthetic, offering both all-day comfort and trend-forward appeal."
SKU-TOP-1486,HRX by Hrithik Roshan Cream Men's Silk Shirts,topwear,Shirts,HRX by Hrithik Roshan,Men,899,3.7,Beach,Minimalist,Cream,Silk,"HRX by Hrithik Roshan cream shirts crafted from premium silk for men. Features a clean tailored silhouette with subtle contemporary accents. Ideal for beach occasions. Styled in a minimalist aesthetic, offering both all-day comfort and trend-forward appeal."
SKU-FOO-2630,ONLY Tan Brown Women's Leather Heels,footwear,Heels,ONLY,Women,4149,4.5,Ethnic;Casual,Minimalist,Tan Brown,Leather,"ONLY tan brown heels crafted from premium leather for women. Features a clean tailored silhouette with subtle contemporary accents. Ideal for ethnic, casual occasions. Styled in a minimalist aesthetic, offering both all-day comfort and trend-forward appeal."
SKU-ACC-3040,ONLY Black Women's Polyester Earrings,accessories,Earrings,ONLY,Women,1399,3.6,Casual,Streetwear,Black,Polyester,"ONLY black earrings crafted from premium polyester for women. Features a urban relaxed drape engineered with durable modern textures. Ideal for casual occasions. Styled in a streetwear aesthetic, offering both all-day comfort and trend-forward appeal."
SKU-TOP-1200,Sangria Mustard Yellow Women's Polyester Crop Tops,topwear,Crop Tops,Sangria,Women,1599,3.8,Party,Vibrant;Streetwear,Mustard Yellow,Polyester,"Sangria mustard yellow crop tops crafted from premium polyester for women. Features a eye-catching high-energy color palette suited for expressive moods. Ideal for party occasions. Styled in a vibrant aesthetic, offering both all-day comfort and trend-forward appeal."
SKU-TOP-1230,Tokyo Talkies Charcoal Grey Women's Polyester Crop Tops,topwear,Crop Tops,Tokyo Talkies,Women,1699,4.4,Casual;Formal,Classic;Vibrant,Charcoal Grey,Polyester,"Tokyo Talkies charcoal grey crop tops crafted from premium polyester for women. Features a timeless quintessential design crafted for versatile everyday elegance. Ideal for casual, formal occasions. Styled in a classic aesthetic, offering both all-day comfort and trend-forward appeal."
SKU-BOT-1811,Peter England Maroon Men's Denim Jeans,bottomwear,Jeans,Peter England,Men,2799,4.1,Gym,Pastel,Maroon,Denim,"Peter England maroon jeans crafted from premium denim for men. Features a soft muted hues providing a calm, breezy and sophisticated aesthetic. Ideal for gym occasions. Styled in a pastel aesthetic, offering both all-day comfort and trend-forward appeal."
SKU-BOT-1788,Peter England Cream Men's Denim Jeans,bottomwear,Jeans,Peter England,Men,4049,4.4,Ethnic,Minimalist,Cream,Denim,"Peter England cream jeans crafted from premium denim for men. Features a clean tailored silhouette with subtle contemporary accents. Ideal for ethnic occasions. Styled in a minimalist aesthetic, offering both all-day comfort and trend-forward appeal."
SKU-TOP-1411,Fossil Mustard Yellow Women's Cotton Blouses,topwear,Blouses,Fossil,Women,1899,4.4,Formal,Pastel,Mustard Yellow,Cotton,"Fossil mustard yellow blouses crafted from premium cotton for women. Features a soft muted hues providing a calm, breezy and sophisticated aesthetic. Ideal for formal occasions. Styled in a pastel aesthetic, offering both all-day comfort and trend-forward appeal."
SKU-BOT-1630,Roadster Pastel Pink Men's Linen Chinos,bottomwear,Chinos,Roadster,Men,1149,4.6,Formal,Vibrant;Pastel,Pastel Pink,Linen,"Roadster pastel pink chinos crafted from premium linen for men. Features a eye-catching high-energy color palette suited for expressive moods. Ideal for formal occasions. Styled in a vibrant aesthetic, offering both all-day comfort and trend-forward appeal."
SKU-FOO-2511,Casio Lavender Unisex Cotton Sneakers,footwear,Sneakers,Casio,Unisex,5299,3.8,Ethnic,Minimalist,Lavender,Cotton,"Casio lavender sneakers crafted from premium cotton for all genders. Features a clean tailored silhouette with subtle contemporary accents. Ideal for ethnic occasions. Styled in a minimalist aesthetic, offering both all-day comfort and trend-forward appeal."
SKU-BOT-1663,Tommy Hilfiger Burgundy Men's Cotton Chinos,bottomwear,Chinos,Tommy Hilfiger,Men,3099,4.2,Casual,Streetwear,Burgundy,Cotton,"Tommy Hilfiger burgundy chinos crafted from premium cotton for men. Features a urban relaxed drape engineered with durable modern textures. Ideal for casual occasions. Styled in a streetwear aesthetic, offering both all-day comfort and trend-forward appeal."
SKU-ACC-3143,ONLY Black Women's Leather Watches,accessories,Watches,ONLY,Women,7749,4.3,Casual,Classic,Black,Leather,"ONLY black watches crafted from premium leather for women. Features a timeless quintessential design crafted for versatile everyday elegance. Ideal for casual occasions. Styled in a classic aesthetic, offering both all-day comfort and trend-forward appeal."
SKU-ACC-2919,Mast & Harbour Pastel Pink Men's Polyester Belts,accessories,Belts,Mast & Harbour,Men,649,4.1,Casual,Vibrant,Pastel Pink,Polyester,"Mast & Harbour pastel pink belts crafted from premium polyester for men. Features a eye-catching high-energy color palette suited for expressive moods. Ideal for casual occasions. Styled in a vibrant aesthetic, offering both all-day comfort and trend-forward appeal."
SKU-ACC-3335,ONLY Maroon Women's Silk Earrings,accessories,Earrings,ONLY,Women,599,4.5,Beach,Classic,Maroon,Silk,"ONLY maroon earrings crafted from premium silk for women. Features a timeless quintessential design crafted for versatile everyday elegance. Ideal for beach occasions. Styled in a classic aesthetic, offering both all-day comfort and trend-forward appeal."
SKU-FOO-2270,Fossil Black Women's Leather Flats,footwear,Flats,Fossil,Women,1999,4.6,Gym,Minimalist,Black,Leather,"Fossil black flats crafted from premium leather for women. Features a clean tailored silhouette with subtle contemporary accents. Ideal for gym occasions. Styled in a minimalist aesthetic, offering both all-day comfort and trend-forward appeal."
SKU-TOP-1070,ONLY Burgundy Women's Polyester Blazers,topwear,Blazers,ONLY,Women,4999,4.0,Casual,Pastel;Minimalist,Burgundy,Polyester,"ONLY burgundy blazers crafted from premium polyester for women. Features a soft muted hues providing a calm, breezy and sophisticated aesthetic. Ideal for casual occasions. Styled in a pastel aesthetic, offering both all-day comfort and trend-forward appeal."
SKU-TOP-1444,Mast & Harbour Maroon Men's Cotton T-Shirts,topwear,T-Shirts,Mast & Harbour,Men,849,4.2,Party,Streetwear;Classic,Maroon,Cotton,"Mast & Harbour maroon t-shirts crafted from premium cotton for men. Features a urban relaxed drape engineered with durable modern textures. Ideal for party occasions. Styled in a streetwear aesthetic, offering both all-day comfort and trend-forward appeal."
SKU-ACC-3148,VERO MODA Mustard Yellow Women's Leather Belts,accessories,Belts,VERO MODA,Women,499,3.9,Ethnic,Classic;Pastel,Mustard Yellow,Leather,"VERO MODA mustard yellow belts crafted from premium leather for women. Features a timeless quintessential design crafted for versatile everyday elegance. Ideal for ethnic occasions. Styled in a classic aesthetic, offering both all-day comfort and trend-forward appeal."
SKU-ACC-3242,Sangria Black Women's Leather Watches,accessories,Watches,Sangria,Women,6199,4.4,Gym,Classic;Pastel,Black,Leather,"Sangria black watches crafted from premium leather for women. Features a timeless quintessential design crafted for versatile everyday elegance. Ideal for gym occasions. Styled in a classic aesthetic, offering both all-day comfort and trend-forward appeal."
SKU-FOO-2585,ONLY Sky Blue Women's Cotton Sneakers,footwear,Sneakers,ONLY,Women,2149,4.4,Ethnic,Vibrant;Minimalist,Sky Blue,Cotton,"ONLY sky blue sneakers crafted from premium cotton for women. Features a eye-catching high-energy color palette suited for expressive moods. Ideal for ethnic occasions. Styled in a vibrant aesthetic, offering both all-day comfort and trend-forward appeal."
SKU-TOP-1232,Louis Philippe Mustard Yellow Men's Cotton Blazers,topwear,Blazers,Louis Philippe,Men,5149,4.3,Beach;Gym,Pastel,Mustard Yellow,Cotton,"Louis Philippe mustard yellow blazers crafted from premium cotton for men. Features a soft muted hues providing a calm, breezy and sophisticated aesthetic. Ideal for beach, gym occasions. Styled in a pastel aesthetic, offering both all-day comfort and trend-forward appeal."
SKU-TOP-1441,Puma Charcoal Grey Women's Silk Shirts,topwear,Shirts,Puma,Women,2949,4.3,Beach,Pastel,Charcoal Grey,Silk,"Puma charcoal grey shirts crafted from premium silk for women. Features a soft muted hues providing a calm, breezy and sophisticated aesthetic. Ideal for beach occasions. Styled in a pastel aesthetic, offering both all-day comfort and trend-forward appeal."
SKU-FOO-2628,Fossil Charcoal Grey Men's Leather Sneakers,footwear,Sneakers,Fossil,Men,4399,4.6,Party,Classic,Charcoal Grey,Leather,"Fossil charcoal grey sneakers crafted from premium leather for men. Features a timeless quintessential design crafted for versatile everyday elegance. Ideal for party occasions. Styled in a classic aesthetic, offering both all-day comfort and trend-forward appeal."
SKU-FOO-2323,Nike White Men's Polyester Boots,footwear,Boots,Nike,Men,6299,4.2,Ethnic,Vibrant,White,Polyester,"Nike white boots crafted from premium polyester for men. Features a eye-catching high-energy color palette suited for expressive moods. Ideal for ethnic occasions. Styled in a vibrant aesthetic, offering both all-day comfort and trend-forward appeal."
SKU-FOO-2279,Anouk Navy Blue Women's Cotton Flats,footwear,Flats,Anouk,Women,1899,4.3,Beach,Classic,Navy Blue,Cotton,"Anouk navy blue flats crafted from premium cotton for women. Features a timeless quintessential design crafted for versatile everyday elegance. Ideal for beach occasions. Styled in a classic aesthetic, offering both all-day comfort and trend-forward appeal."
SKU-BOT-1818,Puma Mustard Yellow Women's Polyester Palazzos,bottomwear,Palazzos,Puma,Women,1449,4.5,Formal;Gym,Pastel,Mustard Yellow,Polyester,"Puma mustard yellow palazzos crafted from premium polyester for women. Features a soft muted hues providing a calm, breezy and sophisticated aesthetic. Ideal for formal, gym occasions. Styled in a pastel aesthetic, offering both all-day comfort and trend-forward appeal."
SKU-TOP-1600,Forever 21 Navy Blue Women's Linen Kurtas,topwear,Kurtas,Forever 21,Women,3299,4.3,Beach,Minimalist,Navy Blue,Linen,"Forever 21 navy blue kurtas crafted from premium linen for women. Features a clean tailored silhouette with subtle contemporary accents. Ideal for beach occasions. Styled in a minimalist aesthetic, offering both all-day comfort and trend-forward appeal."
SKU-BOT-2057,Bata Olive Green Women's Polyester Skirts,bottomwear,Skirts,Bata,Women,1099,4.2,Casual,Vibrant;Minimalist,Olive Green,Polyester,"Bata olive green skirts crafted from premium polyester for women. Features a eye-catching high-energy color palette suited for expressive moods. Ideal for casual occasions. Styled in a vibrant aesthetic, offering both all-day comfort and trend-forward appeal."
SKU-TOP-1415,Mast & Harbour Charcoal Grey Men's Cotton Kurtas,topwear,Kurtas,Mast & Harbour,Men,2149,4.3,Formal,Pastel,Charcoal Grey,Cotton,"Mast & Harbour charcoal grey kurtas crafted from premium cotton for men. Features a soft muted hues providing a calm, breezy and sophisticated aesthetic. Ideal for formal occasions. Styled in a pastel aesthetic, offering both all-day comfort and trend-forward appeal."
SKU-BOT-1680,Anouk Olive Green Women's Cotton Skirts,bottomwear,Skirts,Anouk,Women,1349,4.6,Formal,Classic;Minimalist,Olive Green,Cotton,"Anouk olive green skirts crafted from premium cotton for women. Features a timeless quintessential design crafted for versatile everyday elegance. Ideal for formal occasions. Styled in a classic aesthetic, offering both all-day comfort and trend-forward appeal."
SKU-FOO-2519,Mango Pastel Pink Women's Leather Loafers,footwear,Loafers,Mango,Women,2149,3.8,Ethnic;Casual,Vibrant,Pastel Pink,Leather,"Mango pastel pink loafers crafted from premium leather for women. Features a eye-catching high-energy color palette suited for expressive moods. Ideal for ethnic, casual occasions. Styled in a vibrant aesthetic, offering both all-day comfort and trend-forward appeal."
SKU-BOT-2117,Tommy Hilfiger Terracotta Men's Cotton Jeans,bottomwear,Jeans,Tommy Hilfiger,Men,1799,4.9,Casual,Classic,Terracotta,Cotton,"Tommy Hilfiger terracotta jeans crafted from premium cotton for men. Features a timeless quintessential design crafted for versatile everyday elegance. Ideal for casual occasions. Styled in a classic aesthetic, offering both all-day comfort and trend-forward appeal."
SKU-TOP-1280,Titan Maroon Men's Polyester T-Shirts,topwear,T-Shirts,Titan,Men,749,4.1,Formal;Gym,Classic;Pastel,Maroon,Polyester,"Titan maroon t-shirts crafted from premium polyester for men. Features a timeless quintessential design crafted for versatile everyday elegance. Ideal for formal, gym occasions. Styled in a classic aesthetic, offering both all-day comfort and trend-forward appeal."
SKU-FOO-2386,Fossil White Women's Cotton Flats,footwear,Flats,Fossil,Women,2049,4.3,Formal,Minimalist;Classic,White,Cotton,"Fossil white flats crafted from premium cotton for women. Features a clean tailored silhouette with subtle contemporary accents. Ideal for formal occasions. Styled in a minimalist aesthetic, offering both all-day comfort and trend-forward appeal."
SKU-TOP-1409,Tokyo Talkies Olive Green Women's Cotton Kurtas,topwear,Kurtas,Tokyo Talkies,Women,2349,4.2,Gym,Pastel,Olive Green,Cotton,"Tokyo Talkies olive green kurtas crafted from premium cotton for women. Features a soft muted hues providing a calm, breezy and sophisticated aesthetic. Ideal for gym occasions. Styled in a pastel aesthetic, offering both all-day comfort and trend-forward appeal."
SKU-BOT-2092,DressBerry Beige Women's Cotton Jeans,bottomwear,Jeans,DressBerry,Women,4199,4.2,Ethnic,Classic,Beige,Cotton,"DressBerry beige jeans crafted from premium cotton for women. Features a timeless quintessential design crafted for versatile everyday elegance. Ideal for ethnic occasions. Styled in a classic aesthetic, offering both all-day comfort and trend-forward appeal."
SKU-ACC-3283,Sangria Terracotta Women's Leather Belts,accessories,Belts,Sangria,Women,999,4.6,Formal;Ethnic,Classic,Terracotta,Leather,"Sangria terracotta belts crafted from premium leather for women. Features a timeless quintessential design crafted for versatile everyday elegance. Ideal for formal, ethnic occasions. Styled in a classic aesthetic, offering both all-day comfort and trend-forward appeal."
SKU-BOT-2217,ONLY Olive Green Women's Polyester Palazzos,bottomwear,Palazzos,ONLY,Women,1349,4.0,Casual;Formal,Pastel,Olive Green,Polyester,"ONLY olive green palazzos crafted from premium polyester for women. Features a soft muted hues providing a calm, breezy and sophisticated aesthetic. Ideal for casual, formal occasions. Styled in a pastel aesthetic, offering both all-day comfort and trend-forward appeal."
SKU-ACC-3079,Titan Mustard Yellow Men's Polyester Bags,accessories,Bags,Titan,Men,4999,4.2,Ethnic,Minimalist,Mustard Yellow,Polyester,"Titan mustard yellow bags crafted from premium polyester for men. Features a clean tailored silhouette with subtle contemporary accents. Ideal for ethnic occasions. Styled in a minimalist aesthetic, offering both all-day comfort and trend-forward appeal."
SKU-TOP-1499,DressBerry Mustard Yellow Women's Polyester Blouses,topwear,Blouses,DressBerry,Women,2199,3.9,Formal;Casual,Minimalist,Mustard Yellow,Polyester,"DressBerry mustard yellow blouses crafted from premium polyester for women. Features a clean tailored silhouette with subtle contemporary accents. Ideal for formal, casual occasions. Styled in a minimalist aesthetic, offering both all-day comfort and trend-forward appeal."
SKU-FOO-2709,WROGN Tan Brown Men's Leather Loafers,footwear,Loafers,WROGN,Men,4799,4.2,Ethnic;Gym,Minimalist,Tan Brown,Leather,"WROGN tan brown loafers crafted from premium leather for men. Features a clean tailored silhouette with subtle contemporary accents. Ideal for ethnic, gym occasions. Styled in a minimalist aesthetic, offering both all-day comfort and trend-forward appeal."
SKU-ACC-3027,VERO MODA Tan Brown Women's Leather Belts,accessories,Belts,VERO MODA,Women,1599,4.8,Formal,Vibrant,Tan Brown,Leather,"VERO MODA tan brown belts crafted from premium leather for women. Features a eye-catching high-energy color palette suited for expressive moods. Ideal for formal occasions. Styled in a vibrant aesthetic, offering both all-day comfort and trend-forward appeal."
SKU-BOT-1790,Mango Tan Brown Women's Linen Chinos,bottomwear,Chinos,Mango,Women,999,3.6,Formal;Ethnic,Pastel,Tan Brown,Linen,"Mango tan brown chinos crafted from premium linen for women. Features a soft muted hues providing a calm, breezy and sophisticated aesthetic. Ideal for formal, ethnic occasions. Styled in a pastel aesthetic, offering both all-day comfort and trend-forward appeal."
SKU-BOT-2071,Sangria Navy Blue Women's Polyester Palazzos,bottomwear,Palazzos,Sangria,Women,799,4.2,Ethnic,Streetwear,Navy Blue,Polyester,"Sangria navy blue palazzos crafted from premium polyester for women. Features a urban relaxed drape engineered with durable modern textures. Ideal for ethnic occasions. Styled in a streetwear aesthetic, offering both all-day comfort and trend-forward appeal."
SKU-ACC-3266,Tokyo Talkies Terracotta Women's Leather Belts,accessories,Belts,Tokyo Talkies,Women,899,4.6,Formal;Ethnic,Pastel;Streetwear,Terracotta,Leather,"Tokyo Talkies terracotta belts crafted from premium leather for women. Features a soft muted hues providing a calm, breezy and sophisticated aesthetic. Ideal for formal, ethnic occasions. Styled in a pastel aesthetic, offering both all-day comfort and trend-forward appeal."
SKU-TOP-1436,Roadster Black Men's Cotton Blazers,topwear,Blazers,Roadster,Men,7249,4.2,Ethnic,Minimalist,Black,Cotton,"Roadster black blazers crafted from premium cotton for men. Features a clean tailored silhouette with subtle contemporary accents. Ideal for ethnic occasions. Styled in a minimalist aesthetic, offering both all-day comfort and trend-forward appeal."
SKU-ACC-3044,ONLY Sky Blue Women's Polyester Belts,accessories,Belts,ONLY,Women,1949,4.3,Party,Minimalist,Sky Blue,Polyester,"ONLY sky blue belts crafted from premium polyester for women. Features a clean tailored silhouette with subtle contemporary accents. Ideal for party occasions. Styled in a minimalist aesthetic, offering both all-day comfort and trend-forward appeal."
SKU-ACC-2880,Peter England Tan Brown Men's Polyester Sunglasses,accessories,Sunglasses,Peter England,Men,2499,3.9,Beach,Vibrant;Streetwear,Tan Brown,Polyester,"Peter England tan brown sunglasses crafted from premium polyester for men. Features a eye-catching high-energy color palette suited for expressive moods. Ideal for beach occasions. Styled in a vibrant aesthetic, offering both all-day comfort and trend-forward appeal."
SKU-BOT-1783,ONLY Tan Brown Women's Silk Palazzos,bottomwear,Palazzos,ONLY,Women,1949,4.3,Gym;Ethnic,Streetwear,Tan Brown,Silk,"ONLY tan brown palazzos crafted from premium silk for women. Features a urban relaxed drape engineered with durable modern textures. Ideal for gym, ethnic occasions. Styled in a streetwear aesthetic, offering both all-day comfort and trend-forward appeal."
SKU-FOO-2477,DressBerry Black Women's Leather Loafers,footwear,Loafers,DressBerry,Women,3649,4.2,Casual;Ethnic,Classic,Black,Leather,"DressBerry black loafers crafted from premium leather for women. Features a timeless quintessential design crafted for versatile everyday elegance. Ideal for casual, ethnic occasions. Styled in a classic aesthetic, offering both all-day comfort and trend-forward appeal."
SKU-FOO-2832,Puma Burgundy Men's Cotton Sneakers,footwear,Sneakers,Puma,Men,5499,4.3,Ethnic;Beach,Classic;Streetwear,Burgundy,Cotton,"Puma burgundy sneakers crafted from premium cotton for men. Features a timeless quintessential design crafted for versatile everyday elegance. Ideal for ethnic, beach occasions. Styled in a classic aesthetic, offering both all-day comfort and trend-forward appeal."
SKU-FOO-2837,Titan Lavender Men's Leather Loafers,footwear,Loafers,Titan,Men,1799,3.8,Casual,Vibrant,Lavender,Leather,"Titan lavender loafers crafted from premium leather for men. Features a eye-catching high-energy color palette suited for expressive moods. Ideal for casual occasions. Styled in a vibrant aesthetic, offering both all-day comfort and trend-forward appeal."
SKU-TOP-1150,Bata Mint Green Women's Cotton Crop Tops,topwear,Crop Tops,Bata,Women,1649,4.3,Formal,Classic,Mint Green,Cotton,"Bata mint green crop tops crafted from premium cotton for women. Features a timeless quintessential design crafted for versatile everyday elegance. Ideal for formal occasions. Styled in a classic aesthetic, offering both all-day comfort and trend-forward appeal."
SKU-BOT-2195,Anouk Sky Blue Women's Silk Palazzos,bottomwear,Palazzos,Anouk,Women,1799,3.6,Ethnic;Gym,Classic,Sky Blue,Silk,"Anouk sky blue palazzos crafted from premium silk for women. Features a timeless quintessential design crafted for versatile everyday elegance. Ideal for ethnic, gym occasions. Styled in a classic aesthetic, offering both all-day comfort and trend-forward appeal."
SKU-ACC-3452,Anouk Terracotta Women's Cotton Bags,accessories,Bags,Anouk,Women,3649,3.9,Gym;Casual,Classic,Terracotta,Cotton,"Anouk terracotta bags crafted from premium cotton for women. Features a timeless quintessential design crafted for versatile everyday elegance. Ideal for gym, casual occasions. Styled in a classic aesthetic, offering both all-day comfort and trend-forward appeal."
SKU-BOT-2242,HIGHLANDER White Men's Linen Chinos,bottomwear,Chinos,HIGHLANDER,Men,1649,4.1,Party;Casual,Minimalist,White,Linen,"HIGHLANDER white chinos crafted from premium linen for men. Features a clean tailored silhouette with subtle contemporary accents. Ideal for party, casual occasions. Styled in a minimalist aesthetic, offering both all-day comfort and trend-forward appeal."
SKU-BOT-2056,ONLY Sky Blue Women's Cotton Chinos,bottomwear,Chinos,ONLY,Women,3199,4.0,Beach;Ethnic,Pastel,Sky Blue,Cotton,"ONLY sky blue chinos crafted from premium cotton for women. Features a soft muted hues providing a calm, breezy and sophisticated aesthetic. Ideal for beach, ethnic occasions. Styled in a pastel aesthetic, offering both all-day comfort and trend-forward appeal."
SKU-FOO-2770,Fossil Navy Blue Women's Cotton Sneakers,footwear,Sneakers,Fossil,Women,3249,4.4,Gym;Beach,Minimalist,Navy Blue,Cotton,"Fossil navy blue sneakers crafted from premium cotton for women. Features a clean tailored silhouette with subtle contemporary accents. Ideal for gym, beach occasions. Styled in a minimalist aesthetic, offering both all-day comfort and trend-forward appeal."
SKU-FOO-2690,Roadster Maroon Men's Leather Boots,footwear,Boots,Roadster,Men,4999,4.1,Casual,Vibrant,Maroon,Leather,"Roadster maroon boots crafted from premium leather for men. Features a eye-catching high-energy color palette suited for expressive moods. Ideal for casual occasions. Styled in a vibrant aesthetic, offering both all-day comfort and trend-forward appeal."
SKU-ACC-3094,Nike Mustard Yellow Men's Leather Watches,accessories,Watches,Nike,Men,1599,3.8,Ethnic,Classic,Mustard Yellow,Leather,"Nike mustard yellow watches crafted from premium leather for men. Features a timeless quintessential design crafted for versatile everyday elegance. Ideal for ethnic occasions. Styled in a classic aesthetic, offering both all-day comfort and trend-forward appeal."
SKU-ACC-3193,Ray-Ban Charcoal Grey Unisex Leather Watches,accessories,Watches,Ray-Ban,Unisex,3799,4.9,Gym;Casual,Vibrant,Charcoal Grey,Leather,"Ray-Ban charcoal grey watches crafted from premium leather for all genders. Features a eye-catching high-energy color palette suited for expressive moods. Ideal for gym, casual occasions. Styled in a vibrant aesthetic, offering both all-day comfort and trend-forward appeal."
SKU-ACC-2930,ONLY Maroon Women's Polyester Earrings,accessories,Earrings,ONLY,Women,1199,4.9,Beach,Vibrant,Maroon,Polyester,"ONLY maroon earrings crafted from premium polyester for women. Features a eye-catching high-energy color palette suited for expressive moods. Ideal for beach occasions. Styled in a vibrant aesthetic, offering both all-day comfort and trend-forward appeal."
SKU-TOP-1164,Roadster Lavender Men's Cotton Kurtas,topwear,Kurtas,Roadster,Men,2099,3.9,Ethnic;Beach,Classic;Streetwear,Lavender,Cotton,"Roadster lavender kurtas crafted from premium cotton for men. Features a timeless quintessential design crafted for versatile everyday elegance. Ideal for ethnic, beach occasions. Styled in a classic aesthetic, offering both all-day comfort and trend-forward appeal."
SKU-TOP-1439,Nike Beige Men's Polyester T-Shirts,topwear,T-Shirts,Nike,Men,1149,3.6,Beach,Pastel,Beige,Polyester,"Nike beige t-shirts crafted from premium polyester for men. Features a soft muted hues providing a calm, breezy and sophisticated aesthetic. Ideal for beach occasions. Styled in a pastel aesthetic, offering both all-day comfort and trend-forward appeal."
SKU-BOT-2026,DressBerry Pastel Pink Women's Polyester Skirts,bottomwear,Skirts,DressBerry,Women,2449,4.4,Ethnic,Classic,Pastel Pink,Polyester,"DressBerry pastel pink skirts crafted from premium polyester for women. Features a timeless quintessential design crafted for versatile everyday elegance. Ideal for ethnic occasions. Styled in a classic aesthetic, offering both all-day comfort and trend-forward appeal."
SKU-FOO-2383,Forever 21 Navy Blue Women's Leather Loafers,footwear,Loafers,Forever 21,Women,1949,4.9,Party;Beach,Streetwear,Navy Blue,Leather,"Forever 21 navy blue loafers crafted from premium leather for women. Features a urban relaxed drape engineered with durable modern textures. Ideal for party, beach occasions. Styled in a streetwear aesthetic, offering both all-day comfort and trend-forward appeal."
SKU-ACC-2979,Tokyo Talkies Pastel Pink Women's Leather Belts,accessories,Belts,Tokyo Talkies,Women,849,3.9,Party,Vibrant,Pastel Pink,Leather,"Tokyo Talkies pastel pink belts crafted from premium leather for women. Features a eye-catching high-energy color palette suited for expressive moods. Ideal for party occasions. Styled in a vibrant aesthetic, offering both all-day comfort and trend-forward appeal."
SKU-BOT-1830,Anouk Olive Green Women's Polyester Skirts,bottomwear,Skirts,Anouk,Women,849,4.1,Casual,Vibrant,Olive Green,Polyester,"Anouk olive green skirts crafted from premium polyester for women. Features a eye-catching high-energy color palette suited for expressive moods. Ideal for casual occasions. Styled in a vibrant aesthetic, offering both all-day comfort and trend-forward appeal."
SKU-BOT-1655,DressBerry Sky Blue Women's Cotton Skirts,bottomwear,Skirts,DressBerry,Women,1899,4.9,Casual;Gym,Minimalist,Sky Blue,Cotton,"DressBerry sky blue skirts crafted from premium cotton for women. Features a clean tailored silhouette with subtle contemporary accents. Ideal for casual, gym occasions. Styled in a minimalist aesthetic, offering both all-day comfort and trend-forward appeal."
SKU-TOP-1529,Lavie Sport Mustard Yellow Unisex Cotton T-Shirts,topwear,T-Shirts,Lavie Sport,Unisex,549,4.3,Beach,Classic,Mustard Yellow,Cotton,"Lavie Sport mustard yellow t-shirts crafted from premium cotton for all genders. Features a timeless quintessential design crafted for versatile everyday elegance. Ideal for beach occasions. Styled in a classic aesthetic, offering both all-day comfort and trend-forward appeal."
SKU-BOT-2134,Carlton London Mustard Yellow Women's Cotton Trousers,bottomwear,Trousers,Carlton London,Women,949,4.4,Gym,Minimalist;Vibrant,Mustard Yellow,Cotton,"Carlton London mustard yellow trousers crafted from premium cotton for women. Features a clean tailored silhouette with subtle contemporary accents. Ideal for gym occasions. Styled in a minimalist aesthetic, offering both all-day comfort and trend-forward appeal."
SKU-TOP-1050,Carlton London Mint Green Women's Polyester Blouses,topwear,Blouses,Carlton London,Women,1849,3.6,Ethnic;Beach,Classic;Streetwear,Mint Green,Polyester,"Carlton London mint green blouses crafted from premium polyester for women. Features a timeless quintessential design crafted for versatile everyday elegance. Ideal for ethnic, beach occasions. Styled in a classic aesthetic, offering both all-day comfort and trend-forward appeal."
SKU-TOP-1068,Carlton London Mustard Yellow Women's Cotton Blazers,topwear,Blazers,Carlton London,Women,6399,4.6,Beach;Gym,Minimalist;Pastel,Mustard Yellow,Cotton,"Carlton London mustard yellow blazers crafted from premium cotton for women. Features a clean tailored silhouette with subtle contemporary accents. Ideal for beach, gym occasions. Styled in a minimalist aesthetic, offering both all-day comfort and trend-forward appeal."
SKU-ACC-3017,Louis Philippe Maroon Men's Leather Belts,accessories,Belts,Louis Philippe,Men,699,4.1,Formal;Casual,Classic,Maroon,Leather,"Louis Philippe maroon belts crafted from premium leather for men. Features a timeless quintessential design crafted for versatile everyday elegance. Ideal for formal, casual occasions. Styled in a classic aesthetic, offering both all-day comfort and trend-forward appeal."
SKU-FOO-2371,Fossil Terracotta Men's Leather Boots,footwear,Boots,Fossil,Men,6049,4.1,Gym,Vibrant,Terracotta,Leather,"Fossil terracotta boots crafted from premium leather for men. Features a eye-catching high-energy color palette suited for expressive moods. Ideal for gym occasions. Styled in a vibrant aesthetic, offering both all-day comfort and trend-forward appeal."
SKU-ACC-3271,HIGHLANDER Burgundy Men's Leather Belts,accessories,Belts,HIGHLANDER,Men,799,4.3,Gym,Minimalist;Classic,Burgundy,Leather,"HIGHLANDER burgundy belts crafted from premium leather for men. Features a clean tailored silhouette with subtle contemporary accents. Ideal for gym occasions. Styled in a minimalist aesthetic, offering both all-day comfort and trend-forward appeal."
SKU-TOP-1049,Sangria Pastel Pink Women's Silk Shirts,topwear,Shirts,Sangria,Women,2799,4.3,Ethnic,Minimalist,Pastel Pink,Silk,"Sangria pastel pink shirts crafted from premium silk for women. Features a clean tailored silhouette with subtle contemporary accents. Ideal for ethnic occasions. Styled in a minimalist aesthetic, offering both all-day comfort and trend-forward appeal."
SKU-FOO-2335,Bata Charcoal Grey Women's Leather Boots,footwear,Boots,Bata,Women,7699,4.3,Ethnic,Streetwear;Classic,Charcoal Grey,Leather,"Bata charcoal grey boots crafted from premium leather for women. Features a urban relaxed drape engineered with durable modern textures. Ideal for ethnic occasions. Styled in a streetwear aesthetic, offering both all-day comfort and trend-forward appeal."
SKU-FOO-2682,Carlton London Cream Women's Polyester Heels,footwear,Heels,Carlton London,Women,4199,4.2,Formal,Classic,Cream,Polyester,"Carlton London cream heels crafted from premium polyester for women. Features a timeless quintessential design crafted for versatile everyday elegance. Ideal for formal occasions. Styled in a classic aesthetic, offering both all-day comfort and trend-forward appeal."
SKU-BOT-1839,Forever 21 Burgundy Women's Cotton Chinos,bottomwear,Chinos,Forever 21,Women,2199,4.5,Ethnic;Beach,Streetwear;Classic,Burgundy,Cotton,"Forever 21 burgundy chinos crafted from premium cotton for women. Features a urban relaxed drape engineered with durable modern textures. Ideal for ethnic, beach occasions. Styled in a streetwear aesthetic, offering both all-day comfort and trend-forward appeal."
SKU-ACC-3163,Casio Tan Brown Unisex Polyester Bags,accessories,Bags,Casio,Unisex,1199,4.4,Party;Formal,Streetwear;Classic,Tan Brown,Polyester,"Casio tan brown bags crafted from premium polyester for all genders. Features a urban relaxed drape engineered with durable modern textures. Ideal for party, formal occasions. Styled in a streetwear aesthetic, offering both all-day comfort and trend-forward appeal."
SKU-TOP-1125,Puma White Women's Polyester Blazers,topwear,Blazers,Puma,Women,7399,4.4,Casual,Vibrant,White,Polyester,"Puma white blazers crafted from premium polyester for women. Features a eye-catching high-energy color palette suited for expressive moods. Ideal for casual occasions. Styled in a vibrant aesthetic, offering both all-day comfort and trend-forward appeal."
SKU-TOP-1611,Carlton London Mustard Yellow Women's Linen Kurtas,topwear,Kurtas,Carlton London,Women,3199,4.4,Ethnic;Party,Vibrant,Mustard Yellow,Linen,"Carlton London mustard yellow kurtas crafted from premium linen for women. Features a eye-catching high-energy color palette suited for expressive moods. Ideal for ethnic, party occasions. Styled in a vibrant aesthetic, offering both all-day comfort and trend-forward appeal."
SKU-FOO-2861,Carlton London Navy Blue Women's Leather Heels,footwear,Heels,Carlton London,Women,3999,4.2,Gym;Casual,Classic,Navy Blue,Leather,"Carlton London navy blue heels crafted from premium leather for women. Features a timeless quintessential design crafted for versatile everyday elegance. Ideal for gym, casual occasions. Styled in a classic aesthetic, offering both all-day comfort and trend-forward appeal."
SKU-ACC-3333,Ray-Ban Maroon Unisex Leather Watches,accessories,Watches,Ray-Ban,Unisex,5449,3.7,Gym;Formal,Classic;Pastel,Maroon,Leather,"Ray-Ban maroon watches crafted from premium leather for all genders. Features a timeless quintessential design crafted for versatile everyday elegance. Ideal for gym, formal occasions. Styled in a classic aesthetic, offering both all-day comfort and trend-forward appeal."
SKU-FOO-2513,Tommy Hilfiger Maroon Men's Polyester Loafers,footwear,Loafers,Tommy Hilfiger,Men,2299,3.9,Party,Streetwear;Classic,Maroon,Polyester,"Tommy Hilfiger maroon loafers crafted from premium polyester for men. Features a urban relaxed drape engineered with durable modern textures. Ideal for party occasions. Styled in a streetwear aesthetic, offering both all-day comfort and trend-forward appeal."
SKU-BOT-1742,Carlton London White Women's Polyester Skirts,bottomwear,Skirts,Carlton London,Women,2149,3.8,Ethnic;Beach,Minimalist,White,Polyester,"Carlton London white skirts crafted from premium polyester for women. Features a clean tailored silhouette with subtle contemporary accents. Ideal for ethnic, beach occasions. Styled in a minimalist aesthetic, offering both all-day comfort and trend-forward appeal."
SKU-TOP-1026,HIGHLANDER Lavender Men's Cotton T-Shirts,topwear,T-Shirts,HIGHLANDER,Men,1599,4.2,Casual;Party,Classic,Lavender,Cotton,"HIGHLANDER lavender t-shirts crafted from premium cotton for men. Features a timeless quintessential design crafted for versatile everyday elegance. Ideal for casual, party occasions. Styled in a classic aesthetic, offering both all-day comfort and trend-forward appeal."
SKU-ACC-3389,Tokyo Talkies Tan Brown Women's Polyester Sunglasses,accessories,Sunglasses,Tokyo Talkies,Women,1099,4.5,Beach;Party,Vibrant,Tan Brown,Polyester,"Tokyo Talkies tan brown sunglasses crafted from premium polyester for women. Features a eye-catching high-energy color palette suited for expressive moods. Ideal for beach, party occasions. Styled in a vibrant aesthetic, offering both all-day comfort and trend-forward appeal."
SKU-FOO-2753,Tokyo Talkies Olive Green Women's Leather Loafers,footwear,Loafers,Tokyo Talkies,Women,3049,4.0,Party,Pastel,Olive Green,Leather,"Tokyo Talkies olive green loafers crafted from premium leather for women. Features a soft muted hues providing a calm, breezy and sophisticated aesthetic. Ideal for party occasions. Styled in a pastel aesthetic, offering both all-day comfort and trend-forward appeal."
SKU-FOO-2534,Peter England Cream Men's Polyester Boots,footwear,Boots,Peter England,Men,6099,4.1,Ethnic,Classic;Minimalist,Cream,Polyester,"Peter England cream boots crafted from premium polyester for men. Features a timeless quintessential design crafted for versatile everyday elegance. Ideal for ethnic occasions. Styled in a classic aesthetic, offering both all-day comfort and trend-forward appeal."
SKU-FOO-2816,Puma Black Men's Leather Sneakers,footwear,Sneakers,Puma,Men,5199,3.9,Beach,Streetwear,Black,Leather,"Puma black sneakers crafted from premium leather for men. Features a urban relaxed drape engineered with durable modern textures. Ideal for beach occasions. Styled in a streetwear aesthetic, offering both all-day comfort and trend-forward appeal."
SKU-FOO-2617,VERO MODA Burgundy Women's Leather Flats,footwear,Flats,VERO MODA,Women,2299,4.3,Gym,Minimalist,Burgundy,Leather,"VERO MODA burgundy flats crafted from premium leather for women. Features a clean tailored silhouette with subtle contemporary accents. Ideal for gym occasions. Styled in a minimalist aesthetic, offering both all-day comfort and trend-forward appeal."
SKU-FOO-2455,Roadster Maroon Men's Leather Loafers,footwear,Loafers,Roadster,Men,3849,4.4,Beach,Pastel;Minimalist,Maroon,Leather,"Roadster maroon loafers crafted from premium leather for men. Features a soft muted hues providing a calm, breezy and sophisticated aesthetic. Ideal for beach occasions. Styled in a pastel aesthetic, offering both all-day comfort and trend-forward appeal."
SKU-TOP-1566,Nike Terracotta Men's Polyester Blazers,topwear,Blazers,Nike,Men,2849,4.1,Ethnic,Vibrant;Minimalist,Terracotta,Polyester,"Nike terracotta blazers crafted from premium polyester for men. Features a eye-catching high-energy color palette suited for expressive moods. Ideal for ethnic occasions. Styled in a vibrant aesthetic, offering both all-day comfort and trend-forward appeal."
SKU-BOT-1846,Tokyo Talkies Tan Brown Women's Linen Trousers,bottomwear,Trousers,Tokyo Talkies,Women,2299,4.4,Beach;Gym,Minimalist;Streetwear,Tan Brown,Linen,"Tokyo Talkies tan brown trousers crafted from premium linen for women. Features a clean tailored silhouette with subtle contemporary accents. Ideal for beach, gym occasions. Styled in a minimalist aesthetic, offering both all-day comfort and trend-forward appeal."
SKU-ACC-3490,Vans Mustard Yellow Unisex Polyester Sunglasses,accessories,Sunglasses,Vans,Unisex,2199,3.5,Beach;Ethnic,Classic,Mustard Yellow,Polyester,"Vans mustard yellow sunglasses crafted from premium polyester for all genders. Features a timeless quintessential design crafted for versatile everyday elegance. Ideal for beach, ethnic occasions. Styled in a classic aesthetic, offering both all-day comfort and trend-forward appeal."
SKU-FOO-2457,Puma Cream Unisex Leather Sneakers,footwear,Sneakers,Puma,Unisex,1399,4.5,Gym,Classic,Cream,Leather,"Puma cream sneakers crafted from premium leather for all genders. Features a timeless quintessential design crafted for versatile everyday elegance. Ideal for gym occasions. Styled in a classic aesthetic, offering both all-day comfort and trend-forward appeal."
SKU-TOP-1362,Fossil Lavender Men's Polyester Blazers,topwear,Blazers,Fossil,Men,7849,4.7,Casual,Minimalist;Streetwear,Lavender,Polyester,"Fossil lavender blazers crafted from premium polyester for men. Features a clean tailored silhouette with subtle contemporary accents. Ideal for casual occasions. Styled in a minimalist aesthetic, offering both all-day comfort and trend-forward appeal."
SKU-FOO-2566,Peter England Lavender Men's Polyester Boots,footwear,Boots,Peter England,Men,2849,4.1,Beach;Ethnic,Vibrant;Classic,Lavender,Polyester,"Peter England lavender boots crafted from premium polyester for men. Features a eye-catching high-energy color palette suited for expressive moods. Ideal for beach, ethnic occasions. Styled in a vibrant aesthetic, offering both all-day comfort and trend-forward appeal."
SKU-ACC-3499,Louis Philippe Mustard Yellow Men's Leather Belts,accessories,Belts,Louis Philippe,Men,1049,4.5,Casual,Streetwear,Mustard Yellow,Leather,"Louis Philippe mustard yellow belts crafted from premium leather for men. Features a urban relaxed drape engineered with durable modern textures. Ideal for casual occasions. Styled in a streetwear aesthetic, offering both all-day comfort and trend-forward appeal."
SKU-ACC-3415,Ray-Ban Pastel Pink Unisex Polyester Sunglasses,accessories,Sunglasses,Ray-Ban,Unisex,499,4.6,Gym,Classic,Pastel Pink,Polyester,"Ray-Ban pastel pink sunglasses crafted from premium polyester for all genders. Features a timeless quintessential design crafted for versatile everyday elegance. Ideal for gym occasions. Styled in a classic aesthetic, offering both all-day comfort and trend-forward appeal."
SKU-FOO-2835,Mango Beige Women's Leather Heels,footwear,Heels,Mango,Women,2949,4.0,Formal,Vibrant,Beige,Leather,"Mango beige heels crafted from premium leather for women. Features a eye-catching high-energy color palette suited for expressive moods. Ideal for formal occasions. Styled in a vibrant aesthetic, offering both all-day comfort and trend-forward appeal."
SKU-FOO-2785,DressBerry Navy Blue Women's Leather Heels,footwear,Heels,DressBerry,Women,5299,4.2,Gym;Ethnic,Vibrant,Navy Blue,Leather,"DressBerry navy blue heels crafted from premium leather for women. Features a eye-catching high-energy color palette suited for expressive moods. Ideal for gym, ethnic occasions. Styled in a vibrant aesthetic, offering both all-day comfort and trend-forward appeal."
SKU-TOP-1431,HIGHLANDER Navy Blue Men's Polyester Blazers,topwear,Blazers,HIGHLANDER,Men,3299,3.8,Ethnic,Pastel,Navy Blue,Polyester,"HIGHLANDER navy blue blazers crafted from premium polyester for men. Features a soft muted hues providing a calm, breezy and sophisticated aesthetic. Ideal for ethnic occasions. Styled in a pastel aesthetic, offering both all-day comfort and trend-forward appeal."
SKU-ACC-3310,Converse Charcoal Grey Unisex Cotton Bags,accessories,Bags,Converse,Unisex,4099,4.5,Formal,Vibrant;Streetwear,Charcoal Grey,Cotton,"Converse charcoal grey bags crafted from premium cotton for all genders. Features a eye-catching high-energy color palette suited for expressive moods. Ideal for formal occasions. Styled in a vibrant aesthetic, offering both all-day comfort and trend-forward appeal."
SKU-BOT-1638,Anouk Black Women's Silk Palazzos,bottomwear,Palazzos,Anouk,Women,1649,4.2,Formal,Classic;Pastel,Black,Silk,"Anouk black palazzos crafted from premium silk for women. Features a timeless quintessential design crafted for versatile everyday elegance. Ideal for formal occasions. Styled in a classic aesthetic, offering both all-day comfort and trend-forward appeal."
SKU-ACC-3188,ONLY Burgundy Women's Silk Earrings,accessories,Earrings,ONLY,Women,449,4.1,Party,Pastel,Burgundy,Silk,"ONLY burgundy earrings crafted from premium silk for women. Features a soft muted hues providing a calm, breezy and sophisticated aesthetic. Ideal for party occasions. Styled in a pastel aesthetic, offering both all-day comfort and trend-forward appeal."
SKU-BOT-1652,Anouk Mint Green Women's Cotton Palazzos,bottomwear,Palazzos,Anouk,Women,1699,4.6,Beach,Classic;Vibrant,Mint Green,Cotton,"Anouk mint green palazzos crafted from premium cotton for women. Features a timeless quintessential design crafted for versatile everyday elegance. Ideal for beach occasions. Styled in a classic aesthetic, offering both all-day comfort and trend-forward appeal."
SKU-TOP-1241,ONLY Charcoal Grey Women's Polyester Crop Tops,topwear,Crop Tops,ONLY,Women,599,3.9,Beach,Vibrant,Charcoal Grey,Polyester,"ONLY charcoal grey crop tops crafted from premium polyester for women. Features a eye-catching high-energy color palette suited for expressive moods. Ideal for beach occasions. Styled in a vibrant aesthetic, offering both all-day comfort and trend-forward appeal."
SKU-BOT-1694,Nike Sky Blue Men's Cotton Chinos,bottomwear,Chinos,Nike,Men,1849,4.4,Gym;Beach,Classic,Sky Blue,Cotton,"Nike sky blue chinos crafted from premium cotton for men. Features a timeless quintessential design crafted for versatile everyday elegance. Ideal for gym, beach occasions. Styled in a classic aesthetic, offering both all-day comfort and trend-forward appeal."
SKU-TOP-1071,WROGN Lavender Men's Cotton Blazers,topwear,Blazers,WROGN,Men,6449,4.3,Ethnic,Classic;Pastel,Lavender,Cotton,"WROGN lavender blazers crafted from premium cotton for men. Features a timeless quintessential design crafted for versatile everyday elegance. Ideal for ethnic occasions. Styled in a classic aesthetic, offering both all-day comfort and trend-forward appeal."
SKU-ACC-3233,ONLY Tan Brown Women's Polyester Earrings,accessories,Earrings,ONLY,Women,1799,3.5,Formal;Beach,Classic,Tan Brown,Polyester,"ONLY tan brown earrings crafted from premium polyester for women. Features a timeless quintessential design crafted for versatile everyday elegance. Ideal for formal, beach occasions. Styled in a classic aesthetic, offering both all-day comfort and trend-forward appeal."
SKU-BOT-1651,ONLY Burgundy Women's Denim Jeans,bottomwear,Jeans,ONLY,Women,2499,4.8,Gym,Minimalist,Burgundy,Denim,"ONLY burgundy jeans crafted from premium denim for women. Features a clean tailored silhouette with subtle contemporary accents. Ideal for gym occasions. Styled in a minimalist aesthetic, offering both all-day comfort and trend-forward appeal."
SKU-ACC-3019,ONLY Sky Blue Women's Silk Earrings,accessories,Earrings,ONLY,Women,1299,4.4,Gym,Vibrant;Streetwear,Sky Blue,Silk,"ONLY sky blue earrings crafted from premium silk for women. Features a eye-catching high-energy color palette suited for expressive moods. Ideal for gym occasions. Styled in a vibrant aesthetic, offering both all-day comfort and trend-forward appeal."
SKU-TOP-1074,Carlton London Mint Green Women's Silk Blouses,topwear,Blouses,Carlton London,Women,699,4.7,Beach,Minimalist,Mint Green,Silk,"Carlton London mint green blouses crafted from premium silk for women. Features a clean tailored silhouette with subtle contemporary accents. Ideal for beach occasions. Styled in a minimalist aesthetic, offering both all-day comfort and trend-forward appeal."
SKU-BOT-2164,Bata Lavender Women's Polyester Skirts,bottomwear,Skirts,Bata,Women,2599,3.6,Formal,Pastel;Vibrant,Lavender,Polyester,"Bata lavender skirts crafted from premium polyester for women. Features a soft muted hues providing a calm, breezy and sophisticated aesthetic. Ideal for formal occasions. Styled in a pastel aesthetic, offering both all-day comfort and trend-forward appeal."
SKU-TOP-1351,Forever 21 Mint Green Women's Polyester Blouses,topwear,Blouses,Forever 21,Women,1649,4.3,Casual,Classic;Streetwear,Mint Green,Polyester,"Forever 21 mint green blouses crafted from premium polyester for women. Features a timeless quintessential design crafted for versatile everyday elegance. Ideal for casual occasions. Styled in a classic aesthetic, offering both all-day comfort and trend-forward appeal."
SKU-ACC-3290,DressBerry Mustard Yellow Women's Polyester Earrings,accessories,Earrings,DressBerry,Women,999,4.7,Gym;Ethnic,Minimalist,Mustard Yellow,Polyester,"DressBerry mustard yellow earrings crafted from premium polyester for women. Features a clean tailored silhouette with subtle contemporary accents. Ideal for gym, ethnic occasions. Styled in a minimalist aesthetic, offering both all-day comfort and trend-forward appeal."
SKU-ACC-3169,Fossil Maroon Unisex Leather Watches,accessories,Watches,Fossil,Unisex,1799,4.1,Casual,Pastel;Streetwear,Maroon,Leather,"Fossil maroon watches crafted from premium leather for all genders. Features a soft muted hues providing a calm, breezy and sophisticated aesthetic. Ideal for casual occasions. Styled in a pastel aesthetic, offering both all-day comfort and trend-forward appeal."
SKU-BOT-2099,Bata Black Women's Cotton Skirts,bottomwear,Skirts,Bata,Women,1299,4.5,Gym;Formal,Classic,Black,Cotton,"Bata black skirts crafted from premium cotton for women. Features a timeless quintessential design crafted for versatile everyday elegance. Ideal for gym, formal occasions. Styled in a classic aesthetic, offering both all-day comfort and trend-forward appeal."
SKU-FOO-2447,Louis Philippe Lavender Men's Leather Boots,footwear,Boots,Louis Philippe,Men,6299,4.0,Gym,Pastel;Classic,Lavender,Leather,"Louis Philippe lavender boots crafted from premium leather for men. Features a soft muted hues providing a calm, breezy and sophisticated aesthetic. Ideal for gym occasions. Styled in a pastel aesthetic, offering both all-day comfort and trend-forward appeal."
SKU-ACC-3329,Converse Navy Blue Unisex Cotton Bags,accessories,Bags,Converse,Unisex,2399,4.4,Formal,Minimalist,Navy Blue,Cotton,"Converse navy blue bags crafted from premium cotton for all genders. Features a clean tailored silhouette with subtle contemporary accents. Ideal for formal occasions. Styled in a minimalist aesthetic, offering both all-day comfort and trend-forward appeal."
SKU-TOP-1077,Sangria Lavender Women's Polyester Crop Tops,topwear,Crop Tops,Sangria,Women,599,4.2,Formal,Vibrant,Lavender,Polyester,"Sangria lavender crop tops crafted from premium polyester for women. Features a eye-catching high-energy color palette suited for expressive moods. Ideal for formal occasions. Styled in a vibrant aesthetic, offering both all-day comfort and trend-forward appeal."
SKU-TOP-1433,Puma Beige Women's Polyester Crop Tops,topwear,Crop Tops,Puma,Women,1099,4.1,Formal;Casual,Vibrant,Beige,Polyester,"Puma beige crop tops crafted from premium polyester for women. Features a eye-catching high-energy color palette suited for expressive moods. Ideal for formal, casual occasions. Styled in a vibrant aesthetic, offering both all-day comfort and trend-forward appeal."
SKU-ACC-3350,Tokyo Talkies Maroon Women's Silk Earrings,accessories,Earrings,Tokyo Talkies,Women,449,4.1,Beach,Classic,Maroon,Silk,"Tokyo Talkies maroon earrings crafted from premium silk for women. Features a timeless quintessential design crafted for versatile everyday elegance. Ideal for beach occasions. Styled in a classic aesthetic, offering both all-day comfort and trend-forward appeal."
SKU-FOO-2293,Tokyo Talkies Terracotta Women's Leather Boots,footwear,Boots,Tokyo Talkies,Women,6049,4.2,Party;Ethnic,Classic,Terracotta,Leather,"Tokyo Talkies terracotta boots crafted from premium leather for women. Features a timeless quintessential design crafted for versatile everyday elegance. Ideal for party, ethnic occasions. Styled in a classic aesthetic, offering both all-day comfort and trend-forward appeal."
SKU-TOP-1158,Puma Terracotta Men's Cotton T-Shirts,topwear,T-Shirts,Puma,Men,999,4.4,Casual,Streetwear,Terracotta,Cotton,"Puma terracotta t-shirts crafted from premium cotton for men. Features a urban relaxed drape engineered with durable modern textures. Ideal for casual occasions. Styled in a streetwear aesthetic, offering both all-day comfort and trend-forward appeal."
SKU-FOO-2799,DressBerry Cream Women's Cotton Flats,footwear,Flats,DressBerry,Women,2049,4.6,Ethnic,Pastel,Cream,Cotton,"DressBerry cream flats crafted from premium cotton for women. Features a soft muted hues providing a calm, breezy and sophisticated aesthetic. Ideal for ethnic occasions. Styled in a pastel aesthetic, offering both all-day comfort and trend-forward appeal."
SKU-FOO-2406,Anouk Black Women's Leather Heels,footwear,Heels,Anouk,Women,3599,3.9,Beach,Minimalist,Black,Leather,"Anouk black heels crafted from premium leather for women. Features a clean tailored silhouette with subtle contemporary accents. Ideal for beach occasions. Styled in a minimalist aesthetic, offering both all-day comfort and trend-forward appeal."
SKU-ACC-3051,Titan Olive Green Men's Polyester Bags,accessories,Bags,Titan,Men,3199,4.5,Ethnic;Casual,Pastel,Olive Green,Polyester,"Titan olive green bags crafted from premium polyester for men. Features a soft muted hues providing a calm, breezy and sophisticated aesthetic. Ideal for ethnic, casual occasions. Styled in a pastel aesthetic, offering both all-day comfort and trend-forward appeal."
SKU-TOP-1136,Roadster Maroon Unisex Cotton T-Shirts,topwear,T-Shirts,Roadster,Unisex,1299,4.7,Formal;Beach,Classic,Maroon,Cotton,"Roadster maroon t-shirts crafted from premium cotton for all genders. Features a timeless quintessential design crafted for versatile everyday elegance. Ideal for formal, beach occasions. Styled in a classic aesthetic, offering both all-day comfort and trend-forward appeal."
SKU-ACC-3138,Tokyo Talkies Mustard Yellow Women's Polyester Belts,accessories,Belts,Tokyo Talkies,Women,1749,4.7,Casual,Minimalist;Classic,Mustard Yellow,Polyester,"Tokyo Talkies mustard yellow belts crafted from premium polyester for women. Features a clean tailored silhouette with subtle contemporary accents. Ideal for casual occasions. Styled in a minimalist aesthetic, offering both all-day comfort and trend-forward appeal."
SKU-ACC-2929,Fossil Mint Green Women's Polyester Earrings,accessories,Earrings,Fossil,Women,1449,4.6,Party,Streetwear,Mint Green,Polyester,"Fossil mint green earrings crafted from premium polyester for women. Features a urban relaxed drape engineered with durable modern textures. Ideal for party occasions. Styled in a streetwear aesthetic, offering both all-day comfort and trend-forward appeal."
SKU-FOO-2691,Fossil Maroon Men's Polyester Loafers,footwear,Loafers,Fossil,Men,3949,4.4,Beach,Pastel,Maroon,Polyester,"Fossil maroon loafers crafted from premium polyester for men. Features a soft muted hues providing a calm, breezy and sophisticated aesthetic. Ideal for beach occasions. Styled in a pastel aesthetic, offering both all-day comfort and trend-forward appeal."
SKU-BOT-1868,Fossil Black Women's Cotton Skirts,bottomwear,Skirts,Fossil,Women,2249,4.3,Formal;Party,Vibrant;Minimalist,Black,Cotton,"Fossil black skirts crafted from premium cotton for women. Features a eye-catching high-energy color palette suited for expressive moods. Ideal for formal, party occasions. Styled in a vibrant aesthetic, offering both all-day comfort and trend-forward appeal."
SKU-ACC-2950,Casio Sky Blue Unisex Polyester Sunglasses,accessories,Sunglasses,Casio,Unisex,1299,4.2,Party,Vibrant,Sky Blue,Polyester,"Casio sky blue sunglasses crafted from premium polyester for all genders. Features a eye-catching high-energy color palette suited for expressive moods. Ideal for party occasions. Styled in a vibrant aesthetic, offering both all-day comfort and trend-forward appeal."
SKU-TOP-1052,DressBerry Tan Brown Women's Cotton Kurtas,topwear,Kurtas,DressBerry,Women,1899,4.1,Ethnic,Vibrant,Tan Brown,Cotton,"DressBerry tan brown kurtas crafted from premium cotton for women. Features a eye-catching high-energy color palette suited for expressive moods. Ideal for ethnic occasions. Styled in a vibrant aesthetic, offering both all-day comfort and trend-forward appeal."
SKU-ACC-2901,Ray-Ban Navy Blue Unisex Polyester Sunglasses,accessories,Sunglasses,Ray-Ban,Unisex,2849,4.4,Gym;Beach,Minimalist,Navy Blue,Polyester,"Ray-Ban navy blue sunglasses crafted from premium polyester for all genders. Features a clean tailored silhouette with subtle contemporary accents. Ideal for gym, beach occasions. Styled in a minimalist aesthetic, offering both all-day comfort and trend-forward appeal."
SKU-BOT-1679,Puma Maroon Men's Cotton Chinos,bottomwear,Chinos,Puma,Men,949,4.5,Party,Streetwear,Maroon,Cotton,"Puma maroon chinos crafted from premium cotton for men. Features a urban relaxed drape engineered with durable modern textures. Ideal for party occasions. Styled in a streetwear aesthetic, offering both all-day comfort and trend-forward appeal."
SKU-FOO-2504,HIGHLANDER Olive Green Men's Cotton Sneakers,footwear,Sneakers,HIGHLANDER,Men,5699,4.2,Casual,Streetwear;Vibrant,Olive Green,Cotton,"HIGHLANDER olive green sneakers crafted from premium cotton for men. Features a urban relaxed drape engineered with durable modern textures. Ideal for casual occasions. Styled in a streetwear aesthetic, offering both all-day comfort and trend-forward appeal."
SKU-TOP-1290,Roadster Lavender Men's Polyester Blazers,topwear,Blazers,Roadster,Men,3149,4.0,Formal,Streetwear,Lavender,Polyester,"Roadster lavender blazers crafted from premium polyester for men. Features a urban relaxed drape engineered with durable modern textures. Ideal for formal occasions. Styled in a streetwear aesthetic, offering both all-day comfort and trend-forward appeal."
SKU-ACC-3248,Bata Sky Blue Women's Leather Belts,accessories,Belts,Bata,Women,849,3.7,Formal;Ethnic,Classic,Sky Blue,Leather,"Bata sky blue belts crafted from premium leather for women. Features a timeless quintessential design crafted for versatile everyday elegance. Ideal for formal, ethnic occasions. Styled in a classic aesthetic, offering both all-day comfort and trend-forward appeal."
SKU-FOO-2421,Carlton London Beige Women's Leather Flats,footwear,Flats,Carlton London,Women,1999,4.4,Beach;Casual,Pastel;Streetwear,Beige,Leather,"Carlton London beige flats crafted from premium leather for women. Features a soft muted hues providing a calm, breezy and sophisticated aesthetic. Ideal for beach, casual occasions. Styled in a pastel aesthetic, offering both all-day comfort and trend-forward appeal."
SKU-FOO-2603,DressBerry Sky Blue Women's Polyester Boots,footwear,Boots,DressBerry,Women,6999,4.0,Formal,Pastel,Sky Blue,Polyester,"DressBerry sky blue boots crafted from premium polyester for women. Features a soft muted hues providing a calm, breezy and sophisticated aesthetic. Ideal for formal occasions. Styled in a pastel aesthetic, offering both all-day comfort and trend-forward appeal."
SKU-TOP-1533,Carlton London Black Women's Silk Kurtas,topwear,Kurtas,Carlton London,Women,1649,4.2,Formal;Gym,Pastel,Black,Silk,"Carlton London black kurtas crafted from premium silk for women. Features a soft muted hues providing a calm, breezy and sophisticated aesthetic. Ideal for formal, gym occasions. Styled in a pastel aesthetic, offering both all-day comfort and trend-forward appeal."
SKU-TOP-1480,Mango Maroon Women's Polyester Blouses,topwear,Blouses,Mango,Women,1749,4.6,Party,Streetwear,Maroon,Polyester,"Mango maroon blouses crafted from premium polyester for women. Features a urban relaxed drape engineered with durable modern textures. Ideal for party occasions. Styled in a streetwear aesthetic, offering both all-day comfort and trend-forward appeal."
SKU-FOO-2404,Sangria Charcoal Grey Women's Leather Heels,footwear,Heels,Sangria,Women,5099,4.5,Formal,Vibrant,Charcoal Grey,Leather,"Sangria charcoal grey heels crafted from premium leather for women. Features a eye-catching high-energy color palette suited for expressive moods. Ideal for formal occasions. Styled in a vibrant aesthetic, offering both all-day comfort and trend-forward appeal."
SKU-ACC-2933,Titan White Men's Polyester Sunglasses,accessories,Sunglasses,Titan,Men,2799,4.0,Gym,Vibrant;Minimalist,White,Polyester,"Titan white sunglasses crafted from premium polyester for men. Features a eye-catching high-energy color palette suited for expressive moods. Ideal for gym occasions. Styled in a vibrant aesthetic, offering both all-day comfort and trend-forward appeal."
SKU-TOP-1292,HRX by Hrithik Roshan Mint Green Men's Polyester Blazers,topwear,Blazers,HRX by Hrithik Roshan,Men,4949,4.0,Formal,Vibrant,Mint Green,Polyester,"HRX by Hrithik Roshan mint green blazers crafted from premium polyester for men. Features a eye-catching high-energy color palette suited for expressive moods. Ideal for formal occasions. Styled in a vibrant aesthetic, offering both all-day comfort and trend-forward appeal."
SKU-FOO-2722,HIGHLANDER Tan Brown Men's Polyester Loafers,footwear,Loafers,HIGHLANDER,Men,4699,4.1,Ethnic,Classic,Tan Brown,Polyester,"HIGHLANDER tan brown loafers crafted from premium polyester for men. Features a timeless quintessential design crafted for versatile everyday elegance. Ideal for ethnic occasions. Styled in a classic aesthetic, offering both all-day comfort and trend-forward appeal."
SKU-BOT-2069,Sangria Tan Brown Women's Cotton Skirts,bottomwear,Skirts,Sangria,Women,2349,4.0,Party,Streetwear,Tan Brown,Cotton,"Sangria tan brown skirts crafted from premium cotton for women. Features a urban relaxed drape engineered with durable modern textures. Ideal for party occasions. Styled in a streetwear aesthetic, offering both all-day comfort and trend-forward appeal."
SKU-BOT-2024,Sangria Maroon Women's Cotton Trousers,bottomwear,Trousers,Sangria,Women,1699,4.9,Ethnic;Casual,Pastel,Maroon,Cotton,"Sangria maroon trousers crafted from premium cotton for women. Features a soft muted hues providing a calm, breezy and sophisticated aesthetic. Ideal for ethnic, casual occasions. Styled in a pastel aesthetic, offering both all-day comfort and trend-forward appeal."
SKU-ACC-3180,HIGHLANDER White Men's Leather Watches,accessories,Watches,HIGHLANDER,Men,3199,4.2,Beach,Vibrant;Minimalist,White,Leather,"HIGHLANDER white watches crafted from premium leather for men. Features a eye-catching high-energy color palette suited for expressive moods. Ideal for beach occasions. Styled in a vibrant aesthetic, offering both all-day comfort and trend-forward appeal."
SKU-ACC-3228,Ray-Ban Terracotta Unisex Polyester Watches,accessories,Watches,Ray-Ban,Unisex,8199,4.0,Gym,Pastel,Terracotta,Polyester,"Ray-Ban terracotta watches crafted from premium polyester for all genders. Features a soft muted hues providing a calm, breezy and sophisticated aesthetic. Ideal for gym occasions. Styled in a pastel aesthetic, offering both all-day comfort and trend-forward appeal."
SKU-BOT-1706,Titan Cream Men's Cotton Chinos,bottomwear,Chinos,Titan,Men,2199,4.4,Beach,Minimalist,Cream,Cotton,"Titan cream chinos crafted from premium cotton for men. Features a clean tailored silhouette with subtle contemporary accents. Ideal for beach occasions. Styled in a minimalist aesthetic, offering both all-day comfort and trend-forward appeal."
SKU-ACC-3035,Bata White Women's Silk Earrings,accessories,Earrings,Bata,Women,1299,4.6,Gym,Streetwear,White,Silk,"Bata white earrings crafted from premium silk for women. Features a urban relaxed drape engineered with durable modern textures. Ideal for gym occasions. Styled in a streetwear aesthetic, offering both all-day comfort and trend-forward appeal."
SKU-TOP-1407,Bata Maroon Women's Cotton Blazers,topwear,Blazers,Bata,Women,3599,3.8,Gym;Formal,Pastel,Maroon,Cotton,"Bata maroon blazers crafted from premium cotton for women. Features a soft muted hues providing a calm, breezy and sophisticated aesthetic. Ideal for gym, formal occasions. Styled in a pastel aesthetic, offering both all-day comfort and trend-forward appeal."
SKU-ACC-3100,Casio Burgundy Unisex Polyester Sunglasses,accessories,Sunglasses,Casio,Unisex,849,4.5,Beach;Gym,Streetwear,Burgundy,Polyester,"Casio burgundy sunglasses crafted from premium polyester for all genders. Features a urban relaxed drape engineered with durable modern textures. Ideal for beach, gym occasions. Styled in a streetwear aesthetic, offering both all-day comfort and trend-forward appeal."
SKU-ACC-3024,VERO MODA Tan Brown Women's Silk Earrings,accessories,Earrings,VERO MODA,Women,599,3.7,Casual;Ethnic,Classic,Tan Brown,Silk,"VERO MODA tan brown earrings crafted from premium silk for women. Features a timeless quintessential design crafted for versatile everyday elegance. Ideal for casual, ethnic occasions. Styled in a classic aesthetic, offering both all-day comfort and trend-forward appeal."
SKU-ACC-3409,Louis Philippe Charcoal Grey Men's Cotton Bags,accessories,Bags,Louis Philippe,Men,899,4.5,Casual,Pastel,Charcoal Grey,Cotton,"Louis Philippe charcoal grey bags crafted from premium cotton for men. Features a soft muted hues providing a calm, breezy and sophisticated aesthetic. Ideal for casual occasions. Styled in a pastel aesthetic, offering both all-day comfort and trend-forward appeal."
SKU-BOT-1979,Louis Philippe Sky Blue Men's Denim Jeans,bottomwear,Jeans,Louis Philippe,Men,1449,3.6,Gym;Casual,Minimalist,Sky Blue,Denim,"Louis Philippe sky blue jeans crafted from premium denim for men. Features a clean tailored silhouette with subtle contemporary accents. Ideal for gym, casual occasions. Styled in a minimalist aesthetic, offering both all-day comfort and trend-forward appeal."
SKU-FOO-2746,WROGN Pastel Pink Men's Leather Loafers,footwear,Loafers,WROGN,Men,4749,4.3,Gym;Beach,Vibrant,Pastel Pink,Leather,"WROGN pastel pink loafers crafted from premium leather for men. Features a eye-catching high-energy color palette suited for expressive moods. Ideal for gym, beach occasions. Styled in a vibrant aesthetic, offering both all-day comfort and trend-forward appeal."
SKU-ACC-2881,ONLY Maroon Women's Silk Earrings,accessories,Earrings,ONLY,Women,849,4.5,Casual;Gym,Streetwear,Maroon,Silk,"ONLY maroon earrings crafted from premium silk for women. Features a urban relaxed drape engineered with durable modern textures. Ideal for casual, gym occasions. Styled in a streetwear aesthetic, offering both all-day comfort and trend-forward appeal."
SKU-TOP-1343,HRX by Hrithik Roshan White Men's Silk Kurtas,topwear,Kurtas,HRX by Hrithik Roshan,Men,3149,4.3,Beach,Pastel,White,Silk,"HRX by Hrithik Roshan white kurtas crafted from premium silk for men. Features a soft muted hues providing a calm, breezy and sophisticated aesthetic. Ideal for beach occasions. Styled in a pastel aesthetic, offering both all-day comfort and trend-forward appeal."
SKU-ACC-2991,Tokyo Talkies Mint Green Women's Silk Earrings,accessories,Earrings,Tokyo Talkies,Women,1549,4.5,Beach;Ethnic,Vibrant;Minimalist,Mint Green,Silk,"Tokyo Talkies mint green earrings crafted from premium silk for women. Features a eye-catching high-energy color palette suited for expressive moods. Ideal for beach, ethnic occasions. Styled in a vibrant aesthetic, offering both all-day comfort and trend-forward appeal."
SKU-ACC-3477,VERO MODA Beige Women's Leather Watches,accessories,Watches,VERO MODA,Women,2299,4.1,Gym;Ethnic,Minimalist;Classic,Beige,Leather,"VERO MODA beige watches crafted from premium leather for women. Features a clean tailored silhouette with subtle contemporary accents. Ideal for gym, ethnic occasions. Styled in a minimalist aesthetic, offering both all-day comfort and trend-forward appeal."
SKU-BOT-1835,HIGHLANDER Burgundy Men's Cotton Chinos,bottomwear,Chinos,HIGHLANDER,Men,2399,4.2,Gym;Formal,Classic;Streetwear,Burgundy,Cotton,"HIGHLANDER burgundy chinos crafted from premium cotton for men. Features a timeless quintessential design crafted for versatile everyday elegance. Ideal for gym, formal occasions. Styled in a classic aesthetic, offering both all-day comfort and trend-forward appeal."
SKU-FOO-2453,VERO MODA Pastel Pink Women's Polyester Heels,footwear,Heels,VERO MODA,Women,5049,4.3,Party,Vibrant;Minimalist,Pastel Pink,Polyester,"VERO MODA pastel pink heels crafted from premium polyester for women. Features a eye-catching high-energy color palette suited for expressive moods. Ideal for party occasions. Styled in a vibrant aesthetic, offering both all-day comfort and trend-forward appeal."
SKU-TOP-1300,Mango Navy Blue Women's Polyester Crop Tops,topwear,Crop Tops,Mango,Women,599,4.4,Formal,Vibrant;Pastel,Navy Blue,Polyester,"Mango navy blue crop tops crafted from premium polyester for women. Features a eye-catching high-energy color palette suited for expressive moods. Ideal for formal occasions. Styled in a vibrant aesthetic, offering both all-day comfort and trend-forward appeal."
SKU-ACC-2989,Fastrack White Unisex Leather Bags,accessories,Bags,Fastrack,Unisex,2399,4.0,Party,Streetwear,White,Leather,"Fastrack white bags crafted from premium leather for all genders. Features a urban relaxed drape engineered with durable modern textures. Ideal for party occasions. Styled in a streetwear aesthetic, offering both all-day comfort and trend-forward appeal."
SKU-ACC-3294,Carlton London Black Women's Polyester Watches,accessories,Watches,Carlton London,Women,6699,3.9,Gym,Vibrant,Black,Polyester,"Carlton London black watches crafted from premium polyester for women. Features a eye-catching high-energy color palette suited for expressive moods. Ideal for gym occasions. Styled in a vibrant aesthetic, offering both all-day comfort and trend-forward appeal."
SKU-TOP-1496,Roadster Black Men's Cotton Shirts,topwear,Shirts,Roadster,Men,1099,4.4,Formal,Minimalist;Vibrant,Black,Cotton,"Roadster black shirts crafted from premium cotton for men. Features a clean tailored silhouette with subtle contemporary accents. Ideal for formal occasions. Styled in a minimalist aesthetic, offering both all-day comfort and trend-forward appeal."
SKU-BOT-1813,WROGN Sky Blue Men's Cotton Trousers,bottomwear,Trousers,WROGN,Men,2049,4.7,Beach,Vibrant,Sky Blue,Cotton,"WROGN sky blue trousers crafted from premium cotton for men. Features a eye-catching high-energy color palette suited for expressive moods. Ideal for beach occasions. Styled in a vibrant aesthetic, offering both all-day comfort and trend-forward appeal."
SKU-BOT-1930,Nike Maroon Men's Linen Trousers,bottomwear,Trousers,Nike,Men,1399,4.2,Beach;Casual,Pastel,Maroon,Linen,"Nike maroon trousers crafted from premium linen for men. Features a soft muted hues providing a calm, breezy and sophisticated aesthetic. Ideal for beach, casual occasions. Styled in a pastel aesthetic, offering both all-day comfort and trend-forward appeal."
SKU-BOT-2058,Sangria Pastel Pink Women's Cotton Chinos,bottomwear,Chinos,Sangria,Women,1699,4.6,Party;Ethnic,Minimalist;Pastel,Pastel Pink,Cotton,"Sangria pastel pink chinos crafted from premium cotton for women. Features a clean tailored silhouette with subtle contemporary accents. Ideal for party, ethnic occasions. Styled in a minimalist aesthetic, offering both all-day comfort and trend-forward appeal."
SKU-FOO-2638,HIGHLANDER Lavender Men's Leather Boots,footwear,Boots,HIGHLANDER,Men,7399,4.3,Beach,Pastel,Lavender,Leather,"HIGHLANDER lavender boots crafted from premium leather for men. Features a soft muted hues providing a calm, breezy and sophisticated aesthetic. Ideal for beach occasions. Styled in a pastel aesthetic, offering both all-day comfort and trend-forward appeal."
SKU-ACC-3456,Forever 21 Mustard Yellow Women's Polyester Belts,accessories,Belts,Forever 21,Women,1399,4.7,Gym,Streetwear,Mustard Yellow,Polyester,"Forever 21 mustard yellow belts crafted from premium polyester for women. Features a urban relaxed drape engineered with durable modern textures. Ideal for gym occasions. Styled in a streetwear aesthetic, offering both all-day comfort and trend-forward appeal."
SKU-TOP-1221,Puma Mustard Yellow Women's Silk Blouses,topwear,Blouses,Puma,Women,2149,4.9,Party,Classic,Mustard Yellow,Silk,"Puma mustard yellow blouses crafted from premium silk for women. Features a timeless quintessential design crafted for versatile everyday elegance. Ideal for party occasions. Styled in a classic aesthetic, offering both all-day comfort and trend-forward appeal."
SKU-ACC-3487,WROGN Terracotta Men's Leather Bags,accessories,Bags,WROGN,Men,3599,4.1,Formal;Party,Streetwear,Terracotta,Leather,"WROGN terracotta bags crafted from premium leather for men. Features a urban relaxed drape engineered with durable modern textures. Ideal for formal, party occasions. Styled in a streetwear aesthetic, offering both all-day comfort and trend-forward appeal."
SKU-FOO-2660,Puma Maroon Men's Leather Boots,footwear,Boots,Puma,Men,4249,4.6,Formal,Streetwear;Pastel,Maroon,Leather,"Puma maroon boots crafted from premium leather for men. Features a urban relaxed drape engineered with durable modern textures. Ideal for formal occasions. Styled in a streetwear aesthetic, offering both all-day comfort and trend-forward appeal."
SKU-TOP-1528,Puma Beige Women's Cotton Crop Tops,topwear,Crop Tops,Puma,Women,1449,4.2,Beach,Classic,Beige,Cotton,"Puma beige crop tops crafted from premium cotton for women. Features a timeless quintessential design crafted for versatile everyday elegance. Ideal for beach occasions. Styled in a classic aesthetic, offering both all-day comfort and trend-forward appeal."
SKU-FOO-2487,Tokyo Talkies Maroon Women's Leather Loafers,footwear,Loafers,Tokyo Talkies,Women,3299,3.7,Casual;Ethnic,Classic,Maroon,Leather,"Tokyo Talkies maroon loafers crafted from premium leather for women. Features a timeless quintessential design crafted for versatile everyday elegance. Ideal for casual, ethnic occasions. Styled in a classic aesthetic, offering both all-day comfort and trend-forward appeal."
SKU-ACC-3376,Fossil Lavender Women's Leather Watches,accessories,Watches,Fossil,Women,7749,4.7,Ethnic;Party,Vibrant,Lavender,Leather,"Fossil lavender watches crafted from premium leather for women. Features a eye-catching high-energy color palette suited for expressive moods. Ideal for ethnic, party occasions. Styled in a vibrant aesthetic, offering both all-day comfort and trend-forward appeal."
SKU-FOO-2610,ONLY Burgundy Women's Leather Flats,footwear,Flats,ONLY,Women,549,4.1,Gym;Ethnic,Pastel,Burgundy,Leather,"ONLY burgundy flats crafted from premium leather for women. Features a soft muted hues providing a calm, breezy and sophisticated aesthetic. Ideal for gym, ethnic occasions. Styled in a pastel aesthetic, offering both all-day comfort and trend-forward appeal."
SKU-TOP-1597,Forever 21 Burgundy Women's Polyester Blouses,topwear,Blouses,Forever 21,Women,1349,4.1,Beach,Classic,Burgundy,Polyester,"Forever 21 burgundy blouses crafted from premium polyester for women. Features a timeless quintessential design crafted for versatile everyday elegance. Ideal for beach occasions. Styled in a classic aesthetic, offering both all-day comfort and trend-forward appeal."
SKU-TOP-1085,ONLY Charcoal Grey Women's Polyester Blouses,topwear,Blouses,ONLY,Women,849,3.9,Beach;Ethnic,Minimalist;Streetwear,Charcoal Grey,Polyester,"ONLY charcoal grey blouses crafted from premium polyester for women. Features a clean tailored silhouette with subtle contemporary accents. Ideal for beach, ethnic occasions. Styled in a minimalist aesthetic, offering both all-day comfort and trend-forward appeal."
SKU-ACC-3214,Sangria Charcoal Grey Women's Silk Earrings,accessories,Earrings,Sangria,Women,749,4.0,Beach,Vibrant;Streetwear,Charcoal Grey,Silk,"Sangria charcoal grey earrings crafted from premium silk for women. Features a eye-catching high-energy color palette suited for expressive moods. Ideal for beach occasions. Styled in a vibrant aesthetic, offering both all-day comfort and trend-forward appeal."
SKU-ACC-3056,VERO MODA Mustard Yellow Women's Silk Earrings,accessories,Earrings,VERO MODA,Women,699,3.9,Beach;Party,Minimalist;Classic,Mustard Yellow,Silk,"VERO MODA mustard yellow earrings crafted from premium silk for women. Features a clean tailored silhouette with subtle contemporary accents. Ideal for beach, party occasions. Styled in a minimalist aesthetic, offering both all-day comfort and trend-forward appeal."
SKU-ACC-2962,Nike Beige Unisex Polyester Bags,accessories,Bags,Nike,Unisex,1399,4.3,Ethnic;Formal,Streetwear;Classic,Beige,Polyester,"Nike beige bags crafted from premium polyester for all genders. Features a urban relaxed drape engineered with durable modern textures. Ideal for ethnic, formal occasions. Styled in a streetwear aesthetic, offering both all-day comfort and trend-forward appeal."
SKU-FOO-2865,Forever 21 Mint Green Women's Polyester Boots,footwear,Boots,Forever 21,Women,3749,4.7,Formal;Ethnic,Streetwear,Mint Green,Polyester,"Forever 21 mint green boots crafted from premium polyester for women. Features a urban relaxed drape engineered with durable modern textures. Ideal for formal, ethnic occasions. Styled in a streetwear aesthetic, offering both all-day comfort and trend-forward appeal."
SKU-ACC-3327,VERO MODA Olive Green Women's Silk Earrings,accessories,Earrings,VERO MODA,Women,499,3.8,Beach,Vibrant,Olive Green,Silk,"VERO MODA olive green earrings crafted from premium silk for women. Features a eye-catching high-energy color palette suited for expressive moods. Ideal for beach occasions. Styled in a vibrant aesthetic, offering both all-day comfort and trend-forward appeal."
SKU-TOP-1462,Puma Maroon Unisex Cotton T-Shirts,topwear,T-Shirts,Puma,Unisex,399,4.2,Casual;Party,Pastel;Streetwear,Maroon,Cotton,"Puma maroon t-shirts crafted from premium cotton for all genders. Features a soft muted hues providing a calm, breezy and sophisticated aesthetic. Ideal for casual, party occasions. Styled in a pastel aesthetic, offering both all-day comfort and trend-forward appeal."
SKU-TOP-1110,Puma Tan Brown Women's Cotton Blazers,topwear,Blazers,Puma,Women,5849,4.2,Casual,Pastel;Streetwear,Tan Brown,Cotton,"Puma tan brown blazers crafted from premium cotton for women. Features a soft muted hues providing a calm, breezy and sophisticated aesthetic. Ideal for casual occasions. Styled in a pastel aesthetic, offering both all-day comfort and trend-forward appeal."
SKU-ACC-2963,VERO MODA White Women's Polyester Belts,accessories,Belts,VERO MODA,Women,849,4.4,Beach,Streetwear,White,Polyester,"VERO MODA white belts crafted from premium polyester for women. Features a urban relaxed drape engineered with durable modern textures. Ideal for beach occasions. Styled in a streetwear aesthetic, offering both all-day comfort and trend-forward appeal."
SKU-TOP-1355,Mango Charcoal Grey Women's Silk Kurtas,topwear,Kurtas,Mango,Women,1199,4.2,Formal;Gym,Streetwear,Charcoal Grey,Silk,"Mango charcoal grey kurtas crafted from premium silk for women. Features a urban relaxed drape engineered with durable modern textures. Ideal for formal, gym occasions. Styled in a streetwear aesthetic, offering both all-day comfort and trend-forward appeal."
SKU-TOP-1267,Tokyo Talkies Olive Green Women's Cotton Shirts,topwear,Shirts,Tokyo Talkies,Women,2099,4.8,Gym;Formal,Vibrant;Classic,Olive Green,Cotton,"Tokyo Talkies olive green shirts crafted from premium cotton for women. Features a eye-catching high-energy color palette suited for expressive moods. Ideal for gym, formal occasions. Styled in a vibrant aesthetic, offering both all-day comfort and trend-forward appeal."
SKU-FOO-2546,Fossil Mint Green Women's Polyester Heels,footwear,Heels,Fossil,Women,1799,4.4,Casual,Minimalist;Vibrant,Mint Green,Polyester,"Fossil mint green heels crafted from premium polyester for women. Features a clean tailored silhouette with subtle contemporary accents. Ideal for casual occasions. Styled in a minimalist aesthetic, offering both all-day comfort and trend-forward appeal."
SKU-TOP-1531,Tommy Hilfiger Burgundy Men's Linen Kurtas,topwear,Kurtas,Tommy Hilfiger,Men,1399,4.4,Formal,Pastel,Burgundy,Linen,"Tommy Hilfiger burgundy kurtas crafted from premium linen for men. Features a soft muted hues providing a calm, breezy and sophisticated aesthetic. Ideal for formal occasions. Styled in a pastel aesthetic, offering both all-day comfort and trend-forward appeal."
SKU-ACC-3447,VERO MODA Pastel Pink Women's Leather Belts,accessories,Belts,VERO MODA,Women,1099,4.3,Ethnic;Party,Minimalist,Pastel Pink,Leather,"VERO MODA pastel pink belts crafted from premium leather for women. Features a clean tailored silhouette with subtle contemporary accents. Ideal for ethnic, party occasions. Styled in a minimalist aesthetic, offering both all-day comfort and trend-forward appeal."
SKU-TOP-1291,Titan Mint Green Men's Cotton Shirts,topwear,Shirts,Titan,Men,2449,4.1,Beach;Casual,Minimalist,Mint Green,Cotton,"Titan mint green shirts crafted from premium cotton for men. Features a clean tailored silhouette with subtle contemporary accents. Ideal for beach, casual occasions. Styled in a minimalist aesthetic, offering both all-day comfort and trend-forward appeal."
SKU-TOP-1606,Forever 21 White Women's Polyester Blouses,topwear,Blouses,Forever 21,Women,749,4.9,Ethnic;Formal,Streetwear;Classic,White,Polyester,"Forever 21 white blouses crafted from premium polyester for women. Features a urban relaxed drape engineered with durable modern textures. Ideal for ethnic, formal occasions. Styled in a streetwear aesthetic, offering both all-day comfort and trend-forward appeal."
SKU-FOO-2561,Forever 21 Sky Blue Women's Leather Heels,footwear,Heels,Forever 21,Women,4649,4.2,Gym;Casual,Classic,Sky Blue,Leather,"Forever 21 sky blue heels crafted from premium leather for women. Features a timeless quintessential design crafted for versatile everyday elegance. Ideal for gym, casual occasions. Styled in a classic aesthetic, offering both all-day comfort and trend-forward appeal."
SKU-TOP-1417,Nike Pastel Pink Unisex Polyester T-Shirts,topwear,T-Shirts,Nike,Unisex,1499,4.7,Casual,Vibrant,Pastel Pink,Polyester,"Nike pastel pink t-shirts crafted from premium polyester for all genders. Features a eye-catching high-energy color palette suited for expressive moods. Ideal for casual occasions. Styled in a vibrant aesthetic, offering both all-day comfort and trend-forward appeal."
SKU-TOP-1473,Forever 21 White Women's Cotton Blouses,topwear,Blouses,Forever 21,Women,1299,3.7,Gym,Streetwear;Minimalist,White,Cotton,"Forever 21 white blouses crafted from premium cotton for women. Features a urban relaxed drape engineered with durable modern textures. Ideal for gym occasions. Styled in a streetwear aesthetic, offering both all-day comfort and trend-forward appeal."
SKU-BOT-1932,Titan Maroon Men's Cotton Chinos,bottomwear,Chinos,Titan,Men,2599,4.9,Party;Beach,Classic,Maroon,Cotton,"Titan maroon chinos crafted from premium cotton for men. Features a timeless quintessential design crafted for versatile everyday elegance. Ideal for party, beach occasions. Styled in a classic aesthetic, offering both all-day comfort and trend-forward appeal."
SKU-ACC-3280,Sangria Black Women's Polyester Earrings,accessories,Earrings,Sangria,Women,1399,4.4,Gym;Formal,Streetwear,Black,Polyester,"Sangria black earrings crafted from premium polyester for women. Features a urban relaxed drape engineered with durable modern textures. Ideal for gym, formal occasions. Styled in a streetwear aesthetic, offering both all-day comfort and trend-forward appeal."
SKU-ACC-3420,ONLY Tan Brown Women's Polyester Belts,accessories,Belts,ONLY,Women,1649,3.7,Casual,Vibrant;Classic,Tan Brown,Polyester,"ONLY tan brown belts crafted from premium polyester for women. Features a eye-catching high-energy color palette suited for expressive moods. Ideal for casual occasions. Styled in a vibrant aesthetic, offering both all-day comfort and trend-forward appeal."
SKU-BOT-1809,Tokyo Talkies Black Women's Denim Jeans,bottomwear,Jeans,Tokyo Talkies,Women,2699,4.6,Gym,Streetwear;Minimalist,Black,Denim,"Tokyo Talkies black jeans crafted from premium denim for women. Features a urban relaxed drape engineered with durable modern textures. Ideal for gym occasions. Styled in a streetwear aesthetic, offering both all-day comfort and trend-forward appeal."
SKU-BOT-1799,HIGHLANDER Terracotta Men's Denim Jeans,bottomwear,Jeans,HIGHLANDER,Men,1249,4.2,Party;Formal,Minimalist,Terracotta,Denim,"HIGHLANDER terracotta jeans crafted from premium denim for men. Features a clean tailored silhouette with subtle contemporary accents. Ideal for party, formal occasions. Styled in a minimalist aesthetic, offering both all-day comfort and trend-forward appeal."
SKU-ACC-3492,Louis Philippe Lavender Men's Polyester Watches,accessories,Watches,Louis Philippe,Men,2199,4.0,Casual,Vibrant,Lavender,Polyester,"Louis Philippe lavender watches crafted from premium polyester for men. Features a eye-catching high-energy color palette suited for expressive moods. Ideal for casual occasions. Styled in a vibrant aesthetic, offering both all-day comfort and trend-forward appeal."
SKU-BOT-1931,VERO MODA Burgundy Women's Cotton Skirts,bottomwear,Skirts,VERO MODA,Women,1749,4.0,Gym;Formal,Minimalist,Burgundy,Cotton,"VERO MODA burgundy skirts crafted from premium cotton for women. Features a clean tailored silhouette with subtle contemporary accents. Ideal for gym, formal occasions. Styled in a minimalist aesthetic, offering both all-day comfort and trend-forward appeal."
SKU-TOP-1279,HIGHLANDER White Men's Linen Shirts,topwear,Shirts,HIGHLANDER,Men,1799,4.2,Casual,Minimalist,White,Linen,"HIGHLANDER white shirts crafted from premium linen for men. Features a clean tailored silhouette with subtle contemporary accents. Ideal for casual occasions. Styled in a minimalist aesthetic, offering both all-day comfort and trend-forward appeal."
SKU-FOO-2518,DressBerry Charcoal Grey Women's Polyester Sneakers,footwear,Sneakers,DressBerry,Women,2499,4.4,Beach,Vibrant,Charcoal Grey,Polyester,"DressBerry charcoal grey sneakers crafted from premium polyester for women. Features a eye-catching high-energy color palette suited for expressive moods. Ideal for beach occasions. Styled in a vibrant aesthetic, offering both all-day comfort and trend-forward appeal."
SKU-BOT-1884,VERO MODA Terracotta Women's Cotton Skirts,bottomwear,Skirts,VERO MODA,Women,2649,4.6,Beach,Minimalist,Terracotta,Cotton,"VERO MODA terracotta skirts crafted from premium cotton for women. Features a clean tailored silhouette with subtle contemporary accents. Ideal for beach occasions. Styled in a minimalist aesthetic, offering both all-day comfort and trend-forward appeal."
SKU-BOT-2015,ONLY Navy Blue Women's Linen Trousers,bottomwear,Trousers,ONLY,Women,2299,4.8,Beach;Formal,Streetwear;Minimalist,Navy Blue,Linen,"ONLY navy blue trousers crafted from premium linen for women. Features a urban relaxed drape engineered with durable modern textures. Ideal for beach, formal occasions. Styled in a streetwear aesthetic, offering both all-day comfort and trend-forward appeal."
SKU-TOP-1019,HRX by Hrithik Roshan White Men's Cotton T-Shirts,topwear,T-Shirts,HRX by Hrithik Roshan,Men,549,3.9,Party;Casual,Pastel,White,Cotton,"HRX by Hrithik Roshan white t-shirts crafted from premium cotton for men. Features a soft muted hues providing a calm, breezy and sophisticated aesthetic. Ideal for party, casual occasions. Styled in a pastel aesthetic, offering both all-day comfort and trend-forward appeal."
SKU-BOT-2235,Tokyo Talkies Maroon Women's Polyester Skirts,bottomwear,Skirts,Tokyo Talkies,Women,2449,3.9,Party,Minimalist;Pastel,Maroon,Polyester,"Tokyo Talkies maroon skirts crafted from premium polyester for women. Features a clean tailored silhouette with subtle contemporary accents. Ideal for party occasions. Styled in a minimalist aesthetic, offering both all-day comfort and trend-forward appeal."
SKU-ACC-3402,ONLY Terracotta Women's Silk Earrings,accessories,Earrings,ONLY,Women,999,4.3,Party;Casual,Pastel,Terracotta,Silk,"ONLY terracotta earrings crafted from premium silk for women. Features a soft muted hues providing a calm, breezy and sophisticated aesthetic. Ideal for party, casual occasions. Styled in a pastel aesthetic, offering both all-day comfort and trend-forward appeal."
SKU-ACC-2973,Lavie Sport Maroon Unisex Leather Watches,accessories,Watches,Lavie Sport,Unisex,6149,4.4,Formal;Party,Pastel,Maroon,Leather,"Lavie Sport maroon watches crafted from premium leather for all genders. Features a soft muted hues providing a calm, breezy and sophisticated aesthetic. Ideal for formal, party occasions. Styled in a pastel aesthetic, offering both all-day comfort and trend-forward appeal."
SKU-FOO-2533,ONLY Burgundy Women's Cotton Flats,footwear,Flats,ONLY,Women,1749,4.3,Party,Classic,Burgundy,Cotton,"ONLY burgundy flats crafted from premium cotton for women. Features a timeless quintessential design crafted for versatile everyday elegance. Ideal for party occasions. Styled in a classic aesthetic, offering both all-day comfort and trend-forward appeal."
SKU-ACC-2903,Vans Beige Unisex Polyester Watches,accessories,Watches,Vans,Unisex,8849,4.6,Ethnic,Pastel,Beige,Polyester,"Vans beige watches crafted from premium polyester for all genders. Features a soft muted hues providing a calm, breezy and sophisticated aesthetic. Ideal for ethnic occasions. Styled in a pastel aesthetic, offering both all-day comfort and trend-forward appeal."
SKU-ACC-3134,Roadster Tan Brown Unisex Leather Watches,accessories,Watches,Roadster,Unisex,7049,4.4,Party,Pastel;Classic,Tan Brown,Leather,"Roadster tan brown watches crafted from premium leather for all genders. Features a soft muted hues providing a calm, breezy and sophisticated aesthetic. Ideal for party occasions. Styled in a pastel aesthetic, offering both all-day comfort and trend-forward appeal."
SKU-FOO-2502,Forever 21 Terracotta Women's Leather Flats,footwear,Flats,Forever 21,Women,1049,4.0,Beach,Streetwear,Terracotta,Leather,"Forever 21 terracotta flats crafted from premium leather for women. Features a urban relaxed drape engineered with durable modern textures. Ideal for beach occasions. Styled in a streetwear aesthetic, offering both all-day comfort and trend-forward appeal."
SKU-FOO-2565,VERO MODA White Women's Leather Flats,footwear,Flats,VERO MODA,Women,2149,4.5,Ethnic;Gym,Minimalist;Pastel,White,Leather,"VERO MODA white flats crafted from premium leather for women. Features a clean tailored silhouette with subtle contemporary accents. Ideal for ethnic, gym occasions. Styled in a minimalist aesthetic, offering both all-day comfort and trend-forward appeal."
SKU-TOP-1220,VERO MODA Navy Blue Women's Cotton Blouses,topwear,Blouses,VERO MODA,Women,1949,4.2,Formal;Party,Classic,Navy Blue,Cotton,"VERO MODA navy blue blouses crafted from premium cotton for women. Features a timeless quintessential design crafted for versatile everyday elegance. Ideal for formal, party occasions. Styled in a classic aesthetic, offering both all-day comfort and trend-forward appeal."
SKU-TOP-1619,Carlton London Black Women's Linen Shirts,topwear,Shirts,Carlton London,Women,1299,4.4,Casual;Gym,Pastel,Black,Linen,"Carlton London black shirts crafted from premium linen for women. Features a soft muted hues providing a calm, breezy and sophisticated aesthetic. Ideal for casual, gym occasions. Styled in a pastel aesthetic, offering both all-day comfort and trend-forward appeal."
SKU-BOT-2248,Fossil Maroon Women's Polyester Palazzos,bottomwear,Palazzos,Fossil,Women,1499,3.9,Casual,Pastel;Streetwear,Maroon,Polyester,"Fossil maroon palazzos crafted from premium polyester for women. Features a soft muted hues providing a calm, breezy and sophisticated aesthetic. Ideal for casual occasions. Styled in a pastel aesthetic, offering both all-day comfort and trend-forward appeal."
SKU-TOP-1304,Mango Navy Blue Women's Silk Kurtas,topwear,Kurtas,Mango,Women,3149,4.4,Beach;Gym,Minimalist,Navy Blue,Silk,"Mango navy blue kurtas crafted from premium silk for women. Features a clean tailored silhouette with subtle contemporary accents. Ideal for beach, gym occasions. Styled in a minimalist aesthetic, offering both all-day comfort and trend-forward appeal."
SKU-FOO-2739,Tommy Hilfiger Sky Blue Men's Cotton Sneakers,footwear,Sneakers,Tommy Hilfiger,Men,1749,4.5,Formal,Minimalist,Sky Blue,Cotton,"Tommy Hilfiger sky blue sneakers crafted from premium cotton for men. Features a clean tailored silhouette with subtle contemporary accents. Ideal for formal occasions. Styled in a minimalist aesthetic, offering both all-day comfort and trend-forward appeal."
SKU-ACC-3377,Bata Navy Blue Women's Polyester Sunglasses,accessories,Sunglasses,Bata,Women,2999,4.1,Gym,Pastel,Navy Blue,Polyester,"Bata navy blue sunglasses crafted from premium polyester for women. Features a soft muted hues providing a calm, breezy and sophisticated aesthetic. Ideal for gym occasions. Styled in a pastel aesthetic, offering both all-day comfort and trend-forward appeal."
SKU-ACC-3009,Puma Maroon Women's Silk Earrings,accessories,Earrings,Puma,Women,1599,4.4,Casual,Vibrant,Maroon,Silk,"Puma maroon earrings crafted from premium silk for women. Features a eye-catching high-energy color palette suited for expressive moods. Ideal for casual occasions. Styled in a vibrant aesthetic, offering both all-day comfort and trend-forward appeal."
SKU-ACC-3065,Mango Cream Women's Polyester Sunglasses,accessories,Sunglasses,Mango,Women,1749,4.3,Gym,Pastel;Vibrant,Cream,Polyester,"Mango cream sunglasses crafted from premium polyester for women. Features a soft muted hues providing a calm, breezy and sophisticated aesthetic. Ideal for gym occasions. Styled in a pastel aesthetic, offering both all-day comfort and trend-forward appeal."
SKU-FOO-2296,Fossil Mint Green Men's Polyester Sneakers,footwear,Sneakers,Fossil,Men,5599,4.2,Gym;Beach,Streetwear;Pastel,Mint Green,Polyester,"Fossil mint green sneakers crafted from premium polyester for men. Features a urban relaxed drape engineered with durable modern textures. Ideal for gym, beach occasions. Styled in a streetwear aesthetic, offering both all-day comfort and trend-forward appeal."
SKU-ACC-3202,Carlton London Burgundy Women's Polyester Sunglasses,accessories,Sunglasses,Carlton London,Women,649,4.1,Beach,Streetwear,Burgundy,Polyester,"Carlton London burgundy sunglasses crafted from premium polyester for women. Features a urban relaxed drape engineered with durable modern textures. Ideal for beach occasions. Styled in a streetwear aesthetic, offering both all-day comfort and trend-forward appeal."
SKU-BOT-1880,Forever 21 Mint Green Women's Cotton Palazzos,bottomwear,Palazzos,Forever 21,Women,1499,4.6,Casual;Beach,Vibrant,Mint Green,Cotton,"Forever 21 mint green palazzos crafted from premium cotton for women. Features a eye-catching high-energy color palette suited for expressive moods. Ideal for casual, beach occasions. Styled in a vibrant aesthetic, offering both all-day comfort and trend-forward appeal."
SKU-ACC-3159,Puma Tan Brown Unisex Polyester Sunglasses,accessories,Sunglasses,Puma,Unisex,949,4.6,Casual;Beach,Vibrant,Tan Brown,Polyester,"Puma tan brown sunglasses crafted from premium polyester for all genders. Features a eye-catching high-energy color palette suited for expressive moods. Ideal for casual, beach occasions. Styled in a vibrant aesthetic, offering both all-day comfort and trend-forward appeal."
SKU-BOT-2006,Bata Navy Blue Women's Silk Skirts,bottomwear,Skirts,Bata,Women,1649,4.3,Gym;Formal,Vibrant;Pastel,Navy Blue,Silk,"Bata navy blue skirts crafted from premium silk for women. Features a eye-catching high-energy color palette suited for expressive moods. Ideal for gym, formal occasions. Styled in a vibrant aesthetic, offering both all-day comfort and trend-forward appeal."
SKU-BOT-2034,Titan Beige Men's Polyester Trousers,bottomwear,Trousers,Titan,Men,1399,4.4,Beach;Party,Vibrant;Pastel,Beige,Polyester,"Titan beige trousers crafted from premium polyester for men. Features a eye-catching high-energy color palette suited for expressive moods. Ideal for beach, party occasions. Styled in a vibrant aesthetic, offering both all-day comfort and trend-forward appeal."
SKU-FOO-2506,WROGN Charcoal Grey Men's Polyester Loafers,footwear,Loafers,WROGN,Men,4649,4.0,Casual,Pastel,Charcoal Grey,Polyester,"WROGN charcoal grey loafers crafted from premium polyester for men. Features a soft muted hues providing a calm, breezy and sophisticated aesthetic. Ideal for casual occasions. Styled in a pastel aesthetic, offering both all-day comfort and trend-forward appeal."
SKU-BOT-2054,Fossil Black Women's Polyester Skirts,bottomwear,Skirts,Fossil,Women,749,4.3,Ethnic;Casual,Pastel;Vibrant,Black,Polyester,"Fossil black skirts crafted from premium polyester for women. Features a soft muted hues providing a calm, breezy and sophisticated aesthetic. Ideal for ethnic, casual occasions. Styled in a pastel aesthetic, offering both all-day comfort and trend-forward appeal."
SKU-FOO-2870,Tokyo Talkies Terracotta Women's Polyester Boots,footwear,Boots,Tokyo Talkies,Women,3499,4.1,Formal,Pastel;Classic,Terracotta,Polyester,"Tokyo Talkies terracotta boots crafted from premium polyester for women. Features a soft muted hues providing a calm, breezy and sophisticated aesthetic. Ideal for formal occasions. Styled in a pastel aesthetic, offering both all-day comfort and trend-forward appeal."
SKU-BOT-2101,Puma Olive Green Women's Polyester Skirts,bottomwear,Skirts,Puma,Women,2399,4.5,Formal;Casual,Minimalist,Olive Green,Polyester,"Puma olive green skirts crafted from premium polyester for women. Features a clean tailored silhouette with subtle contemporary accents. Ideal for formal, casual occasions. Styled in a minimalist aesthetic, offering both all-day comfort and trend-forward appeal."
SKU-TOP-1193,Converse Cream Unisex Polyester T-Shirts,topwear,T-Shirts,Converse,Unisex,699,4.3,Ethnic;Formal,Classic,Cream,Polyester,"Converse cream t-shirts crafted from premium polyester for all genders. Features a timeless quintessential design crafted for versatile everyday elegance. Ideal for ethnic, formal occasions. Styled in a classic aesthetic, offering both all-day comfort and trend-forward appeal."
SKU-TOP-1175,Bata Maroon Women's Cotton Blazers,topwear,Blazers,Bata,Women,3049,4.3,Party,Vibrant;Classic,Maroon,Cotton,"Bata maroon blazers crafted from premium cotton for women. Features a eye-catching high-energy color palette suited for expressive moods. Ideal for party occasions. Styled in a vibrant aesthetic, offering both all-day comfort and trend-forward appeal."
SKU-BOT-1766,Anouk Tan Brown Women's Polyester Palazzos,bottomwear,Palazzos,Anouk,Women,2049,4.0,Beach,Pastel;Streetwear,Tan Brown,Polyester,"Anouk tan brown palazzos crafted from premium polyester for women. Features a soft muted hues providing a calm, breezy and sophisticated aesthetic. Ideal for beach occasions. Styled in a pastel aesthetic, offering both all-day comfort and trend-forward appeal."
SKU-FOO-2379,DressBerry Cream Women's Leather Flats,footwear,Flats,DressBerry,Women,749,4.0,Casual,Minimalist,Cream,Leather,"DressBerry cream flats crafted from premium leather for women. Features a clean tailored silhouette with subtle contemporary accents. Ideal for casual occasions. Styled in a minimalist aesthetic, offering both all-day comfort and trend-forward appeal."
SKU-FOO-2567,Vans Navy Blue Unisex Polyester Sneakers,footwear,Sneakers,Vans,Unisex,6599,4.2,Beach,Vibrant,Navy Blue,Polyester,"Vans navy blue sneakers crafted from premium polyester for all genders. Features a eye-catching high-energy color palette suited for expressive moods. Ideal for beach occasions. Styled in a vibrant aesthetic, offering both all-day comfort and trend-forward appeal."
SKU-ACC-2905,Casio Beige Unisex Cotton Bags,accessories,Bags,Casio,Unisex,2649,4.2,Formal,Minimalist,Beige,Cotton,"Casio beige bags crafted from premium cotton for all genders. Features a clean tailored silhouette with subtle contemporary accents. Ideal for formal occasions. Styled in a minimalist aesthetic, offering both all-day comfort and trend-forward appeal."
SKU-BOT-1701,DressBerry Cream Women's Silk Skirts,bottomwear,Skirts,DressBerry,Women,2599,4.0,Formal,Streetwear,Cream,Silk,"DressBerry cream skirts crafted from premium silk for women. Features a urban relaxed drape engineered with durable modern textures. Ideal for formal occasions. Styled in a streetwear aesthetic, offering both all-day comfort and trend-forward appeal."
SKU-TOP-1129,ONLY Pastel Pink Women's Polyester Blouses,topwear,Blouses,ONLY,Women,1249,4.2,Ethnic;Gym,Minimalist,Pastel Pink,Polyester,"ONLY pastel pink blouses crafted from premium polyester for women. Features a clean tailored silhouette with subtle contemporary accents. Ideal for ethnic, gym occasions. Styled in a minimalist aesthetic, offering both all-day comfort and trend-forward appeal."
SKU-TOP-1341,ONLY Cream Women's Cotton Crop Tops,topwear,Crop Tops,ONLY,Women,1349,3.9,Formal;Ethnic,Vibrant;Minimalist,Cream,Cotton,"ONLY cream crop tops crafted from premium cotton for women. Features a eye-catching high-energy color palette suited for expressive moods. Ideal for formal, ethnic occasions. Styled in a vibrant aesthetic, offering both all-day comfort and trend-forward appeal."
SKU-ACC-3128,Fossil White Women's Polyester Earrings,accessories,Earrings,Fossil,Women,549,4.6,Beach;Formal,Minimalist,White,Polyester,"Fossil white earrings crafted from premium polyester for women. Features a clean tailored silhouette with subtle contemporary accents. Ideal for beach, formal occasions. Styled in a minimalist aesthetic, offering both all-day comfort and trend-forward appeal."
SKU-BOT-1648,Fossil Black Women's Linen Trousers,bottomwear,Trousers,Fossil,Women,2799,4.2,Gym;Beach,Pastel,Black,Linen,"Fossil black trousers crafted from premium linen for women. Features a soft muted hues providing a calm, breezy and sophisticated aesthetic. Ideal for gym, beach occasions. Styled in a pastel aesthetic, offering both all-day comfort and trend-forward appeal."
SKU-FOO-2287,Sangria Charcoal Grey Women's Cotton Flats,footwear,Flats,Sangria,Women,599,3.6,Gym,Classic,Charcoal Grey,Cotton,"Sangria charcoal grey flats crafted from premium cotton for women. Features a timeless quintessential design crafted for versatile everyday elegance. Ideal for gym occasions. Styled in a classic aesthetic, offering both all-day comfort and trend-forward appeal."
SKU-TOP-1308,DressBerry White Women's Cotton Crop Tops,topwear,Crop Tops,DressBerry,Women,899,4.0,Casual;Beach,Streetwear,White,Cotton,"DressBerry white crop tops crafted from premium cotton for women. Features a urban relaxed drape engineered with durable modern textures. Ideal for casual, beach occasions. Styled in a streetwear aesthetic, offering both all-day comfort and trend-forward appeal."
SKU-TOP-1384,Mango Pastel Pink Women's Cotton Kurtas,topwear,Kurtas,Mango,Women,3049,4.0,Formal,Streetwear,Pastel Pink,Cotton,"Mango pastel pink kurtas crafted from premium cotton for women. Features a urban relaxed drape engineered with durable modern textures. Ideal for formal occasions. Styled in a streetwear aesthetic, offering both all-day comfort and trend-forward appeal."
SKU-FOO-2273,Puma Tan Brown Men's Leather Sneakers,footwear,Sneakers,Puma,Men,2999,3.8,Ethnic,Streetwear;Classic,Tan Brown,Leather,"Puma tan brown sneakers crafted from premium leather for men. Features a urban relaxed drape engineered with durable modern textures. Ideal for ethnic occasions. Styled in a streetwear aesthetic, offering both all-day comfort and trend-forward appeal."
SKU-ACC-3315,ONLY Cream Women's Polyester Bags,accessories,Bags,ONLY,Women,4599,4.4,Beach;Ethnic,Streetwear,Cream,Polyester,"ONLY cream bags crafted from premium polyester for women. Features a urban relaxed drape engineered with durable modern textures. Ideal for beach, ethnic occasions. Styled in a streetwear aesthetic, offering both all-day comfort and trend-forward appeal."
SKU-FOO-2264,Anouk Beige Women's Polyester Heels,footwear,Heels,Anouk,Women,1299,3.9,Party,Pastel,Beige,Polyester,"Anouk beige heels crafted from premium polyester for women. Features a soft muted hues providing a calm, breezy and sophisticated aesthetic. Ideal for party occasions. Styled in a pastel aesthetic, offering both all-day comfort and trend-forward appeal."
SKU-TOP-1178,Anouk Mint Green Women's Cotton Blouses,topwear,Blouses,Anouk,Women,749,4.7,Gym,Vibrant,Mint Green,Cotton,"Anouk mint green blouses crafted from premium cotton for women. Features a eye-catching high-energy color palette suited for expressive moods. Ideal for gym occasions. Styled in a vibrant aesthetic, offering both all-day comfort and trend-forward appeal."
SKU-TOP-1427,Bata Black Women's Polyester Blouses,topwear,Blouses,Bata,Women,899,3.9,Formal,Classic;Pastel,Black,Polyester,"Bata black blouses crafted from premium polyester for women. Features a timeless quintessential design crafted for versatile everyday elegance. Ideal for formal occasions. Styled in a classic aesthetic, offering both all-day comfort and trend-forward appeal."
SKU-BOT-1787,Puma Beige Men's Linen Trousers,bottomwear,Trousers,Puma,Men,3799,4.5,Gym,Classic,Beige,Linen,"Puma beige trousers crafted from premium linen for men. Features a timeless quintessential design crafted for versatile everyday elegance. Ideal for gym occasions. Styled in a classic aesthetic, offering both all-day comfort and trend-forward appeal."
SKU-FOO-2747,Nike Navy Blue Men's Leather Sneakers,footwear,Sneakers,Nike,Men,2199,4.5,Casual,Vibrant,Navy Blue,Leather,"Nike navy blue sneakers crafted from premium leather for men. Features a eye-catching high-energy color palette suited for expressive moods. Ideal for casual occasions. Styled in a vibrant aesthetic, offering both all-day comfort and trend-forward appeal."
SKU-BOT-2100,Carlton London Tan Brown Women's Linen Trousers,bottomwear,Trousers,Carlton London,Women,3649,4.3,Ethnic,Pastel,Tan Brown,Linen,"Carlton London tan brown trousers crafted from premium linen for women. Features a soft muted hues providing a calm, breezy and sophisticated aesthetic. Ideal for ethnic occasions. Styled in a pastel aesthetic, offering both all-day comfort and trend-forward appeal."
SKU-ACC-3390,Casio Sky Blue Unisex Leather Bags,accessories,Bags,Casio,Unisex,1849,4.6,Gym,Classic,Sky Blue,Leather,"Casio sky blue bags crafted from premium leather for all genders. Features a timeless quintessential design crafted for versatile everyday elegance. Ideal for gym occasions. Styled in a classic aesthetic, offering both all-day comfort and trend-forward appeal."
SKU-TOP-1185,Puma Maroon Women's Polyester Blazers,topwear,Blazers,Puma,Women,3549,4.1,Ethnic;Gym,Vibrant,Maroon,Polyester,"Puma maroon blazers crafted from premium polyester for women. Features a eye-catching high-energy color palette suited for expressive moods. Ideal for ethnic, gym occasions. Styled in a vibrant aesthetic, offering both all-day comfort and trend-forward appeal."
SKU-FOO-2592,Puma Terracotta Unisex Leather Sneakers,footwear,Sneakers,Puma,Unisex,4099,3.2,Formal,Minimalist,Terracotta,Leather,"Puma terracotta sneakers crafted from premium leather for all genders. Features a clean tailored silhouette with subtle contemporary accents. Ideal for formal occasions. Styled in a minimalist aesthetic, offering both all-day comfort and trend-forward appeal."
SKU-ACC-2990,Nike Black Unisex Polyester Bags,accessories,Bags,Nike,Unisex,2699,4.4,Gym;Ethnic,Streetwear,Black,Polyester,"Nike black bags crafted from premium polyester for all genders. Features a urban relaxed drape engineered with durable modern textures. Ideal for gym, ethnic occasions. Styled in a streetwear aesthetic, offering both all-day comfort and trend-forward appeal."
SKU-ACC-3496,VERO MODA Tan Brown Women's Polyester Earrings,accessories,Earrings,VERO MODA,Women,1249,4.5,Formal,Streetwear,Tan Brown,Polyester,"VERO MODA tan brown earrings crafted from premium polyester for women. Features a urban relaxed drape engineered with durable modern textures. Ideal for formal occasions. Styled in a streetwear aesthetic, offering both all-day comfort and trend-forward appeal."
SKU-ACC-3286,Louis Philippe Sky Blue Men's Leather Belts,accessories,Belts,Louis Philippe,Men,799,4.4,Casual;Beach,Classic;Minimalist,Sky Blue,Leather,"Louis Philippe sky blue belts crafted from premium leather for men. Features a timeless quintessential design crafted for versatile everyday elegance. Ideal for casual, beach occasions. Styled in a classic aesthetic, offering both all-day comfort and trend-forward appeal."
SKU-FOO-2304,Converse Cream Unisex Polyester Sneakers,footwear,Sneakers,Converse,Unisex,5449,3.9,Beach,Streetwear,Cream,Polyester,"Converse cream sneakers crafted from premium polyester for all genders. Features a urban relaxed drape engineered with durable modern textures. Ideal for beach occasions. Styled in a streetwear aesthetic, offering both all-day comfort and trend-forward appeal."
SKU-BOT-1962,HRX by Hrithik Roshan Black Men's Cotton Chinos,bottomwear,Chinos,HRX by Hrithik Roshan,Men,2249,4.7,Party,Classic;Pastel,Black,Cotton,"HRX by Hrithik Roshan black chinos crafted from premium cotton for men. Features a timeless quintessential design crafted for versatile everyday elegance. Ideal for party occasions. Styled in a classic aesthetic, offering both all-day comfort and trend-forward appeal."
SKU-FOO-2640,Carlton London White Women's Polyester Heels,footwear,Heels,Carlton London,Women,1399,3.8,Gym,Pastel,White,Polyester,"Carlton London white heels crafted from premium polyester for women. Features a soft muted hues providing a calm, breezy and sophisticated aesthetic. Ideal for gym occasions. Styled in a pastel aesthetic, offering both all-day comfort and trend-forward appeal."
SKU-TOP-1490,ONLY Cream Women's Cotton Blouses,topwear,Blouses,ONLY,Women,1049,4.5,Beach;Party,Pastel,Cream,Cotton,"ONLY cream blouses crafted from premium cotton for women. Features a soft muted hues providing a calm, breezy and sophisticated aesthetic. Ideal for beach, party occasions. Styled in a pastel aesthetic, offering both all-day comfort and trend-forward appeal."
SKU-BOT-1762,HRX by Hrithik Roshan Terracotta Men's Linen Chinos,bottomwear,Chinos,HRX by Hrithik Roshan,Men,2949,4.2,Ethnic;Gym,Minimalist;Streetwear,Terracotta,Linen,"HRX by Hrithik Roshan terracotta chinos crafted from premium linen for men. Features a clean tailored silhouette with subtle contemporary accents. Ideal for ethnic, gym occasions. Styled in a minimalist aesthetic, offering both all-day comfort and trend-forward appeal."
SKU-BOT-1810,Fossil Burgundy Men's Denim Jeans,bottomwear,Jeans,Fossil,Men,2449,3.9,Beach;Ethnic,Vibrant,Burgundy,Denim,"Fossil burgundy jeans crafted from premium denim for men. Features a eye-catching high-energy color palette suited for expressive moods. Ideal for beach, ethnic occasions. Styled in a vibrant aesthetic, offering both all-day comfort and trend-forward appeal."
SKU-ACC-3278,Casio Mint Green Unisex Leather Watches,accessories,Watches,Casio,Unisex,7199,3.8,Ethnic,Pastel,Mint Green,Leather,"Casio mint green watches crafted from premium leather for all genders. Features a soft muted hues providing a calm, breezy and sophisticated aesthetic. Ideal for ethnic occasions. Styled in a pastel aesthetic, offering both all-day comfort and trend-forward appeal."
SKU-FOO-2430,WROGN Cream Men's Polyester Boots,footwear,Boots,WROGN,Men,2049,4.1,Casual,Vibrant,Cream,Polyester,"WROGN cream boots crafted from premium polyester for men. Features a eye-catching high-energy color palette suited for expressive moods. Ideal for casual occasions. Styled in a vibrant aesthetic, offering both all-day comfort and trend-forward appeal."
SKU-FOO-2658,Mango Mustard Yellow Women's Polyester Loafers,footwear,Loafers,Mango,Women,4749,4.7,Ethnic;Gym,Minimalist,Mustard Yellow,Polyester,"Mango mustard yellow loafers crafted from premium polyester for women. Features a clean tailored silhouette with subtle contemporary accents. Ideal for ethnic, gym occasions. Styled in a minimalist aesthetic, offering both all-day comfort and trend-forward appeal."
SKU-FOO-2526,WROGN Navy Blue Men's Polyester Loafers,footwear,Loafers,WROGN,Men,4649,4.6,Ethnic,Streetwear;Classic,Navy Blue,Polyester,"WROGN navy blue loafers crafted from premium polyester for men. Features a urban relaxed drape engineered with durable modern textures. Ideal for ethnic occasions. Styled in a streetwear aesthetic, offering both all-day comfort and trend-forward appeal."
SKU-ACC-3087,Mast & Harbour Tan Brown Men's Leather Belts,accessories,Belts,Mast & Harbour,Men,1699,4.0,Beach;Casual,Pastel,Tan Brown,Leather,"Mast & Harbour tan brown belts crafted from premium leather for men. Features a soft muted hues providing a calm, breezy and sophisticated aesthetic. Ideal for beach, casual occasions. Styled in a pastel aesthetic, offering both all-day comfort and trend-forward appeal."
SKU-TOP-1119,Puma Tan Brown Unisex Polyester T-Shirts,topwear,T-Shirts,Puma,Unisex,449,4.6,Beach,Streetwear;Minimalist,Tan Brown,Polyester,"Puma tan brown t-shirts crafted from premium polyester for all genders. Features a urban relaxed drape engineered with durable modern textures. Ideal for beach occasions. Styled in a streetwear aesthetic, offering both all-day comfort and trend-forward appeal."
SKU-FOO-2554,Peter England Beige Men's Leather Loafers,footwear,Loafers,Peter England,Men,4149,3.9,Party,Classic,Beige,Leather,"Peter England beige loafers crafted from premium leather for men. Features a timeless quintessential design crafted for versatile everyday elegance. Ideal for party occasions. Styled in a classic aesthetic, offering both all-day comfort and trend-forward appeal."
SKU-TOP-1282,Tokyo Talkies Charcoal Grey Women's Cotton T-Shirts,topwear,T-Shirts,Tokyo Talkies,Women,649,4.4,Gym,Vibrant,Charcoal Grey,Cotton,"Tokyo Talkies charcoal grey t-shirts crafted from premium cotton for women. Features a eye-catching high-energy color palette suited for expressive moods. Ideal for gym occasions. Styled in a vibrant aesthetic, offering both all-day comfort and trend-forward appeal."
SKU-ACC-3186,Mast & Harbour Lavender Men's Polyester Belts,accessories,Belts,Mast & Harbour,Men,899,4.7,Casual,Streetwear,Lavender,Polyester,"Mast & Harbour lavender belts crafted from premium polyester for men. Features a urban relaxed drape engineered with durable modern textures. Ideal for casual occasions. Styled in a streetwear aesthetic, offering both all-day comfort and trend-forward appeal."
SKU-ACC-3465,HIGHLANDER Burgundy Men's Polyester Watches,accessories,Watches,HIGHLANDER,Men,6349,4.5,Formal;Casual,Minimalist,Burgundy,Polyester,"HIGHLANDER burgundy watches crafted from premium polyester for men. Features a clean tailored silhouette with subtle contemporary accents. Ideal for formal, casual occasions. Styled in a minimalist aesthetic, offering both all-day comfort and trend-forward appeal."
SKU-FOO-2836,Mast & Harbour Olive Green Men's Polyester Boots,footwear,Boots,Mast & Harbour,Men,2149,4.3,Formal,Classic;Vibrant,Olive Green,Polyester,"Mast & Harbour olive green boots crafted from premium polyester for men. Features a timeless quintessential design crafted for versatile everyday elegance. Ideal for formal occasions. Styled in a classic aesthetic, offering both all-day comfort and trend-forward appeal."
SKU-BOT-1650,Bata Navy Blue Women's Polyester Palazzos,bottomwear,Palazzos,Bata,Women,1299,4.4,Casual;Ethnic,Pastel;Minimalist,Navy Blue,Polyester,"Bata navy blue palazzos crafted from premium polyester for women. Features a soft muted hues providing a calm, breezy and sophisticated aesthetic. Ideal for casual, ethnic occasions. Styled in a pastel aesthetic, offering both all-day comfort and trend-forward appeal."
SKU-BOT-1728,ONLY Burgundy Women's Silk Palazzos,bottomwear,Palazzos,ONLY,Women,2099,4.3,Formal,Pastel,Burgundy,Silk,"ONLY burgundy palazzos crafted from premium silk for women. Features a soft muted hues providing a calm, breezy and sophisticated aesthetic. Ideal for formal occasions. Styled in a pastel aesthetic, offering both all-day comfort and trend-forward appeal."
SKU-TOP-1367,Fossil Cream Men's Polyester Blazers,topwear,Blazers,Fossil,Men,4599,4.3,Beach;Gym,Classic;Vibrant,Cream,Polyester,"Fossil cream blazers crafted from premium polyester for men. Features a timeless quintessential design crafted for versatile everyday elegance. Ideal for beach, gym occasions. Styled in a classic aesthetic, offering both all-day comfort and trend-forward appeal."
SKU-FOO-2352,Roadster White Unisex Polyester Sneakers,footwear,Sneakers,Roadster,Unisex,5199,3.6,Formal;Casual,Minimalist,White,Polyester,"Roadster white sneakers crafted from premium polyester for all genders. Features a clean tailored silhouette with subtle contemporary accents. Ideal for formal, casual occasions. Styled in a minimalist aesthetic, offering both all-day comfort and trend-forward appeal."
SKU-TOP-1556,Mango Pastel Pink Women's Cotton Kurtas,topwear,Kurtas,Mango,Women,1349,4.1,Casual;Ethnic,Minimalist;Streetwear,Pastel Pink,Cotton,"Mango pastel pink kurtas crafted from premium cotton for women. Features a clean tailored silhouette with subtle contemporary accents. Ideal for casual, ethnic occasions. Styled in a minimalist aesthetic, offering both all-day comfort and trend-forward appeal."
SKU-FOO-2411,Fossil Olive Green Women's Leather Heels,footwear,Heels,Fossil,Women,2249,4.7,Gym,Vibrant;Minimalist,Olive Green,Leather,"Fossil olive green heels crafted from premium leather for women. Features a eye-catching high-energy color palette suited for expressive moods. Ideal for gym occasions. Styled in a vibrant aesthetic, offering both all-day comfort and trend-forward appeal."
SKU-ACC-3281,Puma Beige Men's Leather Belts,accessories,Belts,Puma,Men,1899,3.6,Beach,Streetwear;Pastel,Beige,Leather,"Puma beige belts crafted from premium leather for men. Features a urban relaxed drape engineered with durable modern textures. Ideal for beach occasions. Styled in a streetwear aesthetic, offering both all-day comfort and trend-forward appeal."
SKU-ACC-2914,Vans Sky Blue Unisex Leather Watches,accessories,Watches,Vans,Unisex,2749,4.4,Formal,Streetwear;Classic,Sky Blue,Leather,"Vans sky blue watches crafted from premium leather for all genders. Features a urban relaxed drape engineered with durable modern textures. Ideal for formal occasions. Styled in a streetwear aesthetic, offering both all-day comfort and trend-forward appeal."
SKU-TOP-1204,Fossil Mustard Yellow Men's Cotton Shirts,topwear,Shirts,Fossil,Men,1099,4.6,Gym,Vibrant,Mustard Yellow,Cotton,"Fossil mustard yellow shirts crafted from premium cotton for men. Features a eye-catching high-energy color palette suited for expressive moods. Ideal for gym occasions. Styled in a vibrant aesthetic, offering both all-day comfort and trend-forward appeal."
SKU-ACC-3114,Tokyo Talkies Charcoal Grey Women's Leather Belts,accessories,Belts,Tokyo Talkies,Women,899,3.8,Ethnic;Casual,Minimalist,Charcoal Grey,Leather,"Tokyo Talkies charcoal grey belts crafted from premium leather for women. Features a clean tailored silhouette with subtle contemporary accents. Ideal for ethnic, casual occasions. Styled in a minimalist aesthetic, offering both all-day comfort and trend-forward appeal."
SKU-TOP-1121,VERO MODA Tan Brown Women's Polyester Crop Tops,topwear,Crop Tops,VERO MODA,Women,1499,4.5,Casual;Gym,Classic;Vibrant,Tan Brown,Polyester,"VERO MODA tan brown crop tops crafted from premium polyester for women. Features a timeless quintessential design crafted for versatile everyday elegance. Ideal for casual, gym occasions. Styled in a classic aesthetic, offering both all-day comfort and trend-forward appeal."
SKU-TOP-1284,Louis Philippe Charcoal Grey Men's Cotton Blazers,topwear,Blazers,Louis Philippe,Men,5499,3.8,Beach,Minimalist,Charcoal Grey,Cotton,"Louis Philippe charcoal grey blazers crafted from premium cotton for men. Features a clean tailored silhouette with subtle contemporary accents. Ideal for beach occasions. Styled in a minimalist aesthetic, offering both all-day comfort and trend-forward appeal."
SKU-TOP-1576,Puma Burgundy Unisex Polyester T-Shirts,topwear,T-Shirts,Puma,Unisex,1449,3.4,Party,Classic;Minimalist,Burgundy,Polyester,"Puma burgundy t-shirts crafted from premium polyester for all genders. Features a timeless quintessential design crafted for versatile everyday elegance. Ideal for party occasions. Styled in a classic aesthetic, offering both all-day comfort and trend-forward appeal."
SKU-FOO-2302,Carlton London Sky Blue Women's Leather Sneakers,footwear,Sneakers,Carlton London,Women,2999,4.5,Ethnic;Casual,Vibrant,Sky Blue,Leather,"Carlton London sky blue sneakers crafted from premium leather for women. Features a eye-catching high-energy color palette suited for expressive moods. Ideal for ethnic, casual occasions. Styled in a vibrant aesthetic, offering both all-day comfort and trend-forward appeal."
SKU-ACC-3414,Mango Terracotta Women's Polyester Belts,accessories,Belts,Mango,Women,1149,3.9,Casual;Party,Streetwear,Terracotta,Polyester,"Mango terracotta belts crafted from premium polyester for women. Features a urban relaxed drape engineered with durable modern textures. Ideal for casual, party occasions. Styled in a streetwear aesthetic, offering both all-day comfort and trend-forward appeal."
SKU-TOP-1276,Carlton London Pastel Pink Women's Silk Blouses,topwear,Blouses,Carlton London,Women,1749,4.4,Formal,Pastel,Pastel Pink,Silk,"Carlton London pastel pink blouses crafted from premium silk for women. Features a soft muted hues providing a calm, breezy and sophisticated aesthetic. Ideal for formal occasions. Styled in a pastel aesthetic, offering both all-day comfort and trend-forward appeal."
SKU-BOT-1966,Bata Olive Green Women's Linen Chinos,bottomwear,Chinos,Bata,Women,1199,4.7,Ethnic,Classic;Minimalist,Olive Green,Linen,"Bata olive green chinos crafted from premium linen for women. Features a timeless quintessential design crafted for versatile everyday elegance. Ideal for ethnic occasions. Styled in a classic aesthetic, offering both all-day comfort and trend-forward appeal."
SKU-FOO-2548,Bata Navy Blue Women's Leather Heels,footwear,Heels,Bata,Women,2449,4.3,Party;Casual,Classic,Navy Blue,Leather,"Bata navy blue heels crafted from premium leather for women. Features a timeless quintessential design crafted for versatile everyday elegance. Ideal for party, casual occasions. Styled in a classic aesthetic, offering both all-day comfort and trend-forward appeal."
SKU-TOP-1361,HIGHLANDER Black Men's Polyester Blazers,topwear,Blazers,HIGHLANDER,Men,2899,4.4,Ethnic,Vibrant;Classic,Black,Polyester,"HIGHLANDER black blazers crafted from premium polyester for men. Features a eye-catching high-energy color palette suited for expressive moods. Ideal for ethnic occasions. Styled in a vibrant aesthetic, offering both all-day comfort and trend-forward appeal."
SKU-BOT-2128,Puma Mustard Yellow Men's Linen Trousers,bottomwear,Trousers,Puma,Men,3949,3.9,Casual,Vibrant,Mustard Yellow,Linen,"Puma mustard yellow trousers crafted from premium linen for men. Features a eye-catching high-energy color palette suited for expressive moods. Ideal for casual occasions. Styled in a vibrant aesthetic, offering both all-day comfort and trend-forward appeal."
SKU-BOT-1768,Carlton London Tan Brown Women's Denim Jeans,bottomwear,Jeans,Carlton London,Women,1849,4.8,Casual,Pastel,Tan Brown,Denim,"Carlton London tan brown jeans crafted from premium denim for women. Features a soft muted hues providing a calm, breezy and sophisticated aesthetic. Ideal for casual occasions. Styled in a pastel aesthetic, offering both all-day comfort and trend-forward appeal."
SKU-ACC-3004,Tommy Hilfiger Navy Blue Men's Leather Belts,accessories,Belts,Tommy Hilfiger,Men,699,4.1,Casual,Classic;Pastel,Navy Blue,Leather,"Tommy Hilfiger navy blue belts crafted from premium leather for men. Features a timeless quintessential design crafted for versatile everyday elegance. Ideal for casual occasions. Styled in a classic aesthetic, offering both all-day comfort and trend-forward appeal."
SKU-FOO-2727,ONLY Black Women's Leather Loafers,footwear,Loafers,ONLY,Women,4349,4.0,Ethnic,Streetwear;Vibrant,Black,Leather,"ONLY black loafers crafted from premium leather for women. Features a urban relaxed drape engineered with durable modern textures. Ideal for ethnic occasions. Styled in a streetwear aesthetic, offering both all-day comfort and trend-forward appeal."
SKU-ACC-2889,Louis Philippe Cream Men's Polyester Watches,accessories,Watches,Louis Philippe,Men,4599,4.0,Formal;Party,Vibrant,Cream,Polyester,"Louis Philippe cream watches crafted from premium polyester for men. Features a eye-catching high-energy color palette suited for expressive moods. Ideal for formal, party occasions. Styled in a vibrant aesthetic, offering both all-day comfort and trend-forward appeal."
SKU-TOP-1287,Roadster Olive Green Men's Linen Kurtas,topwear,Kurtas,Roadster,Men,2699,4.1,Formal,Minimalist,Olive Green,Linen,"Roadster olive green kurtas crafted from premium linen for men. Features a clean tailored silhouette with subtle contemporary accents. Ideal for formal occasions. Styled in a minimalist aesthetic, offering both all-day comfort and trend-forward appeal."
SKU-ACC-3103,Tokyo Talkies Mint Green Women's Leather Belts,accessories,Belts,Tokyo Talkies,Women,999,3.9,Casual,Pastel,Mint Green,Leather,"Tokyo Talkies mint green belts crafted from premium leather for women. Features a soft muted hues providing a calm, breezy and sophisticated aesthetic. Ideal for casual occasions. Styled in a pastel aesthetic, offering both all-day comfort and trend-forward appeal."
SKU-BOT-2095,Titan White Men's Denim Jeans,bottomwear,Jeans,Titan,Men,3099,4.5,Gym,Vibrant;Classic,White,Denim,"Titan white jeans crafted from premium denim for men. Features a eye-catching high-energy color palette suited for expressive moods. Ideal for gym occasions. Styled in a vibrant aesthetic, offering both all-day comfort and trend-forward appeal."
SKU-BOT-1889,Fossil Sky Blue Men's Linen Chinos,bottomwear,Chinos,Fossil,Men,1899,4.4,Casual,Pastel;Minimalist,Sky Blue,Linen,"Fossil sky blue chinos crafted from premium linen for men. Features a soft muted hues providing a calm, breezy and sophisticated aesthetic. Ideal for casual occasions. Styled in a pastel aesthetic, offering both all-day comfort and trend-forward appeal."
SKU-TOP-1424,Nike Mustard Yellow Men's Silk Kurtas,topwear,Kurtas,Nike,Men,2449,4.5,Gym,Pastel,Mustard Yellow,Silk,"Nike mustard yellow kurtas crafted from premium silk for men. Features a soft muted hues providing a calm, breezy and sophisticated aesthetic. Ideal for gym occasions. Styled in a pastel aesthetic, offering both all-day comfort and trend-forward appeal."
SKU-FOO-2809,Tokyo Talkies Mint Green Women's Cotton Flats,footwear,Flats,Tokyo Talkies,Women,1049,3.6,Party,Pastel,Mint Green,Cotton,"Tokyo Talkies mint green flats crafted from premium cotton for women. Features a soft muted hues providing a calm, breezy and sophisticated aesthetic. Ideal for party occasions. Styled in a pastel aesthetic, offering both all-day comfort and trend-forward appeal."
SKU-ACC-3348,Bata Lavender Women's Silk Earrings,accessories,Earrings,Bata,Women,1299,3.9,Party;Beach,Classic;Pastel,Lavender,Silk,"Bata lavender earrings crafted from premium silk for women. Features a timeless quintessential design crafted for versatile everyday elegance. Ideal for party, beach occasions. Styled in a classic aesthetic, offering both all-day comfort and trend-forward appeal."
SKU-FOO-2588,Forever 21 Tan Brown Women's Cotton Flats,footwear,Flats,Forever 21,Women,799,4.1,Ethnic,Classic,Tan Brown,Cotton,"Forever 21 tan brown flats crafted from premium cotton for women. Features a timeless quintessential design crafted for versatile everyday elegance. Ideal for ethnic occasions. Styled in a classic aesthetic, offering both all-day comfort and trend-forward appeal."
SKU-BOT-1841,Fossil Pastel Pink Women's Polyester Skirts,bottomwear,Skirts,Fossil,Women,1749,4.2,Formal,Pastel;Streetwear,Pastel Pink,Polyester,"Fossil pastel pink skirts crafted from premium polyester for women. Features a soft muted hues providing a calm, breezy and sophisticated aesthetic. Ideal for formal occasions. Styled in a pastel aesthetic, offering both all-day comfort and trend-forward appeal."
SKU-TOP-1066,Fossil Sky Blue Women's Polyester T-Shirts,topwear,T-Shirts,Fossil,Women,449,4.7,Party,Vibrant,Sky Blue,Polyester,"Fossil sky blue t-shirts crafted from premium polyester for women. Features a eye-catching high-energy color palette suited for expressive moods. Ideal for party occasions. Styled in a vibrant aesthetic, offering both all-day comfort and trend-forward appeal."
SKU-FOO-2646,Nike Mint Green Unisex Polyester Sneakers,footwear,Sneakers,Nike,Unisex,2199,4.3,Ethnic,Minimalist,Mint Green,Polyester,"Nike mint green sneakers crafted from premium polyester for all genders. Features a clean tailored silhouette with subtle contemporary accents. Ideal for ethnic occasions. Styled in a minimalist aesthetic, offering both all-day comfort and trend-forward appeal."
SKU-FOO-2711,Sangria Sky Blue Women's Polyester Sneakers,footwear,Sneakers,Sangria,Women,1999,4.6,Beach,Pastel,Sky Blue,Polyester,"Sangria sky blue sneakers crafted from premium polyester for women. Features a soft muted hues providing a calm, breezy and sophisticated aesthetic. Ideal for beach occasions. Styled in a pastel aesthetic, offering both all-day comfort and trend-forward appeal."
SKU-FOO-2458,Mango Black Women's Polyester Boots,footwear,Boots,Mango,Women,2399,4.3,Formal;Gym,Streetwear,Black,Polyester,"Mango black boots crafted from premium polyester for women. Features a urban relaxed drape engineered with durable modern textures. Ideal for formal, gym occasions. Styled in a streetwear aesthetic, offering both all-day comfort and trend-forward appeal."
SKU-FOO-2560,Fossil Maroon Women's Polyester Heels,footwear,Heels,Fossil,Women,1099,4.1,Ethnic,Vibrant,Maroon,Polyester,"Fossil maroon heels crafted from premium polyester for women. Features a eye-catching high-energy color palette suited for expressive moods. Ideal for ethnic occasions. Styled in a vibrant aesthetic, offering both all-day comfort and trend-forward appeal."
SKU-TOP-1231,ONLY Tan Brown Women's Silk Blouses,topwear,Blouses,ONLY,Women,1049,3.9,Gym;Casual,Streetwear;Vibrant,Tan Brown,Silk,"ONLY tan brown blouses crafted from premium silk for women. Features a urban relaxed drape engineered with durable modern textures. Ideal for gym, casual occasions. Styled in a streetwear aesthetic, offering both all-day comfort and trend-forward appeal."
SKU-FOO-2576,Converse Mint Green Unisex Polyester Sneakers,footwear,Sneakers,Converse,Unisex,1349,4.2,Beach;Casual,Minimalist,Mint Green,Polyester,"Converse mint green sneakers crafted from premium polyester for all genders. Features a clean tailored silhouette with subtle contemporary accents. Ideal for beach, casual occasions. Styled in a minimalist aesthetic, offering both all-day comfort and trend-forward appeal."
SKU-FOO-2570,Peter England Mint Green Men's Leather Loafers,footwear,Loafers,Peter England,Men,3249,4.0,Ethnic;Beach,Streetwear,Mint Green,Leather,"Peter England mint green loafers crafted from premium leather for men. Features a urban relaxed drape engineered with durable modern textures. Ideal for ethnic, beach occasions. Styled in a streetwear aesthetic, offering both all-day comfort and trend-forward appeal."
SKU-BOT-2186,Puma Cream Women's Cotton Chinos,bottomwear,Chinos,Puma,Women,1349,4.5,Casual,Minimalist,Cream,Cotton,"Puma cream chinos crafted from premium cotton for women. Features a clean tailored silhouette with subtle contemporary accents. Ideal for casual occasions. Styled in a minimalist aesthetic, offering both all-day comfort and trend-forward appeal."
SKU-BOT-1890,Fossil Burgundy Women's Polyester Trousers,bottomwear,Trousers,Fossil,Women,1499,4.6,Ethnic,Vibrant,Burgundy,Polyester,"Fossil burgundy trousers crafted from premium polyester for women. Features a eye-catching high-energy color palette suited for expressive moods. Ideal for ethnic occasions. Styled in a vibrant aesthetic, offering both all-day comfort and trend-forward appeal."
SKU-FOO-2400,Fossil Beige Men's Polyester Loafers,footwear,Loafers,Fossil,Men,1599,4.0,Formal;Beach,Streetwear,Beige,Polyester,"Fossil beige loafers crafted from premium polyester for men. Features a urban relaxed drape engineered with durable modern textures. Ideal for formal, beach occasions. Styled in a streetwear aesthetic, offering both all-day comfort and trend-forward appeal."
SKU-BOT-1730,Puma Mustard Yellow Men's Denim Jeans,bottomwear,Jeans,Puma,Men,2899,3.9,Gym,Minimalist;Streetwear,Mustard Yellow,Denim,"Puma mustard yellow jeans crafted from premium denim for men. Features a clean tailored silhouette with subtle contemporary accents. Ideal for gym occasions. Styled in a minimalist aesthetic, offering both all-day comfort and trend-forward appeal."
SKU-BOT-1737,Forever 21 Sky Blue Women's Cotton Jeans,bottomwear,Jeans,Forever 21,Women,2599,4.3,Formal;Ethnic,Vibrant,Sky Blue,Cotton,"Forever 21 sky blue jeans crafted from premium cotton for women. Features a eye-catching high-energy color palette suited for expressive moods. Ideal for formal, ethnic occasions. Styled in a vibrant aesthetic, offering both all-day comfort and trend-forward appeal."
SKU-BOT-2074,Tommy Hilfiger Navy Blue Men's Cotton Trousers,bottomwear,Trousers,Tommy Hilfiger,Men,1649,3.8,Beach,Minimalist,Navy Blue,Cotton,"Tommy Hilfiger navy blue trousers crafted from premium cotton for men. Features a clean tailored silhouette with subtle contemporary accents. Ideal for beach occasions. Styled in a minimalist aesthetic, offering both all-day comfort and trend-forward appeal."
SKU-TOP-1375,VERO MODA Black Women's Silk Blouses,topwear,Blouses,VERO MODA,Women,1699,4.9,Party,Pastel;Vibrant,Black,Silk,"VERO MODA black blouses crafted from premium silk for women. Features a soft muted hues providing a calm, breezy and sophisticated aesthetic. Ideal for party occasions. Styled in a pastel aesthetic, offering both all-day comfort and trend-forward appeal."
SKU-BOT-1760,DressBerry Tan Brown Women's Silk Palazzos,bottomwear,Palazzos,DressBerry,Women,899,4.4,Casual,Vibrant,Tan Brown,Silk,"DressBerry tan brown palazzos crafted from premium silk for women. Features a eye-catching high-energy color palette suited for expressive moods. Ideal for casual occasions. Styled in a vibrant aesthetic, offering both all-day comfort and trend-forward appeal."
SKU-ACC-3251,Vans Cream Unisex Polyester Sunglasses,accessories,Sunglasses,Vans,Unisex,2149,4.2,Casual;Ethnic,Streetwear,Cream,Polyester,"Vans cream sunglasses crafted from premium polyester for all genders. Features a urban relaxed drape engineered with durable modern textures. Ideal for casual, ethnic occasions. Styled in a streetwear aesthetic, offering both all-day comfort and trend-forward appeal."
SKU-FOO-2668,Forever 21 Beige Women's Polyester Heels,footwear,Heels,Forever 21,Women,4049,4.0,Formal,Pastel,Beige,Polyester,"Forever 21 beige heels crafted from premium polyester for women. Features a soft muted hues providing a calm, breezy and sophisticated aesthetic. Ideal for formal occasions. Styled in a pastel aesthetic, offering both all-day comfort and trend-forward appeal."
SKU-TOP-1298,ONLY Pastel Pink Women's Polyester Blouses,topwear,Blouses,ONLY,Women,2199,4.3,Ethnic,Pastel,Pastel Pink,Polyester,"ONLY pastel pink blouses crafted from premium polyester for women. Features a soft muted hues providing a calm, breezy and sophisticated aesthetic. Ideal for ethnic occasions. Styled in a pastel aesthetic, offering both all-day comfort and trend-forward appeal."
SKU-TOP-1599,Puma Maroon Women's Cotton Crop Tops,topwear,Crop Tops,Puma,Women,1649,4.0,Gym,Classic,Maroon,Cotton,"Puma maroon crop tops crafted from premium cotton for women. Features a timeless quintessential design crafted for versatile everyday elegance. Ideal for gym occasions. Styled in a classic aesthetic, offering both all-day comfort and trend-forward appeal."
SKU-ACC-2972,Roadster Sky Blue Men's Polyester Belts,accessories,Belts,Roadster,Men,1549,3.2,Formal,Streetwear;Minimalist,Sky Blue,Polyester,"Roadster sky blue belts crafted from premium polyester for men. Features a urban relaxed drape engineered with durable modern textures. Ideal for formal occasions. Styled in a streetwear aesthetic, offering both all-day comfort and trend-forward appeal."
SKU-TOP-1100,Bata Black Women's Polyester Blouses,topwear,Blouses,Bata,Women,2449,4.1,Ethnic,Streetwear,Black,Polyester,"Bata black blouses crafted from premium polyester for women. Features a urban relaxed drape engineered with durable modern textures. Ideal for ethnic occasions. Styled in a streetwear aesthetic, offering both all-day comfort and trend-forward appeal."
SKU-BOT-2055,Forever 21 White Women's Polyester Skirts,bottomwear,Skirts,Forever 21,Women,749,4.0,Casual,Streetwear;Pastel,White,Polyester,"Forever 21 white skirts crafted from premium polyester for women. Features a urban relaxed drape engineered with durable modern textures. Ideal for casual occasions. Styled in a streetwear aesthetic, offering both all-day comfort and trend-forward appeal."
SKU-FOO-2780,Nike Mustard Yellow Unisex Polyester Sneakers,footwear,Sneakers,Nike,Unisex,6899,4.0,Ethnic;Gym,Classic,Mustard Yellow,Polyester,"Nike mustard yellow sneakers crafted from premium polyester for all genders. Features a timeless quintessential design crafted for versatile everyday elegance. Ideal for ethnic, gym occasions. Styled in a classic aesthetic, offering both all-day comfort and trend-forward appeal."
SKU-BOT-2238,Mango Maroon Women's Polyester Skirts,bottomwear,Skirts,Mango,Women,1699,4.0,Gym;Ethnic,Minimalist,Maroon,Polyester,"Mango maroon skirts crafted from premium polyester for women. Features a clean tailored silhouette with subtle contemporary accents. Ideal for gym, ethnic occasions. Styled in a minimalist aesthetic, offering both all-day comfort and trend-forward appeal."
SKU-TOP-1530,Fossil Terracotta Men's Linen Shirts,topwear,Shirts,Fossil,Men,2199,3.9,Party,Minimalist,Terracotta,Linen,"Fossil terracotta shirts crafted from premium linen for men. Features a clean tailored silhouette with subtle contemporary accents. Ideal for party occasions. Styled in a minimalist aesthetic, offering both all-day comfort and trend-forward appeal."
SKU-ACC-2934,Puma Olive Green Men's Polyester Watches,accessories,Watches,Puma,Men,5849,4.2,Formal;Gym,Minimalist;Pastel,Olive Green,Polyester,"Puma olive green watches crafted from premium polyester for men. Features a clean tailored silhouette with subtle contemporary accents. Ideal for formal, gym occasions. Styled in a minimalist aesthetic, offering both all-day comfort and trend-forward appeal."
SKU-FOO-2613,Anouk Navy Blue Women's Leather Heels,footwear,Heels,Anouk,Women,4999,4.5,Formal,Classic,Navy Blue,Leather,"Anouk navy blue heels crafted from premium leather for women. Features a timeless quintessential design crafted for versatile everyday elegance. Ideal for formal occasions. Styled in a classic aesthetic, offering both all-day comfort and trend-forward appeal."
SKU-BOT-2209,Anouk Black Women's Silk Palazzos,bottomwear,Palazzos,Anouk,Women,1149,3.7,Casual,Classic,Black,Silk,"Anouk black palazzos crafted from premium silk for women. Features a timeless quintessential design crafted for versatile everyday elegance. Ideal for casual occasions. Styled in a classic aesthetic, offering both all-day comfort and trend-forward appeal."
SKU-BOT-1637,Mango Lavender Women's Cotton Jeans,bottomwear,Jeans,Mango,Women,2049,4.5,Beach,Minimalist,Lavender,Cotton,"Mango lavender jeans crafted from premium cotton for women. Features a clean tailored silhouette with subtle contemporary accents. Ideal for beach occasions. Styled in a minimalist aesthetic, offering both all-day comfort and trend-forward appeal."
SKU-ACC-3197,DressBerry Black Women's Polyester Earrings,accessories,Earrings,DressBerry,Women,449,4.3,Party;Beach,Vibrant,Black,Polyester,"DressBerry black earrings crafted from premium polyester for women. Features a eye-catching high-energy color palette suited for expressive moods. Ideal for party, beach occasions. Styled in a vibrant aesthetic, offering both all-day comfort and trend-forward appeal."
SKU-TOP-1186,Mango Burgundy Women's Silk Blouses,topwear,Blouses,Mango,Women,899,4.4,Party,Classic;Streetwear,Burgundy,Silk,"Mango burgundy blouses crafted from premium silk for women. Features a timeless quintessential design crafted for versatile everyday elegance. Ideal for party occasions. Styled in a classic aesthetic, offering both all-day comfort and trend-forward appeal."
SKU-ACC-2997,Vans Burgundy Unisex Polyester Watches,accessories,Watches,Vans,Unisex,8199,4.2,Beach,Streetwear,Burgundy,Polyester,"Vans burgundy watches crafted from premium polyester for all genders. Features a urban relaxed drape engineered with durable modern textures. Ideal for beach occasions. Styled in a streetwear aesthetic, offering both all-day comfort and trend-forward appeal."
SKU-BOT-1945,Mango Tan Brown Women's Silk Palazzos,bottomwear,Palazzos,Mango,Women,1199,4.8,Casual,Classic;Streetwear,Tan Brown,Silk,"Mango tan brown palazzos crafted from premium silk for women. Features a timeless quintessential design crafted for versatile everyday elegance. Ideal for casual occasions. Styled in a classic aesthetic, offering both all-day comfort and trend-forward appeal."
SKU-FOO-2805,VERO MODA White Women's Leather Flats,footwear,Flats,VERO MODA,Women,2199,3.6,Ethnic,Vibrant;Streetwear,White,Leather,"VERO MODA white flats crafted from premium leather for women. Features a eye-catching high-energy color palette suited for expressive moods. Ideal for ethnic occasions. Styled in a vibrant aesthetic, offering both all-day comfort and trend-forward appeal."
SKU-FOO-2657,Puma Charcoal Grey Men's Polyester Boots,footwear,Boots,Puma,Men,2249,4.3,Party,Minimalist;Streetwear,Charcoal Grey,Polyester,"Puma charcoal grey boots crafted from premium polyester for men. Features a clean tailored silhouette with subtle contemporary accents. Ideal for party occasions. Styled in a minimalist aesthetic, offering both all-day comfort and trend-forward appeal."
SKU-FOO-2779,Tokyo Talkies Burgundy Women's Leather Loafers,footwear,Loafers,Tokyo Talkies,Women,1649,4.0,Casual,Minimalist;Pastel,Burgundy,Leather,"Tokyo Talkies burgundy loafers crafted from premium leather for women. Features a clean tailored silhouette with subtle contemporary accents. Ideal for casual occasions. Styled in a minimalist aesthetic, offering both all-day comfort and trend-forward appeal."
SKU-TOP-1512,Forever 21 Charcoal Grey Women's Linen Blazers,topwear,Blazers,Forever 21,Women,5499,4.2,Gym,Vibrant,Charcoal Grey,Linen,"Forever 21 charcoal grey blazers crafted from premium linen for women. Features a eye-catching high-energy color palette suited for expressive moods. Ideal for gym occasions. Styled in a vibrant aesthetic, offering both all-day comfort and trend-forward appeal."
SKU-BOT-1801,Nike Mustard Yellow Men's Linen Trousers,bottomwear,Trousers,Nike,Men,2999,4.5,Beach;Casual,Pastel,Mustard Yellow,Linen,"Nike mustard yellow trousers crafted from premium linen for men. Features a soft muted hues providing a calm, breezy and sophisticated aesthetic. Ideal for beach, casual occasions. Styled in a pastel aesthetic, offering both all-day comfort and trend-forward appeal."
SKU-BOT-2135,ONLY Sky Blue Women's Cotton Palazzos,bottomwear,Palazzos,ONLY,Women,1849,4.1,Party,Classic,Sky Blue,Cotton,"ONLY sky blue palazzos crafted from premium cotton for women. Features a timeless quintessential design crafted for versatile everyday elegance. Ideal for party occasions. Styled in a classic aesthetic, offering both all-day comfort and trend-forward appeal."
SKU-FOO-2395,Bata Sky Blue Women's Leather Heels,footwear,Heels,Bata,Women,2349,4.1,Beach,Vibrant,Sky Blue,Leather,"Bata sky blue heels crafted from premium leather for women. Features a eye-catching high-energy color palette suited for expressive moods. Ideal for beach occasions. Styled in a vibrant aesthetic, offering both all-day comfort and trend-forward appeal."
SKU-ACC-3406,Anouk Lavender Women's Polyester Sunglasses,accessories,Sunglasses,Anouk,Women,749,4.7,Gym,Minimalist,Lavender,Polyester,"Anouk lavender sunglasses crafted from premium polyester for women. Features a clean tailored silhouette with subtle contemporary accents. Ideal for gym occasions. Styled in a minimalist aesthetic, offering both all-day comfort and trend-forward appeal."
SKU-TOP-1608,Peter England Sky Blue Men's Linen Shirts,topwear,Shirts,Peter England,Men,1949,3.8,Ethnic,Streetwear,Sky Blue,Linen,"Peter England sky blue shirts crafted from premium linen for men. Features a urban relaxed drape engineered with durable modern textures. Ideal for ethnic occasions. Styled in a streetwear aesthetic, offering both all-day comfort and trend-forward appeal."
SKU-BOT-2208,Puma Beige Men's Cotton Jeans,bottomwear,Jeans,Puma,Men,1349,4.0,Casual,Vibrant,Beige,Cotton,"Puma beige jeans crafted from premium cotton for men. Features a eye-catching high-energy color palette suited for expressive moods. Ideal for casual occasions. Styled in a vibrant aesthetic, offering both all-day comfort and trend-forward appeal."
SKU-TOP-1152,Fossil Tan Brown Unisex Polyester T-Shirts,topwear,T-Shirts,Fossil,Unisex,799,4.3,Ethnic,Streetwear;Pastel,Tan Brown,Polyester,"Fossil tan brown t-shirts crafted from premium polyester for all genders. Features a urban relaxed drape engineered with durable modern textures. Ideal for ethnic occasions. Styled in a streetwear aesthetic, offering both all-day comfort and trend-forward appeal."
SKU-FOO-2558,Fossil Pastel Pink Women's Leather Flats,footwear,Flats,Fossil,Women,2299,3.9,Party;Beach,Pastel,Pastel Pink,Leather,"Fossil pastel pink flats crafted from premium leather for women. Features a soft muted hues providing a calm, breezy and sophisticated aesthetic. Ideal for party, beach occasions. Styled in a pastel aesthetic, offering both all-day comfort and trend-forward appeal."
SKU-BOT-1857,Roadster Beige Men's Linen Chinos,bottomwear,Chinos,Roadster,Men,1149,3.9,Ethnic;Formal,Classic,Beige,Linen,"Roadster beige chinos crafted from premium linen for men. Features a timeless quintessential design crafted for versatile everyday elegance. Ideal for ethnic, formal occasions. Styled in a classic aesthetic, offering both all-day comfort and trend-forward appeal."
SKU-BOT-2136,HIGHLANDER Mint Green Men's Cotton Jeans,bottomwear,Jeans,HIGHLANDER,Men,4449,4.5,Beach,Minimalist,Mint Green,Cotton,"HIGHLANDER mint green jeans crafted from premium cotton for men. Features a clean tailored silhouette with subtle contemporary accents. Ideal for beach occasions. Styled in a minimalist aesthetic, offering both all-day comfort and trend-forward appeal."
SKU-BOT-1875,Tokyo Talkies Burgundy Women's Cotton Jeans,bottomwear,Jeans,Tokyo Talkies,Women,3099,4.2,Formal;Ethnic,Minimalist,Burgundy,Cotton,"Tokyo Talkies burgundy jeans crafted from premium cotton for women. Features a clean tailored silhouette with subtle contemporary accents. Ideal for formal, ethnic occasions. Styled in a minimalist aesthetic, offering both all-day comfort and trend-forward appeal."
SKU-ACC-3276,Carlton London Beige Women's Polyester Sunglasses,accessories,Sunglasses,Carlton London,Women,1449,3.8,Casual,Pastel,Beige,Polyester,"Carlton London beige sunglasses crafted from premium polyester for women. Features a soft muted hues providing a calm, breezy and sophisticated aesthetic. Ideal for casual occasions. Styled in a pastel aesthetic, offering both all-day comfort and trend-forward appeal."
SKU-TOP-1024,WROGN Pastel Pink Men's Linen Shirts,topwear,Shirts,WROGN,Men,2699,3.7,Beach,Vibrant;Streetwear,Pastel Pink,Linen,"WROGN pastel pink shirts crafted from premium linen for men. Features a eye-catching high-energy color palette suited for expressive moods. Ideal for beach occasions. Styled in a vibrant aesthetic, offering both all-day comfort and trend-forward appeal."
SKU-TOP-1159,DressBerry Olive Green Women's Polyester Blazers,topwear,Blazers,DressBerry,Women,7399,3.8,Gym,Vibrant,Olive Green,Polyester,"DressBerry olive green blazers crafted from premium polyester for women. Features a eye-catching high-energy color palette suited for expressive moods. Ideal for gym occasions. Styled in a vibrant aesthetic, offering both all-day comfort and trend-forward appeal."
SKU-TOP-1332,DressBerry Maroon Women's Polyester Crop Tops,topwear,Crop Tops,DressBerry,Women,1649,3.9,Party,Vibrant,Maroon,Polyester,"DressBerry maroon crop tops crafted from premium polyester for women. Features a eye-catching high-energy color palette suited for expressive moods. Ideal for party occasions. Styled in a vibrant aesthetic, offering both all-day comfort and trend-forward appeal."
SKU-BOT-2111,Louis Philippe Lavender Men's Cotton Trousers,bottomwear,Trousers,Louis Philippe,Men,3299,4.1,Gym,Minimalist,Lavender,Cotton,"Louis Philippe lavender trousers crafted from premium cotton for men. Features a clean tailored silhouette with subtle contemporary accents. Ideal for gym occasions. Styled in a minimalist aesthetic, offering both all-day comfort and trend-forward appeal."
SKU-ACC-3388,Fossil Navy Blue Women's Polyester Earrings,accessories,Earrings,Fossil,Women,1599,3.9,Ethnic;Beach,Classic,Navy Blue,Polyester,"Fossil navy blue earrings crafted from premium polyester for women. Features a timeless quintessential design crafted for versatile everyday elegance. Ideal for ethnic, beach occasions. Styled in a classic aesthetic, offering both all-day comfort and trend-forward appeal."
SKU-FOO-2718,Puma Terracotta Women's Polyester Heels,footwear,Heels,Puma,Women,3699,4.3,Ethnic;Party,Vibrant,Terracotta,Polyester,"Puma terracotta heels crafted from premium polyester for women. Features a eye-catching high-energy color palette suited for expressive moods. Ideal for ethnic, party occasions. Styled in a vibrant aesthetic, offering both all-day comfort and trend-forward appeal."
SKU-ACC-3366,WROGN Mint Green Men's Polyester Watches,accessories,Watches,WROGN,Men,5099,4.7,Casual,Pastel;Classic,Mint Green,Polyester,"WROGN mint green watches crafted from premium polyester for men. Features a soft muted hues providing a calm, breezy and sophisticated aesthetic. Ideal for casual occasions. Styled in a pastel aesthetic, offering both all-day comfort and trend-forward appeal."
SKU-ACC-3450,Roadster Sky Blue Unisex Polyester Sunglasses,accessories,Sunglasses,Roadster,Unisex,3399,4.0,Ethnic,Streetwear,Sky Blue,Polyester,"Roadster sky blue sunglasses crafted from premium polyester for all genders. Features a urban relaxed drape engineered with durable modern textures. Ideal for ethnic occasions. Styled in a streetwear aesthetic, offering both all-day comfort and trend-forward appeal."
SKU-BOT-1643,HIGHLANDER Pastel Pink Men's Cotton Chinos,bottomwear,Chinos,HIGHLANDER,Men,3249,4.1,Formal;Casual,Classic,Pastel Pink,Cotton,"HIGHLANDER pastel pink chinos crafted from premium cotton for men. Features a timeless quintessential design crafted for versatile everyday elegance. Ideal for formal, casual occasions. Styled in a classic aesthetic, offering both all-day comfort and trend-forward appeal."
SKU-FOO-2438,Roadster Mint Green Men's Cotton Sneakers,footwear,Sneakers,Roadster,Men,5199,4.8,Party,Streetwear;Minimalist,Mint Green,Cotton,"Roadster mint green sneakers crafted from premium cotton for men. Features a urban relaxed drape engineered with durable modern textures. Ideal for party occasions. Styled in a streetwear aesthetic, offering both all-day comfort and trend-forward appeal."
SKU-TOP-1312,DressBerry Lavender Women's Cotton Blazers,topwear,Blazers,DressBerry,Women,4449,4.6,Casual,Vibrant;Pastel,Lavender,Cotton,"DressBerry lavender blazers crafted from premium cotton for women. Features a eye-catching high-energy color palette suited for expressive moods. Ideal for casual occasions. Styled in a vibrant aesthetic, offering both all-day comfort and trend-forward appeal."
SKU-TOP-1352,Anouk Beige Women's Silk Shirts,topwear,Shirts,Anouk,Women,1099,4.7,Ethnic;Casual,Classic;Pastel,Beige,Silk,"Anouk beige shirts crafted from premium silk for women. Features a timeless quintessential design crafted for versatile everyday elegance. Ideal for ethnic, casual occasions. Styled in a classic aesthetic, offering both all-day comfort and trend-forward appeal."
SKU-TOP-1549,Carlton London Burgundy Women's Cotton Crop Tops,topwear,Crop Tops,Carlton London,Women,949,4.3,Beach,Minimalist;Streetwear,Burgundy,Cotton,"Carlton London burgundy crop tops crafted from premium cotton for women. Features a clean tailored silhouette with subtle contemporary accents. Ideal for beach occasions. Styled in a minimalist aesthetic, offering both all-day comfort and trend-forward appeal."
SKU-FOO-2745,Fossil Cream Men's Leather Sneakers,footwear,Sneakers,Fossil,Men,6299,3.9,Formal;Beach,Vibrant,Cream,Leather,"Fossil cream sneakers crafted from premium leather for men. Features a eye-catching high-energy color palette suited for expressive moods. Ideal for formal, beach occasions. Styled in a vibrant aesthetic, offering both all-day comfort and trend-forward appeal."
SKU-BOT-2126,Puma Maroon Women's Cotton Trousers,bottomwear,Trousers,Puma,Women,2699,3.8,Party;Ethnic,Vibrant,Maroon,Cotton,"Puma maroon trousers crafted from premium cotton for women. Features a eye-catching high-energy color palette suited for expressive moods. Ideal for party, ethnic occasions. Styled in a vibrant aesthetic, offering both all-day comfort and trend-forward appeal."
SKU-TOP-1307,Puma Terracotta Men's Cotton T-Shirts,topwear,T-Shirts,Puma,Men,1049,4.6,Gym,Minimalist,Terracotta,Cotton,"Puma terracotta t-shirts crafted from premium cotton for men. Features a clean tailored silhouette with subtle contemporary accents. Ideal for gym occasions. Styled in a minimalist aesthetic, offering both all-day comfort and trend-forward appeal."
SKU-TOP-1288,Puma Beige Women's Cotton Blouses,topwear,Blouses,Puma,Women,1199,4.4,Party,Pastel,Beige,Cotton,"Puma beige blouses crafted from premium cotton for women. Features a soft muted hues providing a calm, breezy and sophisticated aesthetic. Ideal for party occasions. Styled in a pastel aesthetic, offering both all-day comfort and trend-forward appeal."
SKU-BOT-1695,Bata Sky Blue Women's Silk Palazzos,bottomwear,Palazzos,Bata,Women,1549,4.4,Beach;Gym,Vibrant,Sky Blue,Silk,"Bata sky blue palazzos crafted from premium silk for women. Features a eye-catching high-energy color palette suited for expressive moods. Ideal for beach, gym occasions. Styled in a vibrant aesthetic, offering both all-day comfort and trend-forward appeal."
SKU-BOT-1963,Sangria Sky Blue Women's Cotton Trousers,bottomwear,Trousers,Sangria,Women,1349,4.3,Gym,Minimalist,Sky Blue,Cotton,"Sangria sky blue trousers crafted from premium cotton for women. Features a clean tailored silhouette with subtle contemporary accents. Ideal for gym occasions. Styled in a minimalist aesthetic, offering both all-day comfort and trend-forward appeal."
SKU-BOT-1631,Carlton London Mustard Yellow Women's Polyester Palazzos,bottomwear,Palazzos,Carlton London,Women,699,3.6,Gym,Vibrant,Mustard Yellow,Polyester,"Carlton London mustard yellow palazzos crafted from premium polyester for women. Features a eye-catching high-energy color palette suited for expressive moods. Ideal for gym occasions. Styled in a vibrant aesthetic, offering both all-day comfort and trend-forward appeal."
SKU-FOO-2813,Roadster Terracotta Men's Leather Loafers,footwear,Loafers,Roadster,Men,4699,4.8,Formal,Vibrant,Terracotta,Leather,"Roadster terracotta loafers crafted from premium leather for men. Features a eye-catching high-energy color palette suited for expressive moods. Ideal for formal occasions. Styled in a vibrant aesthetic, offering both all-day comfort and trend-forward appeal."
SKU-BOT-1950,Bata Burgundy Women's Denim Jeans,bottomwear,Jeans,Bata,Women,1549,4.3,Beach,Vibrant,Burgundy,Denim,"Bata burgundy jeans crafted from premium denim for women. Features a eye-catching high-energy color palette suited for expressive moods. Ideal for beach occasions. Styled in a vibrant aesthetic, offering both all-day comfort and trend-forward appeal."
SKU-FOO-2390,VERO MODA Beige Women's Cotton Flats,footwear,Flats,VERO MODA,Women,899,3.9,Beach;Gym,Streetwear,Beige,Cotton,"VERO MODA beige flats crafted from premium cotton for women. Features a urban relaxed drape engineered with durable modern textures. Ideal for beach, gym occasions. Styled in a streetwear aesthetic, offering both all-day comfort and trend-forward appeal."
SKU-BOT-1987,Mast & Harbour Beige Men's Cotton Jeans,bottomwear,Jeans,Mast & Harbour,Men,1599,4.7,Gym,Streetwear;Minimalist,Beige,Cotton,"Mast & Harbour beige jeans crafted from premium cotton for men. Features a urban relaxed drape engineered with durable modern textures. Ideal for gym occasions. Styled in a streetwear aesthetic, offering both all-day comfort and trend-forward appeal."
SKU-BOT-1991,Puma Navy Blue Women's Cotton Skirts,bottomwear,Skirts,Puma,Women,2199,4.3,Casual,Streetwear,Navy Blue,Cotton,"Puma navy blue skirts crafted from premium cotton for women. Features a urban relaxed drape engineered with durable modern textures. Ideal for casual occasions. Styled in a streetwear aesthetic, offering both all-day comfort and trend-forward appeal."
SKU-FOO-2591,Nike Sky Blue Unisex Leather Sneakers,footwear,Sneakers,Nike,Unisex,3099,3.8,Casual,Vibrant,Sky Blue,Leather,"Nike sky blue sneakers crafted from premium leather for all genders. Features a eye-catching high-energy color palette suited for expressive moods. Ideal for casual occasions. Styled in a vibrant aesthetic, offering both all-day comfort and trend-forward appeal."
SKU-BOT-1782,Fossil Olive Green Men's Cotton Jeans,bottomwear,Jeans,Fossil,Men,2199,3.7,Casual,Vibrant,Olive Green,Cotton,"Fossil olive green jeans crafted from premium cotton for men. Features a eye-catching high-energy color palette suited for expressive moods. Ideal for casual occasions. Styled in a vibrant aesthetic, offering both all-day comfort and trend-forward appeal."
SKU-FOO-2377,HRX by Hrithik Roshan Olive Green Men's Leather Loafers,footwear,Loafers,HRX by Hrithik Roshan,Men,1849,4.0,Beach;Casual,Pastel,Olive Green,Leather,"HRX by Hrithik Roshan olive green loafers crafted from premium leather for men. Features a soft muted hues providing a calm, breezy and sophisticated aesthetic. Ideal for beach, casual occasions. Styled in a pastel aesthetic, offering both all-day comfort and trend-forward appeal."
SKU-BOT-1837,Tokyo Talkies Lavender Women's Silk Skirts,bottomwear,Skirts,Tokyo Talkies,Women,1899,4.7,Party;Formal,Pastel,Lavender,Silk,"Tokyo Talkies lavender skirts crafted from premium silk for women. Features a soft muted hues providing a calm, breezy and sophisticated aesthetic. Ideal for party, formal occasions. Styled in a pastel aesthetic, offering both all-day comfort and trend-forward appeal."
SKU-FOO-2436,ONLY Burgundy Women's Leather Flats,footwear,Flats,ONLY,Women,1399,4.3,Ethnic;Formal,Pastel,Burgundy,Leather,"ONLY burgundy flats crafted from premium leather for women. Features a soft muted hues providing a calm, breezy and sophisticated aesthetic. Ideal for ethnic, formal occasions. Styled in a pastel aesthetic, offering both all-day comfort and trend-forward appeal."
SKU-ACC-3418,Fossil Olive Green Unisex Polyester Sunglasses,accessories,Sunglasses,Fossil,Unisex,1299,4.3,Beach;Gym,Classic,Olive Green,Polyester,"Fossil olive green sunglasses crafted from premium polyester for all genders. Features a timeless quintessential design crafted for versatile everyday elegance. Ideal for beach, gym occasions. Styled in a classic aesthetic, offering both all-day comfort and trend-forward appeal."
SKU-TOP-1014,Tokyo Talkies Charcoal Grey Women's Cotton T-Shirts,topwear,T-Shirts,Tokyo Talkies,Women,1449,3.5,Gym;Party,Classic;Vibrant,Charcoal Grey,Cotton,"Tokyo Talkies charcoal grey t-shirts crafted from premium cotton for women. Features a timeless quintessential design crafted for versatile everyday elegance. Ideal for gym, party occasions. Styled in a classic aesthetic, offering both all-day comfort and trend-forward appeal."
SKU-BOT-2221,HIGHLANDER Lavender Men's Polyester Trousers,bottomwear,Trousers,HIGHLANDER,Men,3999,3.8,Gym,Minimalist,Lavender,Polyester,"HIGHLANDER lavender trousers crafted from premium polyester for men. Features a clean tailored silhouette with subtle contemporary accents. Ideal for gym occasions. Styled in a minimalist aesthetic, offering both all-day comfort and trend-forward appeal."
SKU-FOO-2408,Mango Navy Blue Women's Cotton Flats,footwear,Flats,Mango,Women,1849,4.7,Gym,Classic;Minimalist,Navy Blue,Cotton,"Mango navy blue flats crafted from premium cotton for women. Features a timeless quintessential design crafted for versatile everyday elegance. Ideal for gym occasions. Styled in a classic aesthetic, offering both all-day comfort and trend-forward appeal."
SKU-TOP-1515,Puma Sky Blue Men's Cotton Shirts,topwear,Shirts,Puma,Men,1499,4.0,Formal,Vibrant,Sky Blue,Cotton,"Puma sky blue shirts crafted from premium cotton for men. Features a eye-catching high-energy color palette suited for expressive moods. Ideal for formal occasions. Styled in a vibrant aesthetic, offering both all-day comfort and trend-forward appeal."
SKU-TOP-1410,Bata Charcoal Grey Women's Cotton T-Shirts,topwear,T-Shirts,Bata,Women,549,4.4,Party;Formal,Minimalist;Pastel,Charcoal Grey,Cotton,"Bata charcoal grey t-shirts crafted from premium cotton for women. Features a clean tailored silhouette with subtle contemporary accents. Ideal for party, formal occasions. Styled in a minimalist aesthetic, offering both all-day comfort and trend-forward appeal."
SKU-BOT-1862,Puma White Men's Linen Chinos,bottomwear,Chinos,Puma,Men,999,3.7,Gym,Streetwear,White,Linen,"Puma white chinos crafted from premium linen for men. Features a urban relaxed drape engineered with durable modern textures. Ideal for gym occasions. Styled in a streetwear aesthetic, offering both all-day comfort and trend-forward appeal."
SKU-TOP-1314,Bata Sky Blue Women's Cotton Crop Tops,topwear,Crop Tops,Bata,Women,1649,4.5,Beach,Vibrant,Sky Blue,Cotton,"Bata sky blue crop tops crafted from premium cotton for women. Features a eye-catching high-energy color palette suited for expressive moods. Ideal for beach occasions. Styled in a vibrant aesthetic, offering both all-day comfort and trend-forward appeal."
SKU-FOO-2871,Puma Tan Brown Men's Leather Boots,footwear,Boots,Puma,Men,4499,3.8,Beach;Party,Vibrant,Tan Brown,Leather,"Puma tan brown boots crafted from premium leather for men. Features a eye-catching high-energy color palette suited for expressive moods. Ideal for beach, party occasions. Styled in a vibrant aesthetic, offering both all-day comfort and trend-forward appeal."
SKU-FOO-2303,Mast & Harbour Lavender Men's Leather Boots,footwear,Boots,Mast & Harbour,Men,5899,4.1,Party;Gym,Vibrant,Lavender,Leather,"Mast & Harbour lavender boots crafted from premium leather for men. Features a eye-catching high-energy color palette suited for expressive moods. Ideal for party, gym occasions. Styled in a vibrant aesthetic, offering both all-day comfort and trend-forward appeal."
SKU-FOO-2280,HRX by Hrithik Roshan Mustard Yellow Men's Leather Loafers,footwear,Loafers,HRX by Hrithik Roshan,Men,2449,4.1,Party,Streetwear;Minimalist,Mustard Yellow,Leather,"HRX by Hrithik Roshan mustard yellow loafers crafted from premium leather for men. Features a urban relaxed drape engineered with durable modern textures. Ideal for party occasions. Styled in a streetwear aesthetic, offering both all-day comfort and trend-forward appeal."
SKU-ACC-3500,Tommy Hilfiger Black Men's Leather Watches,accessories,Watches,Tommy Hilfiger,Men,4799,4.3,Formal;Ethnic,Classic,Black,Leather,"Tommy Hilfiger black watches crafted from premium leather for men. Features a timeless quintessential design crafted for versatile everyday elegance. Ideal for formal, ethnic occasions. Styled in a classic aesthetic, offering both all-day comfort and trend-forward appeal."
SKU-ACC-3359,Puma Sky Blue Women's Polyester Earrings,accessories,Earrings,Puma,Women,1699,3.6,Formal,Pastel,Sky Blue,Polyester,"Puma sky blue earrings crafted from premium polyester for women. Features a soft muted hues providing a calm, breezy and sophisticated aesthetic. Ideal for formal occasions. Styled in a pastel aesthetic, offering both all-day comfort and trend-forward appeal."
SKU-TOP-1383,Mango Olive Green Women's Cotton Crop Tops,topwear,Crop Tops,Mango,Women,1449,3.5,Formal,Classic;Vibrant,Olive Green,Cotton,"Mango olive green crop tops crafted from premium cotton for women. Features a timeless quintessential design crafted for versatile everyday elegance. Ideal for formal occasions. Styled in a classic aesthetic, offering both all-day comfort and trend-forward appeal."
SKU-BOT-2200,Bata Olive Green Women's Silk Skirts,bottomwear,Skirts,Bata,Women,2499,4.7,Formal;Casual,Streetwear;Pastel,Olive Green,Silk,"Bata olive green skirts crafted from premium silk for women. Features a urban relaxed drape engineered with durable modern textures. Ideal for formal, casual occasions. Styled in a streetwear aesthetic, offering both all-day comfort and trend-forward appeal."
SKU-FOO-2624,Fossil Cream Unisex Leather Sneakers,footwear,Sneakers,Fossil,Unisex,4899,4.0,Ethnic;Party,Classic,Cream,Leather,"Fossil cream sneakers crafted from premium leather for all genders. Features a timeless quintessential design crafted for versatile everyday elegance. Ideal for ethnic, party occasions. Styled in a classic aesthetic, offering both all-day comfort and trend-forward appeal."
SKU-ACC-2878,Tommy Hilfiger Maroon Men's Leather Bags,accessories,Bags,Tommy Hilfiger,Men,899,4.1,Beach,Minimalist;Classic,Maroon,Leather,"Tommy Hilfiger maroon bags crafted from premium leather for men. Features a clean tailored silhouette with subtle contemporary accents. Ideal for beach occasions. Styled in a minimalist aesthetic, offering both all-day comfort and trend-forward appeal."
SKU-FOO-2510,HRX by Hrithik Roshan Navy Blue Men's Polyester Loafers,footwear,Loafers,HRX by Hrithik Roshan,Men,4099,4.7,Formal,Streetwear;Classic,Navy Blue,Polyester,"HRX by Hrithik Roshan navy blue loafers crafted from premium polyester for men. Features a urban relaxed drape engineered with durable modern textures. Ideal for formal occasions. Styled in a streetwear aesthetic, offering both all-day comfort and trend-forward appeal."
SKU-BOT-2002,HRX by Hrithik Roshan Lavender Men's Polyester Trousers,bottomwear,Trousers,HRX by Hrithik Roshan,Men,949,4.5,Party;Formal,Minimalist,Lavender,Polyester,"HRX by Hrithik Roshan lavender trousers crafted from premium polyester for men. Features a clean tailored silhouette with subtle contemporary accents. Ideal for party, formal occasions. Styled in a minimalist aesthetic, offering both all-day comfort and trend-forward appeal."
SKU-ACC-3241,ONLY Beige Women's Polyester Sunglasses,accessories,Sunglasses,ONLY,Women,1549,4.2,Formal,Classic;Streetwear,Beige,Polyester,"ONLY beige sunglasses crafted from premium polyester for women. Features a timeless quintessential design crafted for versatile everyday elegance. Ideal for formal occasions. Styled in a classic aesthetic, offering both all-day comfort and trend-forward appeal."
SKU-TOP-1264,Peter England Maroon Men's Polyester Blazers,topwear,Blazers,Peter England,Men,6299,3.8,Ethnic;Gym,Minimalist,Maroon,Polyester,"Peter England maroon blazers crafted from premium polyester for men. Features a clean tailored silhouette with subtle contemporary accents. Ideal for ethnic, gym occasions. Styled in a minimalist aesthetic, offering both all-day comfort and trend-forward appeal."
SKU-FOO-2291,Tommy Hilfiger Burgundy Men's Leather Loafers,footwear,Loafers,Tommy Hilfiger,Men,3099,4.3,Formal,Pastel,Burgundy,Leather,"Tommy Hilfiger burgundy loafers crafted from premium leather for men. Features a soft muted hues providing a calm, breezy and sophisticated aesthetic. Ideal for formal occasions. Styled in a pastel aesthetic, offering both all-day comfort and trend-forward appeal."
SKU-ACC-3160,VERO MODA Terracotta Women's Leather Watches,accessories,Watches,VERO MODA,Women,1949,4.4,Ethnic,Vibrant,Terracotta,Leather,"VERO MODA terracotta watches crafted from premium leather for women. Features a eye-catching high-energy color palette suited for expressive moods. Ideal for ethnic occasions. Styled in a vibrant aesthetic, offering both all-day comfort and trend-forward appeal."
SKU-FOO-2784,VERO MODA Cream Women's Polyester Heels,footwear,Heels,VERO MODA,Women,4999,4.5,Formal;Gym,Minimalist,Cream,Polyester,"VERO MODA cream heels crafted from premium polyester for women. Features a clean tailored silhouette with subtle contemporary accents. Ideal for formal, gym occasions. Styled in a minimalist aesthetic, offering both all-day comfort and trend-forward appeal."
SKU-TOP-1416,Bata Tan Brown Women's Polyester Crop Tops,topwear,Crop Tops,Bata,Women,1599,3.9,Casual,Pastel;Vibrant,Tan Brown,Polyester,"Bata tan brown crop tops crafted from premium polyester for women. Features a soft muted hues providing a calm, breezy and sophisticated aesthetic. Ideal for casual occasions. Styled in a pastel aesthetic, offering both all-day comfort and trend-forward appeal."
SKU-BOT-2114,DressBerry Navy Blue Women's Cotton Skirts,bottomwear,Skirts,DressBerry,Women,1899,4.4,Beach,Classic,Navy Blue,Cotton,"DressBerry navy blue skirts crafted from premium cotton for women. Features a timeless quintessential design crafted for versatile everyday elegance. Ideal for beach occasions. Styled in a classic aesthetic, offering both all-day comfort and trend-forward appeal."
SKU-TOP-1359,HIGHLANDER Maroon Men's Polyester Blazers,topwear,Blazers,HIGHLANDER,Men,6649,4.3,Casual,Vibrant,Maroon,Polyester,"HIGHLANDER maroon blazers crafted from premium polyester for men. Features a eye-catching high-energy color palette suited for expressive moods. Ideal for casual occasions. Styled in a vibrant aesthetic, offering both all-day comfort and trend-forward appeal."
SKU-BOT-2174,Puma Mint Green Women's Polyester Skirts,bottomwear,Skirts,Puma,Women,949,4.2,Ethnic;Formal,Vibrant,Mint Green,Polyester,"Puma mint green skirts crafted from premium polyester for women. Features a eye-catching high-energy color palette suited for expressive moods. Ideal for ethnic, formal occasions. Styled in a vibrant aesthetic, offering both all-day comfort and trend-forward appeal."
SKU-TOP-1009,Roadster Mint Green Men's Linen Shirts,topwear,Shirts,Roadster,Men,1799,4.0,Ethnic,Pastel;Vibrant,Mint Green,Linen,"Roadster mint green shirts crafted from premium linen for men. Features a soft muted hues providing a calm, breezy and sophisticated aesthetic. Ideal for ethnic occasions. Styled in a pastel aesthetic, offering both all-day comfort and trend-forward appeal."
SKU-ACC-3021,Bata Mint Green Women's Silk Earrings,accessories,Earrings,Bata,Women,799,4.2,Casual,Classic,Mint Green,Silk,"Bata mint green earrings crafted from premium silk for women. Features a timeless quintessential design crafted for versatile everyday elegance. Ideal for casual occasions. Styled in a classic aesthetic, offering both all-day comfort and trend-forward appeal."
SKU-TOP-1317,Peter England Tan Brown Men's Silk Kurtas,topwear,Kurtas,Peter England,Men,1899,4.4,Casual;Formal,Pastel;Minimalist,Tan Brown,Silk,"Peter England tan brown kurtas crafted from premium silk for men. Features a soft muted hues providing a calm, breezy and sophisticated aesthetic. Ideal for casual, formal occasions. Styled in a pastel aesthetic, offering both all-day comfort and trend-forward appeal."
SKU-TOP-1305,ONLY Pastel Pink Women's Polyester Blouses,topwear,Blouses,ONLY,Women,2199,4.2,Ethnic,Minimalist,Pastel Pink,Polyester,"ONLY pastel pink blouses crafted from premium polyester for women. Features a clean tailored silhouette with subtle contemporary accents. Ideal for ethnic occasions. Styled in a minimalist aesthetic, offering both all-day comfort and trend-forward appeal."
SKU-TOP-1428,HIGHLANDER Maroon Men's Linen Blazers,topwear,Blazers,HIGHLANDER,Men,7049,4.4,Formal;Casual,Classic,Maroon,Linen,"HIGHLANDER maroon blazers crafted from premium linen for men. Features a timeless quintessential design crafted for versatile everyday elegance. Ideal for formal, casual occasions. Styled in a classic aesthetic, offering both all-day comfort and trend-forward appeal."
SKU-TOP-1106,Forever 21 Charcoal Grey Women's Cotton Crop Tops,topwear,Crop Tops,Forever 21,Women,999,4.3,Beach;Party,Pastel;Minimalist,Charcoal Grey,Cotton,"Forever 21 charcoal grey crop tops crafted from premium cotton for women. Features a soft muted hues providing a calm, breezy and sophisticated aesthetic. Ideal for beach, party occasions. Styled in a pastel aesthetic, offering both all-day comfort and trend-forward appeal."
SKU-ACC-3045,Peter England Lavender Men's Polyester Bags,accessories,Bags,Peter England,Men,4949,3.9,Formal,Vibrant,Lavender,Polyester,"Peter England lavender bags crafted from premium polyester for men. Features a eye-catching high-energy color palette suited for expressive moods. Ideal for formal occasions. Styled in a vibrant aesthetic, offering both all-day comfort and trend-forward appeal."
SKU-TOP-1122,Sangria Terracotta Women's Polyester Blouses,topwear,Blouses,Sangria,Women,2299,3.9,Beach,Pastel;Streetwear,Terracotta,Polyester,"Sangria terracotta blouses crafted from premium polyester for women. Features a soft muted hues providing a calm, breezy and sophisticated aesthetic. Ideal for beach occasions. Styled in a pastel aesthetic, offering both all-day comfort and trend-forward appeal."
SKU-BOT-1822,Tokyo Talkies Tan Brown Women's Cotton Jeans,bottomwear,Jeans,Tokyo Talkies,Women,1249,4.7,Casual,Pastel,Tan Brown,Cotton,"Tokyo Talkies tan brown jeans crafted from premium cotton for women. Features a soft muted hues providing a calm, breezy and sophisticated aesthetic. Ideal for casual occasions. Styled in a pastel aesthetic, offering both all-day comfort and trend-forward appeal."
SKU-FOO-2553,Sangria Burgundy Women's Leather Heels,footwear,Heels,Sangria,Women,2349,3.9,Casual,Minimalist,Burgundy,Leather,"Sangria burgundy heels crafted from premium leather for women. Features a clean tailored silhouette with subtle contemporary accents. Ideal for casual occasions. Styled in a minimalist aesthetic, offering both all-day comfort and trend-forward appeal."
SKU-ACC-3291,Fossil Terracotta Women's Polyester Sunglasses,accessories,Sunglasses,Fossil,Women,599,4.8,Ethnic;Formal,Pastel,Terracotta,Polyester,"Fossil terracotta sunglasses crafted from premium polyester for women. Features a soft muted hues providing a calm, breezy and sophisticated aesthetic. Ideal for ethnic, formal occasions. Styled in a pastel aesthetic, offering both all-day comfort and trend-forward appeal."
SKU-FOO-2399,DressBerry Terracotta Women's Leather Loafers,footwear,Loafers,DressBerry,Women,3499,4.6,Beach,Pastel,Terracotta,Leather,"DressBerry terracotta loafers crafted from premium leather for women. Features a soft muted hues providing a calm, breezy and sophisticated aesthetic. Ideal for beach occasions. Styled in a pastel aesthetic, offering both all-day comfort and trend-forward appeal."
SKU-FOO-2776,VERO MODA Sky Blue Women's Leather Heels,footwear,Heels,VERO MODA,Women,2299,3.7,Party,Streetwear;Classic,Sky Blue,Leather,"VERO MODA sky blue heels crafted from premium leather for women. Features a urban relaxed drape engineered with durable modern textures. Ideal for party occasions. Styled in a streetwear aesthetic, offering both all-day comfort and trend-forward appeal."
SKU-ACC-3300,Bata Burgundy Women's Polyester Earrings,accessories,Earrings,Bata,Women,599,3.7,Ethnic,Classic,Burgundy,Polyester,"Bata burgundy earrings crafted from premium polyester for women. Features a timeless quintessential design crafted for versatile everyday elegance. Ideal for ethnic occasions. Styled in a classic aesthetic, offering both all-day comfort and trend-forward appeal."
SKU-TOP-1116,Puma Charcoal Grey Unisex Cotton T-Shirts,topwear,T-Shirts,Puma,Unisex,649,4.3,Formal,Minimalist,Charcoal Grey,Cotton,"Puma charcoal grey t-shirts crafted from premium cotton for all genders. Features a clean tailored silhouette with subtle contemporary accents. Ideal for formal occasions. Styled in a minimalist aesthetic, offering both all-day comfort and trend-forward appeal."
SKU-FOO-2514,Lavie Sport Mustard Yellow Unisex Cotton Sneakers,footwear,Sneakers,Lavie Sport,Unisex,1849,3.5,Casual,Pastel,Mustard Yellow,Cotton,"Lavie Sport mustard yellow sneakers crafted from premium cotton for all genders. Features a soft muted hues providing a calm, breezy and sophisticated aesthetic. Ideal for casual occasions. Styled in a pastel aesthetic, offering both all-day comfort and trend-forward appeal."
SKU-BOT-1745,Bata Olive Green Women's Cotton Jeans,bottomwear,Jeans,Bata,Women,2549,4.4,Casual,Vibrant;Minimalist,Olive Green,Cotton,"Bata olive green jeans crafted from premium cotton for women. Features a eye-catching high-energy color palette suited for expressive moods. Ideal for casual occasions. Styled in a vibrant aesthetic, offering both all-day comfort and trend-forward appeal."
SKU-FOO-2559,Mast & Harbour Mustard Yellow Men's Polyester Loafers,footwear,Loafers,Mast & Harbour,Men,2349,4.7,Gym;Formal,Minimalist,Mustard Yellow,Polyester,"Mast & Harbour mustard yellow loafers crafted from premium polyester for men. Features a clean tailored silhouette with subtle contemporary accents. Ideal for gym, formal occasions. Styled in a minimalist aesthetic, offering both all-day comfort and trend-forward appeal."
SKU-ACC-3334,ONLY Sky Blue Women's Leather Watches,accessories,Watches,ONLY,Women,3599,4.1,Casual,Pastel,Sky Blue,Leather,"ONLY sky blue watches crafted from premium leather for women. Features a soft muted hues providing a calm, breezy and sophisticated aesthetic. Ideal for casual occasions. Styled in a pastel aesthetic, offering both all-day comfort and trend-forward appeal."
SKU-BOT-1912,Tokyo Talkies Burgundy Women's Cotton Jeans,bottomwear,Jeans,Tokyo Talkies,Women,1599,4.3,Party;Formal,Streetwear,Burgundy,Cotton,"Tokyo Talkies burgundy jeans crafted from premium cotton for women. Features a urban relaxed drape engineered with durable modern textures. Ideal for party, formal occasions. Styled in a streetwear aesthetic, offering both all-day comfort and trend-forward appeal."
SKU-FOO-2489,DressBerry Pastel Pink Women's Cotton Flats,footwear,Flats,DressBerry,Women,1649,3.7,Ethnic;Casual,Vibrant,Pastel Pink,Cotton,"DressBerry pastel pink flats crafted from premium cotton for women. Features a eye-catching high-energy color palette suited for expressive moods. Ideal for ethnic, casual occasions. Styled in a vibrant aesthetic, offering both all-day comfort and trend-forward appeal."
SKU-BOT-1673,Tokyo Talkies Tan Brown Women's Linen Chinos,bottomwear,Chinos,Tokyo Talkies,Women,2899,4.1,Beach,Minimalist,Tan Brown,Linen,"Tokyo Talkies tan brown chinos crafted from premium linen for women. Features a clean tailored silhouette with subtle contemporary accents. Ideal for beach occasions. Styled in a minimalist aesthetic, offering both all-day comfort and trend-forward appeal."
SKU-ACC-3307,Tokyo Talkies Beige Women's Polyester Belts,accessories,Belts,Tokyo Talkies,Women,899,4.4,Formal,Pastel;Minimalist,Beige,Polyester,"Tokyo Talkies beige belts crafted from premium polyester for women. Features a soft muted hues providing a calm, breezy and sophisticated aesthetic. Ideal for formal occasions. Styled in a pastel aesthetic, offering both all-day comfort and trend-forward appeal."
SKU-ACC-3052,Fastrack Sky Blue Unisex Leather Watches,accessories,Watches,Fastrack,Unisex,4199,3.9,Casual;Gym,Vibrant,Sky Blue,Leather,"Fastrack sky blue watches crafted from premium leather for all genders. Features a eye-catching high-energy color palette suited for expressive moods. Ideal for casual, gym occasions. Styled in a vibrant aesthetic, offering both all-day comfort and trend-forward appeal."
SKU-FOO-2641,WROGN Lavender Men's Polyester Loafers,footwear,Loafers,WROGN,Men,1999,4.2,Party;Ethnic,Minimalist,Lavender,Polyester,"WROGN lavender loafers crafted from premium polyester for men. Features a clean tailored silhouette with subtle contemporary accents. Ideal for party, ethnic occasions. Styled in a minimalist aesthetic, offering both all-day comfort and trend-forward appeal."
SKU-TOP-1310,Peter England Maroon Men's Cotton Blazers,topwear,Blazers,Peter England,Men,6549,4.1,Formal;Ethnic,Vibrant;Classic,Maroon,Cotton,"Peter England maroon blazers crafted from premium cotton for men. Features a eye-catching high-energy color palette suited for expressive moods. Ideal for formal, ethnic occasions. Styled in a vibrant aesthetic, offering both all-day comfort and trend-forward appeal."
SKU-TOP-1592,Anouk Tan Brown Women's Cotton Crop Tops,topwear,Crop Tops,Anouk,Women,1199,4.0,Casual;Gym,Pastel;Minimalist,Tan Brown,Cotton,"Anouk tan brown crop tops crafted from premium cotton for women. Features a soft muted hues providing a calm, breezy and sophisticated aesthetic. Ideal for casual, gym occasions. Styled in a pastel aesthetic, offering both all-day comfort and trend-forward appeal."
SKU-TOP-1463,Forever 21 Black Women's Cotton Blouses,topwear,Blouses,Forever 21,Women,2049,4.0,Casual,Classic,Black,Cotton,"Forever 21 black blouses crafted from premium cotton for women. Features a timeless quintessential design crafted for versatile everyday elegance. Ideal for casual occasions. Styled in a classic aesthetic, offering both all-day comfort and trend-forward appeal."
SKU-ACC-2988,Ray-Ban Maroon Unisex Leather Bags,accessories,Bags,Ray-Ban,Unisex,2499,4.4,Formal,Streetwear,Maroon,Leather,"Ray-Ban maroon bags crafted from premium leather for all genders. Features a urban relaxed drape engineered with durable modern textures. Ideal for formal occasions. Styled in a streetwear aesthetic, offering both all-day comfort and trend-forward appeal."
SKU-BOT-1942,Titan Black Men's Cotton Jeans,bottomwear,Jeans,Titan,Men,3899,4.5,Party,Classic,Black,Cotton,"Titan black jeans crafted from premium cotton for men. Features a timeless quintessential design crafted for versatile everyday elegance. Ideal for party occasions. Styled in a classic aesthetic, offering both all-day comfort and trend-forward appeal."
SKU-FOO-2648,Louis Philippe Maroon Men's Polyester Boots,footwear,Boots,Louis Philippe,Men,2999,4.5,Casual;Party,Minimalist,Maroon,Polyester,"Louis Philippe maroon boots crafted from premium polyester for men. Features a clean tailored silhouette with subtle contemporary accents. Ideal for casual, party occasions. Styled in a minimalist aesthetic, offering both all-day comfort and trend-forward appeal."
SKU-ACC-3367,Bata Mint Green Women's Cotton Bags,accessories,Bags,Bata,Women,4649,4.0,Party,Minimalist;Classic,Mint Green,Cotton,"Bata mint green bags crafted from premium cotton for women. Features a clean tailored silhouette with subtle contemporary accents. Ideal for party occasions. Styled in a minimalist aesthetic, offering both all-day comfort and trend-forward appeal."
SKU-TOP-1553,Mango Mint Green Women's Cotton Blouses,topwear,Blouses,Mango,Women,1949,4.6,Formal;Casual,Streetwear,Mint Green,Cotton,"Mango mint green blouses crafted from premium cotton for women. Features a urban relaxed drape engineered with durable modern textures. Ideal for formal, casual occasions. Styled in a streetwear aesthetic, offering both all-day comfort and trend-forward appeal."
SKU-TOP-1088,HIGHLANDER Black Men's Cotton Blazers,topwear,Blazers,HIGHLANDER,Men,5849,4.3,Casual,Minimalist,Black,Cotton,"HIGHLANDER black blazers crafted from premium cotton for men. Features a clean tailored silhouette with subtle contemporary accents. Ideal for casual occasions. Styled in a minimalist aesthetic, offering both all-day comfort and trend-forward appeal."
SKU-BOT-1691,Forever 21 Terracotta Women's Polyester Skirts,bottomwear,Skirts,Forever 21,Women,2449,4.1,Casual,Streetwear;Pastel,Terracotta,Polyester,"Forever 21 terracotta skirts crafted from premium polyester for women. Features a urban relaxed drape engineered with durable modern textures. Ideal for casual occasions. Styled in a streetwear aesthetic, offering both all-day comfort and trend-forward appeal."
SKU-FOO-2692,Forever 21 Burgundy Women's Leather Sneakers,footwear,Sneakers,Forever 21,Women,6899,4.0,Ethnic,Minimalist,Burgundy,Leather,"Forever 21 burgundy sneakers crafted from premium leather for women. Features a clean tailored silhouette with subtle contemporary accents. Ideal for ethnic occasions. Styled in a minimalist aesthetic, offering both all-day comfort and trend-forward appeal."
SKU-ACC-3413,Carlton London Lavender Women's Polyester Earrings,accessories,Earrings,Carlton London,Women,699,3.8,Casual,Streetwear,Lavender,Polyester,"Carlton London lavender earrings crafted from premium polyester for women. Features a urban relaxed drape engineered with durable modern textures. Ideal for casual occasions. Styled in a streetwear aesthetic, offering both all-day comfort and trend-forward appeal."
SKU-FOO-2616,Anouk Burgundy Women's Cotton Flats,footwear,Flats,Anouk,Women,1149,4.9,Formal,Minimalist;Vibrant,Burgundy,Cotton,"Anouk burgundy flats crafted from premium cotton for women. Features a clean tailored silhouette with subtle contemporary accents. Ideal for formal occasions. Styled in a minimalist aesthetic, offering both all-day comfort and trend-forward appeal."
SKU-BOT-2162,Anouk Mint Green Women's Cotton Jeans,bottomwear,Jeans,Anouk,Women,2849,4.9,Ethnic;Casual,Pastel;Minimalist,Mint Green,Cotton,"Anouk mint green jeans crafted from premium cotton for women. Features a soft muted hues providing a calm, breezy and sophisticated aesthetic. Ideal for ethnic, casual occasions. Styled in a pastel aesthetic, offering both all-day comfort and trend-forward appeal."
SKU-ACC-3421,Titan Beige Men's Leather Bags,accessories,Bags,Titan,Men,4699,4.6,Ethnic,Classic,Beige,Leather,"Titan beige bags crafted from premium leather for men. Features a timeless quintessential design crafted for versatile everyday elegance. Ideal for ethnic occasions. Styled in a classic aesthetic, offering both all-day comfort and trend-forward appeal."
SKU-FOO-2414,Forever 21 Black Women's Leather Flats,footwear,Flats,Forever 21,Women,849,4.9,Party;Formal,Classic;Vibrant,Black,Leather,"Forever 21 black flats crafted from premium leather for women. Features a timeless quintessential design crafted for versatile everyday elegance. Ideal for party, formal occasions. Styled in a classic aesthetic, offering both all-day comfort and trend-forward appeal."
SKU-ACC-3220,Tokyo Talkies Lavender Women's Leather Belts,accessories,Belts,Tokyo Talkies,Women,1199,4.1,Beach;Casual,Minimalist;Classic,Lavender,Leather,"Tokyo Talkies lavender belts crafted from premium leather for women. Features a clean tailored silhouette with subtle contemporary accents. Ideal for beach, casual occasions. Styled in a minimalist aesthetic, offering both all-day comfort and trend-forward appeal."
SKU-TOP-1544,HRX by Hrithik Roshan Beige Men's Cotton T-Shirts,topwear,T-Shirts,HRX by Hrithik Roshan,Men,449,4.7,Ethnic;Gym,Classic,Beige,Cotton,"HRX by Hrithik Roshan beige t-shirts crafted from premium cotton for men. Features a timeless quintessential design crafted for versatile everyday elegance. Ideal for ethnic, gym occasions. Styled in a classic aesthetic, offering both all-day comfort and trend-forward appeal."
SKU-FOO-2761,Tokyo Talkies Olive Green Women's Leather Flats,footwear,Flats,Tokyo Talkies,Women,1649,4.8,Casual,Classic;Minimalist,Olive Green,Leather,"Tokyo Talkies olive green flats crafted from premium leather for women. Features a timeless quintessential design crafted for versatile everyday elegance. Ideal for casual occasions. Styled in a classic aesthetic, offering both all-day comfort and trend-forward appeal."
SKU-ACC-3217,Mango Sky Blue Women's Leather Watches,accessories,Watches,Mango,Women,1749,4.0,Casual,Classic;Minimalist,Sky Blue,Leather,"Mango sky blue watches crafted from premium leather for women. Features a timeless quintessential design crafted for versatile everyday elegance. Ideal for casual occasions. Styled in a classic aesthetic, offering both all-day comfort and trend-forward appeal."
SKU-TOP-1495,HIGHLANDER Olive Green Men's Polyester T-Shirts,topwear,T-Shirts,HIGHLANDER,Men,1349,4.7,Ethnic,Pastel,Olive Green,Polyester,"HIGHLANDER olive green t-shirts crafted from premium polyester for men. Features a soft muted hues providing a calm, breezy and sophisticated aesthetic. Ideal for ethnic occasions. Styled in a pastel aesthetic, offering both all-day comfort and trend-forward appeal."
SKU-TOP-1366,Sangria Beige Women's Linen Kurtas,topwear,Kurtas,Sangria,Women,1799,4.1,Ethnic;Beach,Vibrant,Beige,Linen,"Sangria beige kurtas crafted from premium linen for women. Features a eye-catching high-energy color palette suited for expressive moods. Ideal for ethnic, beach occasions. Styled in a vibrant aesthetic, offering both all-day comfort and trend-forward appeal."
SKU-ACC-3259,Anouk Pastel Pink Women's Polyester Earrings,accessories,Earrings,Anouk,Women,1349,3.3,Ethnic,Minimalist,Pastel Pink,Polyester,"Anouk pastel pink earrings crafted from premium polyester for women. Features a clean tailored silhouette with subtle contemporary accents. Ideal for ethnic occasions. Styled in a minimalist aesthetic, offering both all-day comfort and trend-forward appeal."
SKU-FOO-2551,Fossil Mustard Yellow Women's Cotton Sneakers,footwear,Sneakers,Fossil,Women,3599,4.2,Party,Streetwear,Mustard Yellow,Cotton,"Fossil mustard yellow sneakers crafted from premium cotton for women. Features a urban relaxed drape engineered with durable modern textures. Ideal for party occasions. Styled in a streetwear aesthetic, offering both all-day comfort and trend-forward appeal."
SKU-TOP-1274,Puma Pastel Pink Men's Polyester Blazers,topwear,Blazers,Puma,Men,4849,4.2,Party,Classic;Minimalist,Pastel Pink,Polyester,"Puma pastel pink blazers crafted from premium polyester for men. Features a timeless quintessential design crafted for versatile everyday elegance. Ideal for party occasions. Styled in a classic aesthetic, offering both all-day comfort and trend-forward appeal."
SKU-BOT-1789,DressBerry Olive Green Women's Silk Palazzos,bottomwear,Palazzos,DressBerry,Women,1749,4.2,Ethnic,Pastel,Olive Green,Silk,"DressBerry olive green palazzos crafted from premium silk for women. Features a soft muted hues providing a calm, breezy and sophisticated aesthetic. Ideal for ethnic occasions. Styled in a pastel aesthetic, offering both all-day comfort and trend-forward appeal."
SKU-TOP-1072,HIGHLANDER Mustard Yellow Men's Linen Shirts,topwear,Shirts,HIGHLANDER,Men,1449,4.7,Gym,Pastel,Mustard Yellow,Linen,"HIGHLANDER mustard yellow shirts crafted from premium linen for men. Features a soft muted hues providing a calm, breezy and sophisticated aesthetic. Ideal for gym occasions. Styled in a pastel aesthetic, offering both all-day comfort and trend-forward appeal."
SKU-BOT-2243,Mango Charcoal Grey Women's Polyester Skirts,bottomwear,Skirts,Mango,Women,1999,4.0,Formal,Pastel,Charcoal Grey,Polyester,"Mango charcoal grey skirts crafted from premium polyester for women. Features a soft muted hues providing a calm, breezy and sophisticated aesthetic. Ideal for formal occasions. Styled in a pastel aesthetic, offering both all-day comfort and trend-forward appeal."
SKU-FOO-2812,Puma Tan Brown Women's Leather Flats,footwear,Flats,Puma,Women,699,4.3,Party,Pastel,Tan Brown,Leather,"Puma tan brown flats crafted from premium leather for women. Features a soft muted hues providing a calm, breezy and sophisticated aesthetic. Ideal for party occasions. Styled in a pastel aesthetic, offering both all-day comfort and trend-forward appeal."
SKU-TOP-1064,Louis Philippe Pastel Pink Men's Cotton Blazers,topwear,Blazers,Louis Philippe,Men,6749,3.8,Party;Ethnic,Classic;Streetwear,Pastel Pink,Cotton,"Louis Philippe pastel pink blazers crafted from premium cotton for men. Features a timeless quintessential design crafted for versatile everyday elegance. Ideal for party, ethnic occasions. Styled in a classic aesthetic, offering both all-day comfort and trend-forward appeal."
SKU-TOP-1395,Carlton London Pastel Pink Women's Cotton Crop Tops,topwear,Crop Tops,Carlton London,Women,1449,4.6,Party,Minimalist;Vibrant,Pastel Pink,Cotton,"Carlton London pastel pink crop tops crafted from premium cotton for women. Features a clean tailored silhouette with subtle contemporary accents. Ideal for party occasions. Styled in a minimalist aesthetic, offering both all-day comfort and trend-forward appeal."
SKU-BOT-2205,Tommy Hilfiger Black Men's Denim Jeans,bottomwear,Jeans,Tommy Hilfiger,Men,3899,4.2,Formal;Casual,Minimalist,Black,Denim,"Tommy Hilfiger black jeans crafted from premium denim for men. Features a clean tailored silhouette with subtle contemporary accents. Ideal for formal, casual occasions. Styled in a minimalist aesthetic, offering both all-day comfort and trend-forward appeal."
SKU-TOP-1344,DressBerry Tan Brown Women's Silk Shirts,topwear,Shirts,DressBerry,Women,2649,4.0,Casual,Pastel,Tan Brown,Silk,"DressBerry tan brown shirts crafted from premium silk for women. Features a soft muted hues providing a calm, breezy and sophisticated aesthetic. Ideal for casual occasions. Styled in a pastel aesthetic, offering both all-day comfort and trend-forward appeal."
SKU-FOO-2375,Bata Tan Brown Women's Leather Heels,footwear,Heels,Bata,Women,3349,4.7,Casual,Streetwear,Tan Brown,Leather,"Bata tan brown heels crafted from premium leather for women. Features a urban relaxed drape engineered with durable modern textures. Ideal for casual occasions. Styled in a streetwear aesthetic, offering both all-day comfort and trend-forward appeal."
SKU-FOO-2381,Carlton London White Women's Leather Flats,footwear,Flats,Carlton London,Women,2049,4.4,Party,Minimalist,White,Leather,"Carlton London white flats crafted from premium leather for women. Features a clean tailored silhouette with subtle contemporary accents. Ideal for party occasions. Styled in a minimalist aesthetic, offering both all-day comfort and trend-forward appeal."
SKU-TOP-1501,Mango Cream Women's Polyester Crop Tops,topwear,Crop Tops,Mango,Women,849,4.5,Casual,Vibrant;Minimalist,Cream,Polyester,"Mango cream crop tops crafted from premium polyester for women. Features a eye-catching high-energy color palette suited for expressive moods. Ideal for casual occasions. Styled in a vibrant aesthetic, offering both all-day comfort and trend-forward appeal."
SKU-FOO-2673,HRX by Hrithik Roshan Navy Blue Men's Leather Boots,footwear,Boots,HRX by Hrithik Roshan,Men,6899,4.1,Casual,Minimalist,Navy Blue,Leather,"HRX by Hrithik Roshan navy blue boots crafted from premium leather for men. Features a clean tailored silhouette with subtle contemporary accents. Ideal for casual occasions. Styled in a minimalist aesthetic, offering both all-day comfort and trend-forward appeal."
SKU-BOT-1678,Fossil Pastel Pink Men's Denim Jeans,bottomwear,Jeans,Fossil,Men,3449,4.8,Ethnic;Party,Pastel;Classic,Pastel Pink,Denim,"Fossil pastel pink jeans crafted from premium denim for men. Features a soft muted hues providing a calm, breezy and sophisticated aesthetic. Ideal for ethnic, party occasions. Styled in a pastel aesthetic, offering both all-day comfort and trend-forward appeal."
SKU-BOT-2028,DressBerry Cream Women's Denim Jeans,bottomwear,Jeans,DressBerry,Women,3599,4.2,Ethnic,Pastel;Streetwear,Cream,Denim,"DressBerry cream jeans crafted from premium denim for women. Features a soft muted hues providing a calm, breezy and sophisticated aesthetic. Ideal for ethnic occasions. Styled in a pastel aesthetic, offering both all-day comfort and trend-forward appeal."
SKU-ACC-2887,Puma Sky Blue Men's Polyester Watches,accessories,Watches,Puma,Men,5399,3.9,Gym,Streetwear;Pastel,Sky Blue,Polyester,"Puma sky blue watches crafted from premium polyester for men. Features a urban relaxed drape engineered with durable modern textures. Ideal for gym occasions. Styled in a streetwear aesthetic, offering both all-day comfort and trend-forward appeal."
SKU-ACC-3466,Nike Mint Green Men's Polyester Sunglasses,accessories,Sunglasses,Nike,Men,1499,4.5,Gym,Minimalist,Mint Green,Polyester,"Nike mint green sunglasses crafted from premium polyester for men. Features a clean tailored silhouette with subtle contemporary accents. Ideal for gym occasions. Styled in a minimalist aesthetic, offering both all-day comfort and trend-forward appeal."
SKU-TOP-1273,Puma Sky Blue Men's Silk Kurtas,topwear,Kurtas,Puma,Men,3249,4.6,Beach,Streetwear,Sky Blue,Silk,"Puma sky blue kurtas crafted from premium silk for men. Features a urban relaxed drape engineered with durable modern textures. Ideal for beach occasions. Styled in a streetwear aesthetic, offering both all-day comfort and trend-forward appeal."
SKU-ACC-3474,VERO MODA Cream Women's Leather Watches,accessories,Watches,VERO MODA,Women,2349,3.7,Party,Classic,Cream,Leather,"VERO MODA cream watches crafted from premium leather for women. Features a timeless quintessential design crafted for versatile everyday elegance. Ideal for party occasions. Styled in a classic aesthetic, offering both all-day comfort and trend-forward appeal."
SKU-TOP-1206,Puma White Men's Cotton Shirts,topwear,Shirts,Puma,Men,2399,3.9,Formal;Casual,Streetwear;Classic,White,Cotton,"Puma white shirts crafted from premium cotton for men. Features a urban relaxed drape engineered with durable modern textures. Ideal for formal, casual occasions. Styled in a streetwear aesthetic, offering both all-day comfort and trend-forward appeal."
SKU-BOT-1734,HIGHLANDER Charcoal Grey Men's Cotton Trousers,bottomwear,Trousers,HIGHLANDER,Men,3449,3.6,Formal,Streetwear,Charcoal Grey,Cotton,"HIGHLANDER charcoal grey trousers crafted from premium cotton for men. Features a urban relaxed drape engineered with durable modern textures. Ideal for formal occasions. Styled in a streetwear aesthetic, offering both all-day comfort and trend-forward appeal."
SKU-TOP-1153,Anouk Lavender Women's Cotton Blouses,topwear,Blouses,Anouk,Women,899,4.0,Casual;Beach,Classic;Minimalist,Lavender,Cotton,"Anouk lavender blouses crafted from premium cotton for women. Features a timeless quintessential design crafted for versatile everyday elegance. Ideal for casual, beach occasions. Styled in a classic aesthetic, offering both all-day comfort and trend-forward appeal."
SKU-ACC-3371,Bata Olive Green Women's Cotton Bags,accessories,Bags,Bata,Women,2299,4.1,Ethnic,Streetwear,Olive Green,Cotton,"Bata olive green bags crafted from premium cotton for women. Features a urban relaxed drape engineered with durable modern textures. Ideal for ethnic occasions. Styled in a streetwear aesthetic, offering both all-day comfort and trend-forward appeal."
SKU-TOP-1558,Carlton London Navy Blue Women's Cotton Blouses,topwear,Blouses,Carlton London,Women,1849,4.0,Ethnic,Classic,Navy Blue,Cotton,"Carlton London navy blue blouses crafted from premium cotton for women. Features a timeless quintessential design crafted for versatile everyday elegance. Ideal for ethnic occasions. Styled in a classic aesthetic, offering both all-day comfort and trend-forward appeal."
SKU-TOP-1378,ONLY Cream Women's Polyester Blouses,topwear,Blouses,ONLY,Women,2149,4.3,Beach,Vibrant,Cream,Polyester,"ONLY cream blouses crafted from premium polyester for women. Features a eye-catching high-energy color palette suited for expressive moods. Ideal for beach occasions. Styled in a vibrant aesthetic, offering both all-day comfort and trend-forward appeal."
SKU-TOP-1536,DressBerry Black Women's Polyester Blazers,topwear,Blazers,DressBerry,Women,7799,4.2,Beach,Minimalist,Black,Polyester,"DressBerry black blazers crafted from premium polyester for women. Features a clean tailored silhouette with subtle contemporary accents. Ideal for beach occasions. Styled in a minimalist aesthetic, offering both all-day comfort and trend-forward appeal."
SKU-BOT-1974,Titan Charcoal Grey Men's Cotton Chinos,bottomwear,Chinos,Titan,Men,1949,4.0,Ethnic;Gym,Streetwear,Charcoal Grey,Cotton,"Titan charcoal grey chinos crafted from premium cotton for men. Features a urban relaxed drape engineered with durable modern textures. Ideal for ethnic, gym occasions. Styled in a streetwear aesthetic, offering both all-day comfort and trend-forward appeal."
SKU-BOT-2001,Mango Olive Green Women's Cotton Skirts,bottomwear,Skirts,Mango,Women,999,4.7,Party,Pastel,Olive Green,Cotton,"Mango olive green skirts crafted from premium cotton for women. Features a soft muted hues providing a calm, breezy and sophisticated aesthetic. Ideal for party occasions. Styled in a pastel aesthetic, offering both all-day comfort and trend-forward appeal."
SKU-FOO-2873,ONLY Navy Blue Women's Polyester Boots,footwear,Boots,ONLY,Women,5149,4.1,Ethnic,Minimalist,Navy Blue,Polyester,"ONLY navy blue boots crafted from premium polyester for women. Features a clean tailored silhouette with subtle contemporary accents. Ideal for ethnic occasions. Styled in a minimalist aesthetic, offering both all-day comfort and trend-forward appeal."
SKU-TOP-1199,ONLY Pastel Pink Women's Polyester Crop Tops,topwear,Crop Tops,ONLY,Women,1549,4.2,Party,Pastel,Pastel Pink,Polyester,"ONLY pastel pink crop tops crafted from premium polyester for women. Features a soft muted hues providing a calm, breezy and sophisticated aesthetic. Ideal for party occasions. Styled in a pastel aesthetic, offering both all-day comfort and trend-forward appeal."
SKU-TOP-1562,Mango Cream Women's Cotton Crop Tops,topwear,Crop Tops,Mango,Women,699,4.9,Party;Gym,Classic,Cream,Cotton,"Mango cream crop tops crafted from premium cotton for women. Features a timeless quintessential design crafted for versatile everyday elegance. Ideal for party, gym occasions. Styled in a classic aesthetic, offering both all-day comfort and trend-forward appeal."
SKU-BOT-1686,ONLY Pastel Pink Women's Polyester Palazzos,bottomwear,Palazzos,ONLY,Women,2199,4.4,Formal;Ethnic,Minimalist,Pastel Pink,Polyester,"ONLY pastel pink palazzos crafted from premium polyester for women. Features a clean tailored silhouette with subtle contemporary accents. Ideal for formal, ethnic occasions. Styled in a minimalist aesthetic, offering both all-day comfort and trend-forward appeal."
SKU-BOT-2214,Bata Pastel Pink Women's Cotton Chinos,bottomwear,Chinos,Bata,Women,3299,4.5,Ethnic,Streetwear,Pastel Pink,Cotton,"Bata pastel pink chinos crafted from premium cotton for women. Features a urban relaxed drape engineered with durable modern textures. Ideal for ethnic occasions. Styled in a streetwear aesthetic, offering both all-day comfort and trend-forward appeal."
SKU-TOP-1591,Converse Tan Brown Unisex Polyester T-Shirts,topwear,T-Shirts,Converse,Unisex,1299,4.2,Party;Casual,Classic,Tan Brown,Polyester,"Converse tan brown t-shirts crafted from premium polyester for all genders. Features a timeless quintessential design crafted for versatile everyday elegance. Ideal for party, casual occasions. Styled in a classic aesthetic, offering both all-day comfort and trend-forward appeal."
SKU-TOP-1520,Mango Black Women's Polyester Crop Tops,topwear,Crop Tops,Mango,Women,899,4.5,Party,Pastel,Black,Polyester,"Mango black crop tops crafted from premium polyester for women. Features a soft muted hues providing a calm, breezy and sophisticated aesthetic. Ideal for party occasions. Styled in a pastel aesthetic, offering both all-day comfort and trend-forward appeal."
SKU-TOP-1309,ONLY Navy Blue Women's Linen Kurtas,topwear,Kurtas,ONLY,Women,2649,4.4,Formal,Pastel,Navy Blue,Linen,"ONLY navy blue kurtas crafted from premium linen for women. Features a soft muted hues providing a calm, breezy and sophisticated aesthetic. Ideal for formal occasions. Styled in a pastel aesthetic, offering both all-day comfort and trend-forward appeal."
SKU-TOP-1605,Nike Pastel Pink Men's Silk Shirts,topwear,Shirts,Nike,Men,1299,4.3,Party;Formal,Vibrant,Pastel Pink,Silk,"Nike pastel pink shirts crafted from premium silk for men. Features a eye-catching high-energy color palette suited for expressive moods. Ideal for party, formal occasions. Styled in a vibrant aesthetic, offering both all-day comfort and trend-forward appeal."
SKU-ACC-3155,Tokyo Talkies Beige Women's Polyester Belts,accessories,Belts,Tokyo Talkies,Women,699,3.8,Party,Minimalist,Beige,Polyester,"Tokyo Talkies beige belts crafted from premium polyester for women. Features a clean tailored silhouette with subtle contemporary accents. Ideal for party occasions. Styled in a minimalist aesthetic, offering both all-day comfort and trend-forward appeal."
SKU-ACC-3260,Tokyo Talkies Beige Women's Polyester Watches,accessories,Watches,Tokyo Talkies,Women,5499,4.3,Party;Beach,Minimalist,Beige,Polyester,"Tokyo Talkies beige watches crafted from premium polyester for women. Features a clean tailored silhouette with subtle contemporary accents. Ideal for party, beach occasions. Styled in a minimalist aesthetic, offering both all-day comfort and trend-forward appeal."
SKU-TOP-1060,Bata Olive Green Women's Cotton T-Shirts,topwear,T-Shirts,Bata,Women,1349,4.5,Party;Formal,Minimalist,Olive Green,Cotton,"Bata olive green t-shirts crafted from premium cotton for women. Features a clean tailored silhouette with subtle contemporary accents. Ideal for party, formal occasions. Styled in a minimalist aesthetic, offering both all-day comfort and trend-forward appeal."
SKU-TOP-1584,ONLY Burgundy Women's Polyester Blazers,topwear,Blazers,ONLY,Women,2749,4.9,Casual,Streetwear,Burgundy,Polyester,"ONLY burgundy blazers crafted from premium polyester for women. Features a urban relaxed drape engineered with durable modern textures. Ideal for casual occasions. Styled in a streetwear aesthetic, offering both all-day comfort and trend-forward appeal."
SKU-BOT-1860,Puma White Women's Denim Jeans,bottomwear,Jeans,Puma,Women,1649,4.4,Gym,Minimalist,White,Denim,"Puma white jeans crafted from premium denim for women. Features a clean tailored silhouette with subtle contemporary accents. Ideal for gym occasions. Styled in a minimalist aesthetic, offering both all-day comfort and trend-forward appeal."
SKU-TOP-1208,Anouk Burgundy Women's Polyester Blouses,topwear,Blouses,Anouk,Women,999,4.4,Party;Formal,Pastel;Vibrant,Burgundy,Polyester,"Anouk burgundy blouses crafted from premium polyester for women. Features a soft muted hues providing a calm, breezy and sophisticated aesthetic. Ideal for party, formal occasions. Styled in a pastel aesthetic, offering both all-day comfort and trend-forward appeal."
SKU-ACC-3018,Fossil Tan Brown Women's Leather Bags,accessories,Bags,Fossil,Women,1399,3.5,Beach,Vibrant,Tan Brown,Leather,"Fossil tan brown bags crafted from premium leather for women. Features a eye-catching high-energy color palette suited for expressive moods. Ideal for beach occasions. Styled in a vibrant aesthetic, offering both all-day comfort and trend-forward appeal."
SKU-BOT-1870,Roadster Terracotta Men's Polyester Trousers,bottomwear,Trousers,Roadster,Men,1349,4.9,Party;Ethnic,Classic,Terracotta,Polyester,"Roadster terracotta trousers crafted from premium polyester for men. Features a timeless quintessential design crafted for versatile everyday elegance. Ideal for party, ethnic occasions. Styled in a classic aesthetic, offering both all-day comfort and trend-forward appeal."
SKU-BOT-1786,Fossil Sky Blue Women's Silk Palazzos,bottomwear,Palazzos,Fossil,Women,1799,4.6,Beach,Streetwear;Classic,Sky Blue,Silk,"Fossil sky blue palazzos crafted from premium silk for women. Features a urban relaxed drape engineered with durable modern textures. Ideal for beach occasions. Styled in a streetwear aesthetic, offering both all-day comfort and trend-forward appeal."
SKU-BOT-1907,Anouk Mint Green Women's Polyester Skirts,bottomwear,Skirts,Anouk,Women,1849,3.7,Party,Minimalist,Mint Green,Polyester,"Anouk mint green skirts crafted from premium polyester for women. Features a clean tailored silhouette with subtle contemporary accents. Ideal for party occasions. Styled in a minimalist aesthetic, offering both all-day comfort and trend-forward appeal."
SKU-ACC-3428,WROGN Sky Blue Men's Leather Watches,accessories,Watches,WROGN,Men,2999,4.2,Gym,Classic;Minimalist,Sky Blue,Leather,"WROGN sky blue watches crafted from premium leather for men. Features a timeless quintessential design crafted for versatile everyday elegance. Ideal for gym occasions. Styled in a classic aesthetic, offering both all-day comfort and trend-forward appeal."
SKU-BOT-1793,Carlton London Burgundy Women's Cotton Palazzos,bottomwear,Palazzos,Carlton London,Women,2099,4.3,Ethnic,Streetwear,Burgundy,Cotton,"Carlton London burgundy palazzos crafted from premium cotton for women. Features a urban relaxed drape engineered with durable modern textures. Ideal for ethnic occasions. Styled in a streetwear aesthetic, offering both all-day comfort and trend-forward appeal."
SKU-BOT-1832,HRX by Hrithik Roshan Maroon Men's Cotton Chinos,bottomwear,Chinos,HRX by Hrithik Roshan,Men,3149,3.9,Party,Classic,Maroon,Cotton,"HRX by Hrithik Roshan maroon chinos crafted from premium cotton for men. Features a timeless quintessential design crafted for versatile everyday elegance. Ideal for party occasions. Styled in a classic aesthetic, offering both all-day comfort and trend-forward appeal."
SKU-TOP-1163,Bata Pastel Pink Women's Polyester Crop Tops,topwear,Crop Tops,Bata,Women,1449,4.6,Formal;Casual,Streetwear;Minimalist,Pastel Pink,Polyester,"Bata pastel pink crop tops crafted from premium polyester for women. Features a urban relaxed drape engineered with durable modern textures. Ideal for formal, casual occasions. Styled in a streetwear aesthetic, offering both all-day comfort and trend-forward appeal."
SKU-FOO-2308,Anouk Terracotta Women's Leather Boots,footwear,Boots,Anouk,Women,3349,4.2,Formal;Gym,Minimalist,Terracotta,Leather,"Anouk terracotta boots crafted from premium leather for women. Features a clean tailored silhouette with subtle contemporary accents. Ideal for formal, gym occasions. Styled in a minimalist aesthetic, offering both all-day comfort and trend-forward appeal."
SKU-TOP-1527,Tommy Hilfiger Navy Blue Men's Polyester T-Shirts,topwear,T-Shirts,Tommy Hilfiger,Men,1549,3.6,Ethnic;Beach,Streetwear,Navy Blue,Polyester,"Tommy Hilfiger navy blue t-shirts crafted from premium polyester for men. Features a urban relaxed drape engineered with durable modern textures. Ideal for ethnic, beach occasions. Styled in a streetwear aesthetic, offering both all-day comfort and trend-forward appeal."
SKU-FOO-2577,Nike Beige Men's Polyester Boots,footwear,Boots,Nike,Men,5949,3.6,Ethnic,Pastel;Minimalist,Beige,Polyester,"Nike beige boots crafted from premium polyester for men. Features a soft muted hues providing a calm, breezy and sophisticated aesthetic. Ideal for ethnic occasions. Styled in a pastel aesthetic, offering both all-day comfort and trend-forward appeal."
SKU-TOP-1257,Anouk Sky Blue Women's Polyester Blouses,topwear,Blouses,Anouk,Women,1199,4.6,Gym;Beach,Vibrant;Pastel,Sky Blue,Polyester,"Anouk sky blue blouses crafted from premium polyester for women. Features a eye-catching high-energy color palette suited for expressive moods. Ideal for gym, beach occasions. Styled in a vibrant aesthetic, offering both all-day comfort and trend-forward appeal."
SKU-TOP-1507,ONLY Burgundy Women's Polyester Crop Tops,topwear,Crop Tops,ONLY,Women,1699,4.0,Ethnic;Formal,Vibrant,Burgundy,Polyester,"ONLY burgundy crop tops crafted from premium polyester for women. Features a eye-catching high-energy color palette suited for expressive moods. Ideal for ethnic, formal occasions. Styled in a vibrant aesthetic, offering both all-day comfort and trend-forward appeal."
SKU-ACC-2957,Bata Maroon Women's Polyester Earrings,accessories,Earrings,Bata,Women,549,3.5,Party,Minimalist;Pastel,Maroon,Polyester,"Bata maroon earrings crafted from premium polyester for women. Features a clean tailored silhouette with subtle contemporary accents. Ideal for party occasions. Styled in a minimalist aesthetic, offering both all-day comfort and trend-forward appeal."
SKU-ACC-3121,Anouk Maroon Women's Leather Bags,accessories,Bags,Anouk,Women,4849,4.9,Formal;Gym,Pastel,Maroon,Leather,"Anouk maroon bags crafted from premium leather for women. Features a soft muted hues providing a calm, breezy and sophisticated aesthetic. Ideal for formal, gym occasions. Styled in a pastel aesthetic, offering both all-day comfort and trend-forward appeal."
SKU-ACC-3229,Mast & Harbour White Men's Leather Belts,accessories,Belts,Mast & Harbour,Men,1749,3.5,Casual;Ethnic,Vibrant;Minimalist,White,Leather,"Mast & Harbour white belts crafted from premium leather for men. Features a eye-catching high-energy color palette suited for expressive moods. Ideal for casual, ethnic occasions. Styled in a vibrant aesthetic, offering both all-day comfort and trend-forward appeal."
SKU-ACC-3165,Casio Cream Unisex Leather Bags,accessories,Bags,Casio,Unisex,2899,4.8,Ethnic,Minimalist;Streetwear,Cream,Leather,"Casio cream bags crafted from premium leather for all genders. Features a clean tailored silhouette with subtle contemporary accents. Ideal for ethnic occasions. Styled in a minimalist aesthetic, offering both all-day comfort and trend-forward appeal."
SKU-BOT-1863,Puma Sky Blue Women's Cotton Skirts,bottomwear,Skirts,Puma,Women,2299,4.7,Party,Vibrant,Sky Blue,Cotton,"Puma sky blue skirts crafted from premium cotton for women. Features a eye-catching high-energy color palette suited for expressive moods. Ideal for party occasions. Styled in a vibrant aesthetic, offering both all-day comfort and trend-forward appeal."
SKU-FOO-2676,Carlton London Burgundy Women's Polyester Heels,footwear,Heels,Carlton London,Women,3399,4.1,Casual,Streetwear;Vibrant,Burgundy,Polyester,"Carlton London burgundy heels crafted from premium polyester for women. Features a urban relaxed drape engineered with durable modern textures. Ideal for casual occasions. Styled in a streetwear aesthetic, offering both all-day comfort and trend-forward appeal."
SKU-TOP-1021,Fossil Terracotta Men's Linen Shirts,topwear,Shirts,Fossil,Men,2449,4.7,Gym,Minimalist,Terracotta,Linen,"Fossil terracotta shirts crafted from premium linen for men. Features a clean tailored silhouette with subtle contemporary accents. Ideal for gym occasions. Styled in a minimalist aesthetic, offering both all-day comfort and trend-forward appeal."
SKU-FOO-2405,Carlton London Terracotta Women's Polyester Heels,footwear,Heels,Carlton London,Women,1449,4.5,Gym,Minimalist,Terracotta,Polyester,"Carlton London terracotta heels crafted from premium polyester for women. Features a clean tailored silhouette with subtle contemporary accents. Ideal for gym occasions. Styled in a minimalist aesthetic, offering both all-day comfort and trend-forward appeal."
SKU-TOP-1440,Roadster Lavender Men's Linen Kurtas,topwear,Kurtas,Roadster,Men,2299,4.2,Beach,Minimalist;Pastel,Lavender,Linen,"Roadster lavender kurtas crafted from premium linen for men. Features a clean tailored silhouette with subtle contemporary accents. Ideal for beach occasions. Styled in a minimalist aesthetic, offering both all-day comfort and trend-forward appeal."
SKU-BOT-2088,Mango Tan Brown Women's Silk Skirts,bottomwear,Skirts,Mango,Women,1949,4.3,Beach,Pastel,Tan Brown,Silk,"Mango tan brown skirts crafted from premium silk for women. Features a soft muted hues providing a calm, breezy and sophisticated aesthetic. Ideal for beach occasions. Styled in a pastel aesthetic, offering both all-day comfort and trend-forward appeal."
SKU-TOP-1382,Bata Olive Green Women's Linen Kurtas,topwear,Kurtas,Bata,Women,2949,4.0,Ethnic,Streetwear;Minimalist,Olive Green,Linen,"Bata olive green kurtas crafted from premium linen for women. Features a urban relaxed drape engineered with durable modern textures. Ideal for ethnic occasions. Styled in a streetwear aesthetic, offering both all-day comfort and trend-forward appeal."
SKU-ACC-3109,Lavie Sport Black Unisex Polyester Sunglasses,accessories,Sunglasses,Lavie Sport,Unisex,1199,4.1,Party,Classic;Streetwear,Black,Polyester,"Lavie Sport black sunglasses crafted from premium polyester for all genders. Features a timeless quintessential design crafted for versatile everyday elegance. Ideal for party occasions. Styled in a classic aesthetic, offering both all-day comfort and trend-forward appeal."
SKU-FOO-2262,Sangria Cream Women's Leather Heels,footwear,Heels,Sangria,Women,3249,4.2,Gym,Streetwear,Cream,Leather,"Sangria cream heels crafted from premium leather for women. Features a urban relaxed drape engineered with durable modern textures. Ideal for gym occasions. Styled in a streetwear aesthetic, offering both all-day comfort and trend-forward appeal."
SKU-TOP-1539,Sangria Charcoal Grey Women's Cotton Kurtas,topwear,Kurtas,Sangria,Women,3349,4.6,Beach,Minimalist;Pastel,Charcoal Grey,Cotton,"Sangria charcoal grey kurtas crafted from premium cotton for women. Features a clean tailored silhouette with subtle contemporary accents. Ideal for beach occasions. Styled in a minimalist aesthetic, offering both all-day comfort and trend-forward appeal."
SKU-BOT-1882,Mango Pastel Pink Women's Silk Skirts,bottomwear,Skirts,Mango,Women,1499,4.0,Formal,Pastel,Pastel Pink,Silk,"Mango pastel pink skirts crafted from premium silk for women. Features a soft muted hues providing a calm, breezy and sophisticated aesthetic. Ideal for formal occasions. Styled in a pastel aesthetic, offering both all-day comfort and trend-forward appeal."
SKU-BOT-1903,Bata Lavender Women's Cotton Palazzos,bottomwear,Palazzos,Bata,Women,1899,4.2,Party;Casual,Minimalist,Lavender,Cotton,"Bata lavender palazzos crafted from premium cotton for women. Features a clean tailored silhouette with subtle contemporary accents. Ideal for party, casual occasions. Styled in a minimalist aesthetic, offering both all-day comfort and trend-forward appeal."
SKU-TOP-1084,Mast & Harbour Mint Green Men's Polyester Blazers,topwear,Blazers,Mast & Harbour,Men,8199,4.0,Gym,Classic;Minimalist,Mint Green,Polyester,"Mast & Harbour mint green blazers crafted from premium polyester for men. Features a timeless quintessential design crafted for versatile everyday elegance. Ideal for gym occasions. Styled in a classic aesthetic, offering both all-day comfort and trend-forward appeal."
SKU-ACC-3104,Titan Terracotta Men's Polyester Sunglasses,accessories,Sunglasses,Titan,Men,649,4.6,Ethnic;Beach,Pastel;Vibrant,Terracotta,Polyester,"Titan terracotta sunglasses crafted from premium polyester for men. Features a soft muted hues providing a calm, breezy and sophisticated aesthetic. Ideal for ethnic, beach occasions. Styled in a pastel aesthetic, offering both all-day comfort and trend-forward appeal."
SKU-BOT-2201,Fossil Lavender Women's Polyester Skirts,bottomwear,Skirts,Fossil,Women,2249,4.2,Gym,Vibrant;Streetwear,Lavender,Polyester,"Fossil lavender skirts crafted from premium polyester for women. Features a eye-catching high-energy color palette suited for expressive moods. Ideal for gym occasions. Styled in a vibrant aesthetic, offering both all-day comfort and trend-forward appeal."
SKU-FOO-2310,Carlton London White Women's Leather Heels,footwear,Heels,Carlton London,Women,4449,4.4,Beach,Classic;Vibrant,White,Leather,"Carlton London white heels crafted from premium leather for women. Features a timeless quintessential design crafted for versatile everyday elegance. Ideal for beach occasions. Styled in a classic aesthetic, offering both all-day comfort and trend-forward appeal."
SKU-BOT-2227,Sangria Maroon Women's Silk Palazzos,bottomwear,Palazzos,Sangria,Women,1299,4.2,Casual,Streetwear,Maroon,Silk,"Sangria maroon palazzos crafted from premium silk for women. Features a urban relaxed drape engineered with durable modern textures. Ideal for casual occasions. Styled in a streetwear aesthetic, offering both all-day comfort and trend-forward appeal."
SKU-ACC-3131,ONLY Beige Women's Leather Bags,accessories,Bags,ONLY,Women,4049,4.4,Party,Classic,Beige,Leather,"ONLY beige bags crafted from premium leather for women. Features a timeless quintessential design crafted for versatile everyday elegance. Ideal for party occasions. Styled in a classic aesthetic, offering both all-day comfort and trend-forward appeal."
SKU-FOO-2750,Forever 21 Olive Green Women's Leather Flats,footwear,Flats,Forever 21,Women,2049,4.6,Formal;Casual,Minimalist,Olive Green,Leather,"Forever 21 olive green flats crafted from premium leather for women. Features a clean tailored silhouette with subtle contemporary accents. Ideal for formal, casual occasions. Styled in a minimalist aesthetic, offering both all-day comfort and trend-forward appeal."
SKU-TOP-1271,Forever 21 Mint Green Women's Cotton Blazers,topwear,Blazers,Forever 21,Women,5699,4.7,Ethnic;Casual,Streetwear,Mint Green,Cotton,"Forever 21 mint green blazers crafted from premium cotton for women. Features a urban relaxed drape engineered with durable modern textures. Ideal for ethnic, casual occasions. Styled in a streetwear aesthetic, offering both all-day comfort and trend-forward appeal."
SKU-FOO-2272,Titan Burgundy Men's Leather Loafers,footwear,Loafers,Titan,Men,1349,4.4,Party;Ethnic,Vibrant,Burgundy,Leather,"Titan burgundy loafers crafted from premium leather for men. Features a eye-catching high-energy color palette suited for expressive moods. Ideal for party, ethnic occasions. Styled in a vibrant aesthetic, offering both all-day comfort and trend-forward appeal."
SKU-FOO-2260,Puma White Women's Cotton Flats,footwear,Flats,Puma,Women,2149,4.2,Gym,Pastel;Streetwear,White,Cotton,"Puma white flats crafted from premium cotton for women. Features a soft muted hues providing a calm, breezy and sophisticated aesthetic. Ideal for gym occasions. Styled in a pastel aesthetic, offering both all-day comfort and trend-forward appeal."
SKU-ACC-3061,HIGHLANDER Tan Brown Men's Polyester Watches,accessories,Watches,HIGHLANDER,Men,3549,4.5,Ethnic,Streetwear;Classic,Tan Brown,Polyester,"HIGHLANDER tan brown watches crafted from premium polyester for men. Features a urban relaxed drape engineered with durable modern textures. Ideal for ethnic occasions. Styled in a streetwear aesthetic, offering both all-day comfort and trend-forward appeal."
SKU-ACC-3264,Puma Navy Blue Women's Polyester Sunglasses,accessories,Sunglasses,Puma,Women,1749,3.8,Formal,Streetwear;Pastel,Navy Blue,Polyester,"Puma navy blue sunglasses crafted from premium polyester for women. Features a urban relaxed drape engineered with durable modern textures. Ideal for formal occasions. Styled in a streetwear aesthetic, offering both all-day comfort and trend-forward appeal."
SKU-FOO-2600,Nike Mustard Yellow Unisex Polyester Sneakers,footwear,Sneakers,Nike,Unisex,3349,3.9,Gym;Ethnic,Classic;Vibrant,Mustard Yellow,Polyester,"Nike mustard yellow sneakers crafted from premium polyester for all genders. Features a timeless quintessential design crafted for versatile everyday elegance. Ideal for gym, ethnic occasions. Styled in a classic aesthetic, offering both all-day comfort and trend-forward appeal."
SKU-ACC-2961,Mango Pastel Pink Women's Polyester Bags,accessories,Bags,Mango,Women,2099,4.2,Casual;Ethnic,Streetwear;Minimalist,Pastel Pink,Polyester,"Mango pastel pink bags crafted from premium polyester for women. Features a urban relaxed drape engineered with durable modern textures. Ideal for casual, ethnic occasions. Styled in a streetwear aesthetic, offering both all-day comfort and trend-forward appeal."
SKU-BOT-2030,ONLY Mustard Yellow Women's Silk Skirts,bottomwear,Skirts,ONLY,Women,1849,3.8,Gym,Streetwear,Mustard Yellow,Silk,"ONLY mustard yellow skirts crafted from premium silk for women. Features a urban relaxed drape engineered with durable modern textures. Ideal for gym occasions. Styled in a streetwear aesthetic, offering both all-day comfort and trend-forward appeal."
SKU-TOP-1430,Mast & Harbour Mustard Yellow Men's Polyester T-Shirts,topwear,T-Shirts,Mast & Harbour,Men,799,3.6,Gym,Minimalist;Streetwear,Mustard Yellow,Polyester,"Mast & Harbour mustard yellow t-shirts crafted from premium polyester for men. Features a clean tailored silhouette with subtle contemporary accents. Ideal for gym occasions. Styled in a minimalist aesthetic, offering both all-day comfort and trend-forward appeal."
SKU-ACC-3005,Forever 21 Tan Brown Women's Polyester Belts,accessories,Belts,Forever 21,Women,1449,3.5,Formal;Gym,Vibrant,Tan Brown,Polyester,"Forever 21 tan brown belts crafted from premium polyester for women. Features a eye-catching high-energy color palette suited for expressive moods. Ideal for formal, gym occasions. Styled in a vibrant aesthetic, offering both all-day comfort and trend-forward appeal."
SKU-ACC-3194,Mango Tan Brown Women's Silk Earrings,accessories,Earrings,Mango,Women,849,3.7,Party,Streetwear;Minimalist,Tan Brown,Silk,"Mango tan brown earrings crafted from premium silk for women. Features a urban relaxed drape engineered with durable modern textures. Ideal for party occasions. Styled in a streetwear aesthetic, offering both all-day comfort and trend-forward appeal."
SKU-ACC-3205,DressBerry Tan Brown Women's Polyester Belts,accessories,Belts,DressBerry,Women,1849,3.9,Formal,Vibrant,Tan Brown,Polyester,"DressBerry tan brown belts crafted from premium polyester for women. Features a eye-catching high-energy color palette suited for expressive moods. Ideal for formal occasions. Styled in a vibrant aesthetic, offering both all-day comfort and trend-forward appeal."
SKU-TOP-1459,Peter England Terracotta Men's Cotton Shirts,topwear,Shirts,Peter England,Men,949,4.0,Party,Minimalist,Terracotta,Cotton,"Peter England terracotta shirts crafted from premium cotton for men. Features a clean tailored silhouette with subtle contemporary accents. Ideal for party occasions. Styled in a minimalist aesthetic, offering both all-day comfort and trend-forward appeal."
SKU-TOP-1079,HIGHLANDER Lavender Men's Linen Shirts,topwear,Shirts,HIGHLANDER,Men,1149,4.2,Gym,Pastel,Lavender,Linen,"HIGHLANDER lavender shirts crafted from premium linen for men. Features a soft muted hues providing a calm, breezy and sophisticated aesthetic. Ideal for gym occasions. Styled in a pastel aesthetic, offering both all-day comfort and trend-forward appeal."
SKU-ACC-3430,Tokyo Talkies Cream Women's Silk Earrings,accessories,Earrings,Tokyo Talkies,Women,1199,4.1,Ethnic,Minimalist,Cream,Silk,"Tokyo Talkies cream earrings crafted from premium silk for women. Features a clean tailored silhouette with subtle contemporary accents. Ideal for ethnic occasions. Styled in a minimalist aesthetic, offering both all-day comfort and trend-forward appeal."
SKU-ACC-3133,Fastrack Terracotta Unisex Cotton Bags,accessories,Bags,Fastrack,Unisex,3699,4.4,Formal,Streetwear;Classic,Terracotta,Cotton,"Fastrack terracotta bags crafted from premium cotton for all genders. Features a urban relaxed drape engineered with durable modern textures. Ideal for formal occasions. Styled in a streetwear aesthetic, offering both all-day comfort and trend-forward appeal."
SKU-TOP-1033,Titan Mint Green Men's Cotton Kurtas,topwear,Kurtas,Titan,Men,3399,4.2,Ethnic;Beach,Minimalist,Mint Green,Cotton,"Titan mint green kurtas crafted from premium cotton for men. Features a clean tailored silhouette with subtle contemporary accents. Ideal for ethnic, beach occasions. Styled in a minimalist aesthetic, offering both all-day comfort and trend-forward appeal."
SKU-ACC-3125,Puma Black Men's Leather Bags,accessories,Bags,Puma,Men,3599,4.2,Ethnic,Minimalist,Black,Leather,"Puma black bags crafted from premium leather for men. Features a clean tailored silhouette with subtle contemporary accents. Ideal for ethnic occasions. Styled in a minimalist aesthetic, offering both all-day comfort and trend-forward appeal."
SKU-FOO-2350,HRX by Hrithik Roshan Cream Men's Polyester Boots,footwear,Boots,HRX by Hrithik Roshan,Men,2749,4.1,Ethnic;Formal,Classic;Vibrant,Cream,Polyester,"HRX by Hrithik Roshan cream boots crafted from premium polyester for men. Features a timeless quintessential design crafted for versatile everyday elegance. Ideal for ethnic, formal occasions. Styled in a classic aesthetic, offering both all-day comfort and trend-forward appeal."
SKU-ACC-3244,Tommy Hilfiger Olive Green Men's Polyester Sunglasses,accessories,Sunglasses,Tommy Hilfiger,Men,1349,3.7,Formal;Casual,Minimalist,Olive Green,Polyester,"Tommy Hilfiger olive green sunglasses crafted from premium polyester for men. Features a clean tailored silhouette with subtle contemporary accents. Ideal for formal, casual occasions. Styled in a minimalist aesthetic, offering both all-day comfort and trend-forward appeal."
SKU-TOP-1381,VERO MODA Olive Green Women's Cotton Blouses,topwear,Blouses,VERO MODA,Women,1099,3.9,Formal,Minimalist,Olive Green,Cotton,"VERO MODA olive green blouses crafted from premium cotton for women. Features a clean tailored silhouette with subtle contemporary accents. Ideal for formal occasions. Styled in a minimalist aesthetic, offering both all-day comfort and trend-forward appeal."
SKU-TOP-1227,Forever 21 Mint Green Women's Linen Kurtas,topwear,Kurtas,Forever 21,Women,2499,4.2,Party,Classic,Mint Green,Linen,"Forever 21 mint green kurtas crafted from premium linen for women. Features a timeless quintessential design crafted for versatile everyday elegance. Ideal for party occasions. Styled in a classic aesthetic, offering both all-day comfort and trend-forward appeal."
SKU-ACC-2995,Fossil Mustard Yellow Women's Silk Earrings,accessories,Earrings,Fossil,Women,699,4.3,Party,Minimalist,Mustard Yellow,Silk,"Fossil mustard yellow earrings crafted from premium silk for women. Features a clean tailored silhouette with subtle contemporary accents. Ideal for party occasions. Styled in a minimalist aesthetic, offering both all-day comfort and trend-forward appeal."
SKU-BOT-2193,Bata Black Women's Cotton Trousers,bottomwear,Trousers,Bata,Women,1999,4.0,Beach,Pastel,Black,Cotton,"Bata black trousers crafted from premium cotton for women. Features a soft muted hues providing a calm, breezy and sophisticated aesthetic. Ideal for beach occasions. Styled in a pastel aesthetic, offering both all-day comfort and trend-forward appeal."
SKU-BOT-1716,HIGHLANDER Charcoal Grey Men's Polyester Trousers,bottomwear,Trousers,HIGHLANDER,Men,3149,4.6,Casual,Streetwear;Minimalist,Charcoal Grey,Polyester,"HIGHLANDER charcoal grey trousers crafted from premium polyester for men. Features a urban relaxed drape engineered with durable modern textures. Ideal for casual occasions. Styled in a streetwear aesthetic, offering both all-day comfort and trend-forward appeal."
SKU-FOO-2763,VERO MODA White Women's Leather Flats,footwear,Flats,VERO MODA,Women,1549,4.2,Gym,Streetwear,White,Leather,"VERO MODA white flats crafted from premium leather for women. Features a urban relaxed drape engineered with durable modern textures. Ideal for gym occasions. Styled in a streetwear aesthetic, offering both all-day comfort and trend-forward appeal."
SKU-BOT-1687,Forever 21 Lavender Women's Polyester Palazzos,bottomwear,Palazzos,Forever 21,Women,999,4.1,Formal;Ethnic,Minimalist,Lavender,Polyester,"Forever 21 lavender palazzos crafted from premium polyester for women. Features a clean tailored silhouette with subtle contemporary accents. Ideal for formal, ethnic occasions. Styled in a minimalist aesthetic, offering both all-day comfort and trend-forward appeal."
SKU-ACC-3132,Mast & Harbour Black Men's Polyester Sunglasses,accessories,Sunglasses,Mast & Harbour,Men,1749,4.2,Beach;Gym,Streetwear;Minimalist,Black,Polyester,"Mast & Harbour black sunglasses crafted from premium polyester for men. Features a urban relaxed drape engineered with durable modern textures. Ideal for beach, gym occasions. Styled in a streetwear aesthetic, offering both all-day comfort and trend-forward appeal."
SKU-ACC-3485,WROGN White Men's Cotton Bags,accessories,Bags,WROGN,Men,4199,4.0,Casual,Pastel,White,Cotton,"WROGN white bags crafted from premium cotton for men. Features a soft muted hues providing a calm, breezy and sophisticated aesthetic. Ideal for casual occasions. Styled in a pastel aesthetic, offering both all-day comfort and trend-forward appeal."
SKU-TOP-1306,Ray-Ban Black Unisex Cotton T-Shirts,topwear,T-Shirts,Ray-Ban,Unisex,399,4.2,Beach,Vibrant,Black,Cotton,"Ray-Ban black t-shirts crafted from premium cotton for all genders. Features a eye-catching high-energy color palette suited for expressive moods. Ideal for beach occasions. Styled in a vibrant aesthetic, offering both all-day comfort and trend-forward appeal."
SKU-TOP-1210,Peter England Mint Green Men's Cotton T-Shirts,topwear,T-Shirts,Peter England,Men,399,4.9,Formal,Pastel,Mint Green,Cotton,"Peter England mint green t-shirts crafted from premium cotton for men. Features a soft muted hues providing a calm, breezy and sophisticated aesthetic. Ideal for formal occasions. Styled in a pastel aesthetic, offering both all-day comfort and trend-forward appeal."
SKU-ACC-3154,Ray-Ban Navy Blue Unisex Cotton Bags,accessories,Bags,Ray-Ban,Unisex,4949,4.3,Formal,Classic,Navy Blue,Cotton,"Ray-Ban navy blue bags crafted from premium cotton for all genders. Features a timeless quintessential design crafted for versatile everyday elegance. Ideal for formal occasions. Styled in a classic aesthetic, offering both all-day comfort and trend-forward appeal."
SKU-FOO-2671,Forever 21 Beige Women's Leather Heels,footwear,Heels,Forever 21,Women,3649,4.1,Party;Casual,Vibrant;Streetwear,Beige,Leather,"Forever 21 beige heels crafted from premium leather for women. Features a eye-catching high-energy color palette suited for expressive moods. Ideal for party, casual occasions. Styled in a vibrant aesthetic, offering both all-day comfort and trend-forward appeal."
SKU-ACC-3478,Puma Tan Brown Men's Leather Bags,accessories,Bags,Puma,Men,2649,4.7,Formal,Vibrant,Tan Brown,Leather,"Puma tan brown bags crafted from premium leather for men. Features a eye-catching high-energy color palette suited for expressive moods. Ideal for formal occasions. Styled in a vibrant aesthetic, offering both all-day comfort and trend-forward appeal."
SKU-BOT-2072,DressBerry Mustard Yellow Women's Silk Skirts,bottomwear,Skirts,DressBerry,Women,1799,4.4,Formal,Pastel;Classic,Mustard Yellow,Silk,"DressBerry mustard yellow skirts crafted from premium silk for women. Features a soft muted hues providing a calm, breezy and sophisticated aesthetic. Ideal for formal occasions. Styled in a pastel aesthetic, offering both all-day comfort and trend-forward appeal."
SKU-ACC-2935,DressBerry Charcoal Grey Women's Polyester Earrings,accessories,Earrings,DressBerry,Women,699,4.9,Gym,Vibrant,Charcoal Grey,Polyester,"DressBerry charcoal grey earrings crafted from premium polyester for women. Features a eye-catching high-energy color palette suited for expressive moods. Ideal for gym occasions. Styled in a vibrant aesthetic, offering both all-day comfort and trend-forward appeal."
SKU-BOT-2138,Anouk Charcoal Grey Women's Cotton Jeans,bottomwear,Jeans,Anouk,Women,2049,3.8,Formal;Gym,Vibrant,Charcoal Grey,Cotton,"Anouk charcoal grey jeans crafted from premium cotton for women. Features a eye-catching high-energy color palette suited for expressive moods. Ideal for formal, gym occasions. Styled in a vibrant aesthetic, offering both all-day comfort and trend-forward appeal."
SKU-ACC-3008,Puma White Women's Leather Belts,accessories,Belts,Puma,Women,1599,3.9,Casual,Classic,White,Leather,"Puma white belts crafted from premium leather for women. Features a timeless quintessential design crafted for versatile everyday elegance. Ideal for casual occasions. Styled in a classic aesthetic, offering both all-day comfort and trend-forward appeal."
SKU-BOT-1938,Tokyo Talkies Maroon Women's Silk Skirts,bottomwear,Skirts,Tokyo Talkies,Women,1699,4.4,Beach;Gym,Pastel,Maroon,Silk,"Tokyo Talkies maroon skirts crafted from premium silk for women. Features a soft muted hues providing a calm, breezy and sophisticated aesthetic. Ideal for beach, gym occasions. Styled in a pastel aesthetic, offering both all-day comfort and trend-forward appeal."
SKU-TOP-1192,ONLY Maroon Women's Silk Blouses,topwear,Blouses,ONLY,Women,999,4.5,Beach;Ethnic,Minimalist,Maroon,Silk,"ONLY maroon blouses crafted from premium silk for women. Features a clean tailored silhouette with subtle contemporary accents. Ideal for beach, ethnic occasions. Styled in a minimalist aesthetic, offering both all-day comfort and trend-forward appeal."
SKU-BOT-2212,Louis Philippe Tan Brown Men's Cotton Chinos,bottomwear,Chinos,Louis Philippe,Men,2049,4.0,Party,Vibrant,Tan Brown,Cotton,"Louis Philippe tan brown chinos crafted from premium cotton for men. Features a eye-catching high-energy color palette suited for expressive moods. Ideal for party occasions. Styled in a vibrant aesthetic, offering both all-day comfort and trend-forward appeal."
SKU-BOT-2076,Carlton London Mustard Yellow Women's Silk Palazzos,bottomwear,Palazzos,Carlton London,Women,799,4.0,Casual,Pastel,Mustard Yellow,Silk,"Carlton London mustard yellow palazzos crafted from premium silk for women. Features a soft muted hues providing a calm, breezy and sophisticated aesthetic. Ideal for casual occasions. Styled in a pastel aesthetic, offering both all-day comfort and trend-forward appeal."
SKU-ACC-3457,Tommy Hilfiger Beige Men's Polyester Belts,accessories,Belts,Tommy Hilfiger,Men,949,4.0,Casual;Party,Classic,Beige,Polyester,"Tommy Hilfiger beige belts crafted from premium polyester for men. Features a timeless quintessential design crafted for versatile everyday elegance. Ideal for casual, party occasions. Styled in a classic aesthetic, offering both all-day comfort and trend-forward appeal."
SKU-TOP-1484,Mango Burgundy Women's Polyester Crop Tops,topwear,Crop Tops,Mango,Women,1649,4.3,Beach,Vibrant,Burgundy,Polyester,"Mango burgundy crop tops crafted from premium polyester for women. Features a eye-catching high-energy color palette suited for expressive moods. Ideal for beach occasions. Styled in a vibrant aesthetic, offering both all-day comfort and trend-forward appeal."
SKU-ACC-3384,Fossil Terracotta Men's Polyester Sunglasses,accessories,Sunglasses,Fossil,Men,1999,4.2,Beach,Vibrant,Terracotta,Polyester,"Fossil terracotta sunglasses crafted from premium polyester for men. Features a eye-catching high-energy color palette suited for expressive moods. Ideal for beach occasions. Styled in a vibrant aesthetic, offering both all-day comfort and trend-forward appeal."
SKU-FOO-2605,Fastrack Mustard Yellow Unisex Polyester Sneakers,footwear,Sneakers,Fastrack,Unisex,1649,4.0,Beach,Minimalist,Mustard Yellow,Polyester,"Fastrack mustard yellow sneakers crafted from premium polyester for all genders. Features a clean tailored silhouette with subtle contemporary accents. Ideal for beach occasions. Styled in a minimalist aesthetic, offering both all-day comfort and trend-forward appeal."
SKU-TOP-1278,Forever 21 Maroon Women's Silk Shirts,topwear,Shirts,Forever 21,Women,849,4.0,Beach;Ethnic,Streetwear,Maroon,Silk,"Forever 21 maroon shirts crafted from premium silk for women. Features a urban relaxed drape engineered with durable modern textures. Ideal for beach, ethnic occasions. Styled in a streetwear aesthetic, offering both all-day comfort and trend-forward appeal."
SKU-FOO-2509,DressBerry Black Women's Leather Loafers,footwear,Loafers,DressBerry,Women,3949,4.2,Ethnic,Streetwear;Classic,Black,Leather,"DressBerry black loafers crafted from premium leather for women. Features a urban relaxed drape engineered with durable modern textures. Ideal for ethnic occasions. Styled in a streetwear aesthetic, offering both all-day comfort and trend-forward appeal."
SKU-TOP-1222,Sangria Mustard Yellow Women's Polyester Blouses,topwear,Blouses,Sangria,Women,1299,3.5,Formal,Minimalist;Classic,Mustard Yellow,Polyester,"Sangria mustard yellow blouses crafted from premium polyester for women. Features a clean tailored silhouette with subtle contemporary accents. Ideal for formal occasions. Styled in a minimalist aesthetic, offering both all-day comfort and trend-forward appeal."
SKU-BOT-2230,Louis Philippe Olive Green Men's Linen Trousers,bottomwear,Trousers,Louis Philippe,Men,1249,4.9,Gym,Streetwear,Olive Green,Linen,"Louis Philippe olive green trousers crafted from premium linen for men. Features a urban relaxed drape engineered with durable modern textures. Ideal for gym occasions. Styled in a streetwear aesthetic, offering both all-day comfort and trend-forward appeal."
SKU-TOP-1572,Nike Sky Blue Men's Linen Blazers,topwear,Blazers,Nike,Men,7349,4.8,Party,Pastel;Minimalist,Sky Blue,Linen,"Nike sky blue blazers crafted from premium linen for men. Features a soft muted hues providing a calm, breezy and sophisticated aesthetic. Ideal for party occasions. Styled in a pastel aesthetic, offering both all-day comfort and trend-forward appeal."
SKU-TOP-1412,Louis Philippe Sky Blue Men's Polyester Blazers,topwear,Blazers,Louis Philippe,Men,8949,3.8,Party;Ethnic,Pastel,Sky Blue,Polyester,"Louis Philippe sky blue blazers crafted from premium polyester for men. Features a soft muted hues providing a calm, breezy and sophisticated aesthetic. Ideal for party, ethnic occasions. Styled in a pastel aesthetic, offering both all-day comfort and trend-forward appeal."
SKU-FOO-2314,Mast & Harbour Mustard Yellow Men's Leather Boots,footwear,Boots,Mast & Harbour,Men,7999,4.4,Beach,Classic,Mustard Yellow,Leather,"Mast & Harbour mustard yellow boots crafted from premium leather for men. Features a timeless quintessential design crafted for versatile everyday elegance. Ideal for beach occasions. Styled in a classic aesthetic, offering both all-day comfort and trend-forward appeal."
SKU-FOO-2678,Anouk Navy Blue Women's Cotton Flats,footwear,Flats,Anouk,Women,549,4.7,Ethnic,Pastel,Navy Blue,Cotton,"Anouk navy blue flats crafted from premium cotton for women. Features a soft muted hues providing a calm, breezy and sophisticated aesthetic. Ideal for ethnic occasions. Styled in a pastel aesthetic, offering both all-day comfort and trend-forward appeal."
SKU-ACC-3179,Tokyo Talkies Lavender Women's Leather Bags,accessories,Bags,Tokyo Talkies,Women,4449,4.9,Ethnic,Minimalist,Lavender,Leather,"Tokyo Talkies lavender bags crafted from premium leather for women. Features a clean tailored silhouette with subtle contemporary accents. Ideal for ethnic occasions. Styled in a minimalist aesthetic, offering both all-day comfort and trend-forward appeal."
SKU-TOP-1586,VERO MODA Terracotta Women's Cotton Kurtas,topwear,Kurtas,VERO MODA,Women,3349,4.3,Formal,Streetwear;Minimalist,Terracotta,Cotton,"VERO MODA terracotta kurtas crafted from premium cotton for women. Features a urban relaxed drape engineered with durable modern textures. Ideal for formal occasions. Styled in a streetwear aesthetic, offering both all-day comfort and trend-forward appeal."
SKU-FOO-2731,Bata Lavender Women's Leather Sneakers,footwear,Sneakers,Bata,Women,4949,4.1,Gym;Formal,Classic;Vibrant,Lavender,Leather,"Bata lavender sneakers crafted from premium leather for women. Features a timeless quintessential design crafted for versatile everyday elegance. Ideal for gym, formal occasions. Styled in a classic aesthetic, offering both all-day comfort and trend-forward appeal."
SKU-ACC-3020,Casio Pastel Pink Unisex Leather Bags,accessories,Bags,Casio,Unisex,4349,3.8,Party,Classic,Pastel Pink,Leather,"Casio pastel pink bags crafted from premium leather for all genders. Features a timeless quintessential design crafted for versatile everyday elegance. Ideal for party occasions. Styled in a classic aesthetic, offering both all-day comfort and trend-forward appeal."
SKU-ACC-3494,Puma Beige Men's Polyester Belts,accessories,Belts,Puma,Men,1899,4.7,Formal,Minimalist,Beige,Polyester,"Puma beige belts crafted from premium polyester for men. Features a clean tailored silhouette with subtle contemporary accents. Ideal for formal occasions. Styled in a minimalist aesthetic, offering both all-day comfort and trend-forward appeal."
SKU-FOO-2564,VERO MODA Charcoal Grey Women's Leather Loafers,footwear,Loafers,VERO MODA,Women,3349,4.5,Formal,Streetwear;Vibrant,Charcoal Grey,Leather,"VERO MODA charcoal grey loafers crafted from premium leather for women. Features a urban relaxed drape engineered with durable modern textures. Ideal for formal occasions. Styled in a streetwear aesthetic, offering both all-day comfort and trend-forward appeal."
SKU-BOT-1675,HIGHLANDER Cream Men's Denim Jeans,bottomwear,Jeans,HIGHLANDER,Men,3449,3.7,Ethnic;Beach,Pastel,Cream,Denim,"HIGHLANDER cream jeans crafted from premium denim for men. Features a soft muted hues providing a calm, breezy and sophisticated aesthetic. Ideal for ethnic, beach occasions. Styled in a pastel aesthetic, offering both all-day comfort and trend-forward appeal."
SKU-BOT-2178,HRX by Hrithik Roshan Terracotta Men's Denim Jeans,bottomwear,Jeans,HRX by Hrithik Roshan,Men,1049,4.2,Ethnic;Gym,Minimalist;Streetwear,Terracotta,Denim,"HRX by Hrithik Roshan terracotta jeans crafted from premium denim for men. Features a clean tailored silhouette with subtle contemporary accents. Ideal for ethnic, gym occasions. Styled in a minimalist aesthetic, offering both all-day comfort and trend-forward appeal."
SKU-BOT-1856,Puma Cream Women's Cotton Chinos,bottomwear,Chinos,Puma,Women,3249,4.0,Ethnic;Formal,Streetwear,Cream,Cotton,"Puma cream chinos crafted from premium cotton for women. Features a urban relaxed drape engineered with durable modern textures. Ideal for ethnic, formal occasions. Styled in a streetwear aesthetic, offering both all-day comfort and trend-forward appeal."
SKU-TOP-1448,Fossil Pastel Pink Women's Cotton Blouses,topwear,Blouses,Fossil,Women,1949,3.9,Formal,Pastel;Streetwear,Pastel Pink,Cotton,"Fossil pastel pink blouses crafted from premium cotton for women. Features a soft muted hues providing a calm, breezy and sophisticated aesthetic. Ideal for formal occasions. Styled in a pastel aesthetic, offering both all-day comfort and trend-forward appeal."
SKU-ACC-2906,Carlton London Charcoal Grey Women's Polyester Sunglasses,accessories,Sunglasses,Carlton London,Women,3499,4.4,Gym,Minimalist;Classic,Charcoal Grey,Polyester,"Carlton London charcoal grey sunglasses crafted from premium polyester for women. Features a clean tailored silhouette with subtle contemporary accents. Ideal for gym occasions. Styled in a minimalist aesthetic, offering both all-day comfort and trend-forward appeal."
SKU-FOO-2531,Tokyo Talkies Cream Women's Leather Heels,footwear,Heels,Tokyo Talkies,Women,3999,4.2,Party,Vibrant;Minimalist,Cream,Leather,"Tokyo Talkies cream heels crafted from premium leather for women. Features a eye-catching high-energy color palette suited for expressive moods. Ideal for party occasions. Styled in a vibrant aesthetic, offering both all-day comfort and trend-forward appeal."
SKU-TOP-1223,Fossil Black Women's Linen Blazers,topwear,Blazers,Fossil,Women,4199,4.4,Ethnic,Classic,Black,Linen,"Fossil black blazers crafted from premium linen for women. Features a timeless quintessential design crafted for versatile everyday elegance. Ideal for ethnic occasions. Styled in a classic aesthetic, offering both all-day comfort and trend-forward appeal."
SKU-FOO-2725,Titan Beige Men's Leather Loafers,footwear,Loafers,Titan,Men,4599,3.9,Formal,Minimalist,Beige,Leather,"Titan beige loafers crafted from premium leather for men. Features a clean tailored silhouette with subtle contemporary accents. Ideal for formal occasions. Styled in a minimalist aesthetic, offering both all-day comfort and trend-forward appeal."
SKU-ACC-3226,Mast & Harbour Terracotta Men's Polyester Belts,accessories,Belts,Mast & Harbour,Men,1299,4.7,Party,Streetwear;Vibrant,Terracotta,Polyester,"Mast & Harbour terracotta belts crafted from premium polyester for men. Features a urban relaxed drape engineered with durable modern textures. Ideal for party occasions. Styled in a streetwear aesthetic, offering both all-day comfort and trend-forward appeal."
SKU-FOO-2629,VERO MODA Sky Blue Women's Leather Heels,footwear,Heels,VERO MODA,Women,3049,4.2,Party,Pastel,Sky Blue,Leather,"VERO MODA sky blue heels crafted from premium leather for women. Features a soft muted hues providing a calm, breezy and sophisticated aesthetic. Ideal for party occasions. Styled in a pastel aesthetic, offering both all-day comfort and trend-forward appeal."
SKU-FOO-2557,Carlton London Burgundy Women's Cotton Flats,footwear,Flats,Carlton London,Women,2099,4.5,Party;Beach,Pastel,Burgundy,Cotton,"Carlton London burgundy flats crafted from premium cotton for women. Features a soft muted hues providing a calm, breezy and sophisticated aesthetic. Ideal for party, beach occasions. Styled in a pastel aesthetic, offering both all-day comfort and trend-forward appeal."
SKU-BOT-1970,Mango Mustard Yellow Women's Silk Palazzos,bottomwear,Palazzos,Mango,Women,2049,3.7,Casual,Minimalist,Mustard Yellow,Silk,"Mango mustard yellow palazzos crafted from premium silk for women. Features a clean tailored silhouette with subtle contemporary accents. Ideal for casual occasions. Styled in a minimalist aesthetic, offering both all-day comfort and trend-forward appeal."
SKU-TOP-1046,Puma Cream Men's Cotton Blazers,topwear,Blazers,Puma,Men,3899,3.9,Party;Ethnic,Classic,Cream,Cotton,"Puma cream blazers crafted from premium cotton for men. Features a timeless quintessential design crafted for versatile everyday elegance. Ideal for party, ethnic occasions. Styled in a classic aesthetic, offering both all-day comfort and trend-forward appeal."
SKU-ACC-3190,Forever 21 Maroon Women's Polyester Earrings,accessories,Earrings,Forever 21,Women,949,4.4,Beach,Streetwear,Maroon,Polyester,"Forever 21 maroon earrings crafted from premium polyester for women. Features a urban relaxed drape engineered with durable modern textures. Ideal for beach occasions. Styled in a streetwear aesthetic, offering both all-day comfort and trend-forward appeal."
SKU-ACC-3365,Tokyo Talkies Maroon Women's Polyester Sunglasses,accessories,Sunglasses,Tokyo Talkies,Women,2849,4.0,Formal,Pastel,Maroon,Polyester,"Tokyo Talkies maroon sunglasses crafted from premium polyester for women. Features a soft muted hues providing a calm, breezy and sophisticated aesthetic. Ideal for formal occasions. Styled in a pastel aesthetic, offering both all-day comfort and trend-forward appeal."
SKU-TOP-1295,Bata Navy Blue Women's Cotton T-Shirts,topwear,T-Shirts,Bata,Women,1549,4.3,Gym;Ethnic,Minimalist,Navy Blue,Cotton,"Bata navy blue t-shirts crafted from premium cotton for women. Features a clean tailored silhouette with subtle contemporary accents. Ideal for gym, ethnic occasions. Styled in a minimalist aesthetic, offering both all-day comfort and trend-forward appeal."
SKU-BOT-2160,Fossil Terracotta Women's Polyester Trousers,bottomwear,Trousers,Fossil,Women,2699,4.1,Beach,Minimalist,Terracotta,Polyester,"Fossil terracotta trousers crafted from premium polyester for women. Features a clean tailored silhouette with subtle contemporary accents. Ideal for beach occasions. Styled in a minimalist aesthetic, offering both all-day comfort and trend-forward appeal."
SKU-TOP-1589,Fossil Sky Blue Men's Linen Shirts,topwear,Shirts,Fossil,Men,2699,4.5,Casual;Gym,Vibrant,Sky Blue,Linen,"Fossil sky blue shirts crafted from premium linen for men. Features a eye-catching high-energy color palette suited for expressive moods. Ideal for casual, gym occasions. Styled in a vibrant aesthetic, offering both all-day comfort and trend-forward appeal."
SKU-ACC-3054,ONLY Olive Green Women's Silk Earrings,accessories,Earrings,ONLY,Women,399,4.1,Ethnic,Vibrant,Olive Green,Silk,"ONLY olive green earrings crafted from premium silk for women. Features a eye-catching high-energy color palette suited for expressive moods. Ideal for ethnic occasions. Styled in a vibrant aesthetic, offering both all-day comfort and trend-forward appeal."
SKU-TOP-1258,VERO MODA Maroon Women's Silk Blouses,topwear,Blouses,VERO MODA,Women,1749,4.0,Ethnic,Classic,Maroon,Silk,"VERO MODA maroon blouses crafted from premium silk for women. Features a timeless quintessential design crafted for versatile everyday elegance. Ideal for ethnic occasions. Styled in a classic aesthetic, offering both all-day comfort and trend-forward appeal."
SKU-ACC-3064,Puma Mint Green Unisex Leather Watches,accessories,Watches,Puma,Unisex,3249,4.2,Gym;Party,Minimalist,Mint Green,Leather,"Puma mint green watches crafted from premium leather for all genders. Features a clean tailored silhouette with subtle contemporary accents. Ideal for gym, party occasions. Styled in a minimalist aesthetic, offering both all-day comfort and trend-forward appeal."
SKU-ACC-3467,Tokyo Talkies Maroon Women's Silk Earrings,accessories,Earrings,Tokyo Talkies,Women,499,3.9,Gym,Vibrant,Maroon,Silk,"Tokyo Talkies maroon earrings crafted from premium silk for women. Features a eye-catching high-energy color palette suited for expressive moods. Ideal for gym occasions. Styled in a vibrant aesthetic, offering both all-day comfort and trend-forward appeal."
SKU-BOT-1927,HRX by Hrithik Roshan Olive Green Men's Linen Chinos,bottomwear,Chinos,HRX by Hrithik Roshan,Men,2399,4.0,Formal;Beach,Minimalist;Vibrant,Olive Green,Linen,"HRX by Hrithik Roshan olive green chinos crafted from premium linen for men. Features a clean tailored silhouette with subtle contemporary accents. Ideal for formal, beach occasions. Styled in a minimalist aesthetic, offering both all-day comfort and trend-forward appeal."
SKU-ACC-3119,Puma Tan Brown Women's Silk Earrings,accessories,Earrings,Puma,Women,1699,3.3,Formal;Party,Streetwear,Tan Brown,Silk,"Puma tan brown earrings crafted from premium silk for women. Features a urban relaxed drape engineered with durable modern textures. Ideal for formal, party occasions. Styled in a streetwear aesthetic, offering both all-day comfort and trend-forward appeal."
SKU-ACC-3298,Louis Philippe Beige Men's Leather Belts,accessories,Belts,Louis Philippe,Men,1649,4.7,Ethnic;Formal,Pastel,Beige,Leather,"Louis Philippe beige belts crafted from premium leather for men. Features a soft muted hues providing a calm, breezy and sophisticated aesthetic. Ideal for ethnic, formal occasions. Styled in a pastel aesthetic, offering both all-day comfort and trend-forward appeal."
SKU-TOP-1437,Forever 21 Cream Women's Cotton Crop Tops,topwear,Crop Tops,Forever 21,Women,1199,4.8,Ethnic,Pastel;Vibrant,Cream,Cotton,"Forever 21 cream crop tops crafted from premium cotton for women. Features a soft muted hues providing a calm, breezy and sophisticated aesthetic. Ideal for ethnic occasions. Styled in a pastel aesthetic, offering both all-day comfort and trend-forward appeal."
SKU-BOT-1977,Nike Cream Men's Polyester Trousers,bottomwear,Trousers,Nike,Men,1649,4.0,Casual;Party,Vibrant,Cream,Polyester,"Nike cream trousers crafted from premium polyester for men. Features a eye-catching high-energy color palette suited for expressive moods. Ideal for casual, party occasions. Styled in a vibrant aesthetic, offering both all-day comfort and trend-forward appeal."
SKU-ACC-3037,Puma Mint Green Men's Leather Belts,accessories,Belts,Puma,Men,1699,4.3,Beach;Formal,Minimalist,Mint Green,Leather,"Puma mint green belts crafted from premium leather for men. Features a clean tailored silhouette with subtle contemporary accents. Ideal for beach, formal occasions. Styled in a minimalist aesthetic, offering both all-day comfort and trend-forward appeal."
SKU-TOP-1394,Bata Sky Blue Women's Silk Blouses,topwear,Blouses,Bata,Women,2299,4.8,Ethnic;Casual,Vibrant,Sky Blue,Silk,"Bata sky blue blouses crafted from premium silk for women. Features a eye-catching high-energy color palette suited for expressive moods. Ideal for ethnic, casual occasions. Styled in a vibrant aesthetic, offering both all-day comfort and trend-forward appeal."
SKU-TOP-1426,Tommy Hilfiger Olive Green Men's Polyester Blazers,topwear,Blazers,Tommy Hilfiger,Men,8949,4.7,Ethnic;Casual,Streetwear,Olive Green,Polyester,"Tommy Hilfiger olive green blazers crafted from premium polyester for men. Features a urban relaxed drape engineered with durable modern textures. Ideal for ethnic, casual occasions. Styled in a streetwear aesthetic, offering both all-day comfort and trend-forward appeal."
SKU-TOP-1535,HIGHLANDER Lavender Men's Polyester T-Shirts,topwear,T-Shirts,HIGHLANDER,Men,499,4.0,Casual,Pastel,Lavender,Polyester,"HIGHLANDER lavender t-shirts crafted from premium polyester for men. Features a soft muted hues providing a calm, breezy and sophisticated aesthetic. Ideal for casual occasions. Styled in a pastel aesthetic, offering both all-day comfort and trend-forward appeal."
SKU-TOP-1031,Tommy Hilfiger Tan Brown Men's Cotton Shirts,topwear,Shirts,Tommy Hilfiger,Men,2499,4.0,Gym;Party,Classic,Tan Brown,Cotton,"Tommy Hilfiger tan brown shirts crafted from premium cotton for men. Features a timeless quintessential design crafted for versatile everyday elegance. Ideal for gym, party occasions. Styled in a classic aesthetic, offering both all-day comfort and trend-forward appeal."
SKU-FOO-2643,Nike Lavender Men's Leather Boots,footwear,Boots,Nike,Men,6749,4.2,Gym,Vibrant,Lavender,Leather,"Nike lavender boots crafted from premium leather for men. Features a eye-catching high-energy color palette suited for expressive moods. Ideal for gym occasions. Styled in a vibrant aesthetic, offering both all-day comfort and trend-forward appeal."
SKU-ACC-3082,VERO MODA Terracotta Women's Polyester Earrings,accessories,Earrings,VERO MODA,Women,1099,4.4,Ethnic,Minimalist,Terracotta,Polyester,"VERO MODA terracotta earrings crafted from premium polyester for women. Features a clean tailored silhouette with subtle contemporary accents. Ideal for ethnic occasions. Styled in a minimalist aesthetic, offering both all-day comfort and trend-forward appeal."
SKU-BOT-2147,ONLY Olive Green Women's Polyester Trousers,bottomwear,Trousers,ONLY,Women,1899,3.8,Beach,Pastel,Olive Green,Polyester,"ONLY olive green trousers crafted from premium polyester for women. Features a soft muted hues providing a calm, breezy and sophisticated aesthetic. Ideal for beach occasions. Styled in a pastel aesthetic, offering both all-day comfort and trend-forward appeal."
SKU-BOT-1747,ONLY Beige Women's Cotton Palazzos,bottomwear,Palazzos,ONLY,Women,699,4.3,Party;Gym,Minimalist;Streetwear,Beige,Cotton,"ONLY beige palazzos crafted from premium cotton for women. Features a clean tailored silhouette with subtle contemporary accents. Ideal for party, gym occasions. Styled in a minimalist aesthetic, offering both all-day comfort and trend-forward appeal."
SKU-FOO-2751,Bata Beige Women's Polyester Boots,footwear,Boots,Bata,Women,1949,3.3,Party,Vibrant;Pastel,Beige,Polyester,"Bata beige boots crafted from premium polyester for women. Features a eye-catching high-energy color palette suited for expressive moods. Ideal for party occasions. Styled in a vibrant aesthetic, offering both all-day comfort and trend-forward appeal."
SKU-ACC-2985,Roadster Mint Green Unisex Polyester Bags,accessories,Bags,Roadster,Unisex,3699,4.5,Ethnic,Pastel,Mint Green,Polyester,"Roadster mint green bags crafted from premium polyester for all genders. Features a soft muted hues providing a calm, breezy and sophisticated aesthetic. Ideal for ethnic occasions. Styled in a pastel aesthetic, offering both all-day comfort and trend-forward appeal."
SKU-FOO-2269,Mango Lavender Women's Leather Heels,footwear,Heels,Mango,Women,2349,3.9,Gym,Vibrant;Pastel,Lavender,Leather,"Mango lavender heels crafted from premium leather for women. Features a eye-catching high-energy color palette suited for expressive moods. Ideal for gym occasions. Styled in a vibrant aesthetic, offering both all-day comfort and trend-forward appeal."
SKU-ACC-3343,Tokyo Talkies Pastel Pink Women's Silk Earrings,accessories,Earrings,Tokyo Talkies,Women,1799,4.4,Ethnic;Gym,Pastel,Pastel Pink,Silk,"Tokyo Talkies pastel pink earrings crafted from premium silk for women. Features a soft muted hues providing a calm, breezy and sophisticated aesthetic. Ideal for ethnic, gym occasions. Styled in a pastel aesthetic, offering both all-day comfort and trend-forward appeal."
SKU-FOO-2719,DressBerry Terracotta Women's Polyester Heels,footwear,Heels,DressBerry,Women,1299,4.4,Casual,Minimalist;Vibrant,Terracotta,Polyester,"DressBerry terracotta heels crafted from premium polyester for women. Features a clean tailored silhouette with subtle contemporary accents. Ideal for casual occasions. Styled in a minimalist aesthetic, offering both all-day comfort and trend-forward appeal."
SKU-ACC-3213,Roadster Burgundy Unisex Polyester Watches,accessories,Watches,Roadster,Unisex,7299,4.5,Party,Minimalist,Burgundy,Polyester,"Roadster burgundy watches crafted from premium polyester for all genders. Features a clean tailored silhouette with subtle contemporary accents. Ideal for party occasions. Styled in a minimalist aesthetic, offering both all-day comfort and trend-forward appeal."
SKU-FOO-2413,Puma Cream Women's Leather Flats,footwear,Flats,Puma,Women,1449,4.4,Gym,Minimalist,Cream,Leather,"Puma cream flats crafted from premium leather for women. Features a clean tailored silhouette with subtle contemporary accents. Ideal for gym occasions. Styled in a minimalist aesthetic, offering both all-day comfort and trend-forward appeal."
SKU-FOO-2712,WROGN Pastel Pink Men's Polyester Loafers,footwear,Loafers,WROGN,Men,3749,4.2,Beach;Gym,Classic;Minimalist,Pastel Pink,Polyester,"WROGN pastel pink loafers crafted from premium polyester for men. Features a timeless quintessential design crafted for versatile everyday elegance. Ideal for beach, gym occasions. Styled in a classic aesthetic, offering both all-day comfort and trend-forward appeal."
SKU-ACC-3013,Forever 21 Cream Women's Polyester Watches,accessories,Watches,Forever 21,Women,1599,3.9,Casual,Minimalist;Pastel,Cream,Polyester,"Forever 21 cream watches crafted from premium polyester for women. Features a clean tailored silhouette with subtle contemporary accents. Ideal for casual occasions. Styled in a minimalist aesthetic, offering both all-day comfort and trend-forward appeal."
SKU-TOP-1345,DressBerry Tan Brown Women's Linen Shirts,topwear,Shirts,DressBerry,Women,2649,4.0,Gym,Classic,Tan Brown,Linen,"DressBerry tan brown shirts crafted from premium linen for women. Features a timeless quintessential design crafted for versatile everyday elegance. Ideal for gym occasions. Styled in a classic aesthetic, offering both all-day comfort and trend-forward appeal."
SKU-TOP-1557,Forever 21 Black Women's Cotton Blouses,topwear,Blouses,Forever 21,Women,2399,4.0,Formal,Streetwear,Black,Cotton,"Forever 21 black blouses crafted from premium cotton for women. Features a urban relaxed drape engineered with durable modern textures. Ideal for formal occasions. Styled in a streetwear aesthetic, offering both all-day comfort and trend-forward appeal."
SKU-FOO-2424,Forever 21 Charcoal Grey Women's Leather Loafers,footwear,Loafers,Forever 21,Women,1999,3.9,Gym,Streetwear,Charcoal Grey,Leather,"Forever 21 charcoal grey loafers crafted from premium leather for women. Features a urban relaxed drape engineered with durable modern textures. Ideal for gym occasions. Styled in a streetwear aesthetic, offering both all-day comfort and trend-forward appeal."
SKU-BOT-2038,Fossil Olive Green Women's Denim Jeans,bottomwear,Jeans,Fossil,Women,1599,3.7,Formal,Streetwear,Olive Green,Denim,"Fossil olive green jeans crafted from premium denim for women. Features a urban relaxed drape engineered with durable modern textures. Ideal for formal occasions. Styled in a streetwear aesthetic, offering both all-day comfort and trend-forward appeal."
SKU-BOT-1681,DressBerry Olive Green Women's Cotton Skirts,bottomwear,Skirts,DressBerry,Women,749,4.5,Party,Vibrant,Olive Green,Cotton,"DressBerry olive green skirts crafted from premium cotton for women. Features a eye-catching high-energy color palette suited for expressive moods. Ideal for party occasions. Styled in a vibrant aesthetic, offering both all-day comfort and trend-forward appeal."
SKU-ACC-3230,DressBerry Maroon Women's Polyester Bags,accessories,Bags,DressBerry,Women,2749,4.6,Party;Gym,Minimalist,Maroon,Polyester,"DressBerry maroon bags crafted from premium polyester for women. Features a clean tailored silhouette with subtle contemporary accents. Ideal for party, gym occasions. Styled in a minimalist aesthetic, offering both all-day comfort and trend-forward appeal."
SKU-BOT-2107,Tokyo Talkies Black Women's Silk Skirts,bottomwear,Skirts,Tokyo Talkies,Women,1349,4.4,Gym,Streetwear,Black,Silk,"Tokyo Talkies black skirts crafted from premium silk for women. Features a urban relaxed drape engineered with durable modern textures. Ideal for gym occasions. Styled in a streetwear aesthetic, offering both all-day comfort and trend-forward appeal."
SKU-TOP-1571,Nike Mint Green Men's Linen Shirts,topwear,Shirts,Nike,Men,949,4.2,Party;Casual,Streetwear,Mint Green,Linen,"Nike mint green shirts crafted from premium linen for men. Features a urban relaxed drape engineered with durable modern textures. Ideal for party, casual occasions. Styled in a streetwear aesthetic, offering both all-day comfort and trend-forward appeal."
SKU-TOP-1353,VERO MODA Cream Women's Cotton Blouses,topwear,Blouses,VERO MODA,Women,1849,4.5,Formal,Vibrant,Cream,Cotton,"VERO MODA cream blouses crafted from premium cotton for women. Features a eye-catching high-energy color palette suited for expressive moods. Ideal for formal occasions. Styled in a vibrant aesthetic, offering both all-day comfort and trend-forward appeal."
SKU-TOP-1092,Forever 21 Sky Blue Women's Silk Kurtas,topwear,Kurtas,Forever 21,Women,2099,4.5,Gym;Formal,Vibrant,Sky Blue,Silk,"Forever 21 sky blue kurtas crafted from premium silk for women. Features a eye-catching high-energy color palette suited for expressive moods. Ideal for gym, formal occasions. Styled in a vibrant aesthetic, offering both all-day comfort and trend-forward appeal."
SKU-BOT-2211,WROGN Maroon Men's Linen Trousers,bottomwear,Trousers,WROGN,Men,1249,3.8,Formal;Party,Vibrant;Classic,Maroon,Linen,"WROGN maroon trousers crafted from premium linen for men. Features a eye-catching high-energy color palette suited for expressive moods. Ideal for formal, party occasions. Styled in a vibrant aesthetic, offering both all-day comfort and trend-forward appeal."
SKU-ACC-3107,Nike Charcoal Grey Unisex Cotton Bags,accessories,Bags,Nike,Unisex,2899,3.9,Beach;Casual,Classic,Charcoal Grey,Cotton,"Nike charcoal grey bags crafted from premium cotton for all genders. Features a timeless quintessential design crafted for versatile everyday elegance. Ideal for beach, casual occasions. Styled in a classic aesthetic, offering both all-day comfort and trend-forward appeal."
SKU-FOO-2271,Mango Navy Blue Women's Leather Heels,footwear,Heels,Mango,Women,4749,4.6,Formal,Vibrant,Navy Blue,Leather,"Mango navy blue heels crafted from premium leather for women. Features a eye-catching high-energy color palette suited for expressive moods. Ideal for formal occasions. Styled in a vibrant aesthetic, offering both all-day comfort and trend-forward appeal."
SKU-ACC-3277,Converse White Unisex Leather Watches,accessories,Watches,Converse,Unisex,2699,4.4,Gym,Minimalist,White,Leather,"Converse white watches crafted from premium leather for all genders. Features a clean tailored silhouette with subtle contemporary accents. Ideal for gym occasions. Styled in a minimalist aesthetic, offering both all-day comfort and trend-forward appeal."
SKU-TOP-1262,Fossil Maroon Men's Cotton Shirts,topwear,Shirts,Fossil,Men,899,4.2,Gym,Streetwear,Maroon,Cotton,"Fossil maroon shirts crafted from premium cotton for men. Features a urban relaxed drape engineered with durable modern textures. Ideal for gym occasions. Styled in a streetwear aesthetic, offering both all-day comfort and trend-forward appeal."
SKU-FOO-2463,ONLY Maroon Women's Polyester Heels,footwear,Heels,ONLY,Women,2499,4.1,Party,Pastel,Maroon,Polyester,"ONLY maroon heels crafted from premium polyester for women. Features a soft muted hues providing a calm, breezy and sophisticated aesthetic. Ideal for party occasions. Styled in a pastel aesthetic, offering both all-day comfort and trend-forward appeal."
SKU-BOT-1749,Bata Beige Women's Cotton Skirts,bottomwear,Skirts,Bata,Women,1899,4.0,Beach,Pastel;Vibrant,Beige,Cotton,"Bata beige skirts crafted from premium cotton for women. Features a soft muted hues providing a calm, breezy and sophisticated aesthetic. Ideal for beach occasions. Styled in a pastel aesthetic, offering both all-day comfort and trend-forward appeal."
SKU-FOO-2412,Louis Philippe Mustard Yellow Men's Leather Sneakers,footwear,Sneakers,Louis Philippe,Men,1699,4.4,Beach;Party,Vibrant,Mustard Yellow,Leather,"Louis Philippe mustard yellow sneakers crafted from premium leather for men. Features a eye-catching high-energy color palette suited for expressive moods. Ideal for beach, party occasions. Styled in a vibrant aesthetic, offering both all-day comfort and trend-forward appeal."
SKU-FOO-2766,ONLY Charcoal Grey Women's Polyester Sneakers,footwear,Sneakers,ONLY,Women,3749,3.9,Beach,Vibrant,Charcoal Grey,Polyester,"ONLY charcoal grey sneakers crafted from premium polyester for women. Features a eye-catching high-energy color palette suited for expressive moods. Ideal for beach occasions. Styled in a vibrant aesthetic, offering both all-day comfort and trend-forward appeal."
SKU-ACC-3438,Converse White Unisex Leather Bags,accessories,Bags,Converse,Unisex,4099,4.5,Beach,Streetwear,White,Leather,"Converse white bags crafted from premium leather for all genders. Features a urban relaxed drape engineered with durable modern textures. Ideal for beach occasions. Styled in a streetwear aesthetic, offering both all-day comfort and trend-forward appeal."
SKU-FOO-2384,Nike Tan Brown Men's Cotton Sneakers,footwear,Sneakers,Nike,Men,2599,4.0,Party,Minimalist,Tan Brown,Cotton,"Nike tan brown sneakers crafted from premium cotton for men. Features a clean tailored silhouette with subtle contemporary accents. Ideal for party occasions. Styled in a minimalist aesthetic, offering both all-day comfort and trend-forward appeal."
SKU-BOT-2005,Forever 21 Beige Women's Cotton Skirts,bottomwear,Skirts,Forever 21,Women,2249,4.4,Casual,Vibrant,Beige,Cotton,"Forever 21 beige skirts crafted from premium cotton for women. Features a eye-catching high-energy color palette suited for expressive moods. Ideal for casual occasions. Styled in a vibrant aesthetic, offering both all-day comfort and trend-forward appeal."
SKU-TOP-1568,Fossil Mint Green Men's Linen Shirts,topwear,Shirts,Fossil,Men,2299,3.8,Ethnic;Casual,Vibrant;Pastel,Mint Green,Linen,"Fossil mint green shirts crafted from premium linen for men. Features a eye-catching high-energy color palette suited for expressive moods. Ideal for ethnic, casual occasions. Styled in a vibrant aesthetic, offering both all-day comfort and trend-forward appeal."
SKU-TOP-1323,Mast & Harbour Charcoal Grey Men's Silk Kurtas,topwear,Kurtas,Mast & Harbour,Men,2599,3.9,Casual;Ethnic,Vibrant,Charcoal Grey,Silk,"Mast & Harbour charcoal grey kurtas crafted from premium silk for men. Features a eye-catching high-energy color palette suited for expressive moods. Ideal for casual, ethnic occasions. Styled in a vibrant aesthetic, offering both all-day comfort and trend-forward appeal."
SKU-ACC-2894,Anouk Olive Green Women's Leather Bags,accessories,Bags,Anouk,Women,3949,4.2,Formal,Classic;Minimalist,Olive Green,Leather,"Anouk olive green bags crafted from premium leather for women. Features a timeless quintessential design crafted for versatile everyday elegance. Ideal for formal occasions. Styled in a classic aesthetic, offering both all-day comfort and trend-forward appeal."
SKU-ACC-3084,Nike Terracotta Unisex Polyester Watches,accessories,Watches,Nike,Unisex,8899,3.4,Gym,Pastel,Terracotta,Polyester,"Nike terracotta watches crafted from premium polyester for all genders. Features a soft muted hues providing a calm, breezy and sophisticated aesthetic. Ideal for gym occasions. Styled in a pastel aesthetic, offering both all-day comfort and trend-forward appeal."
SKU-TOP-1349,DressBerry Burgundy Women's Cotton Crop Tops,topwear,Crop Tops,DressBerry,Women,799,3.9,Formal;Gym,Minimalist,Burgundy,Cotton,"DressBerry burgundy crop tops crafted from premium cotton for women. Features a clean tailored silhouette with subtle contemporary accents. Ideal for formal, gym occasions. Styled in a minimalist aesthetic, offering both all-day comfort and trend-forward appeal."
SKU-BOT-2090,Forever 21 Pastel Pink Women's Linen Chinos,bottomwear,Chinos,Forever 21,Women,2699,4.1,Ethnic,Pastel,Pastel Pink,Linen,"Forever 21 pastel pink chinos crafted from premium linen for women. Features a soft muted hues providing a calm, breezy and sophisticated aesthetic. Ideal for ethnic occasions. Styled in a pastel aesthetic, offering both all-day comfort and trend-forward appeal."
SKU-FOO-2851,Mango Navy Blue Women's Leather Flats,footwear,Flats,Mango,Women,2049,4.0,Ethnic;Party,Minimalist;Streetwear,Navy Blue,Leather,"Mango navy blue flats crafted from premium leather for women. Features a clean tailored silhouette with subtle contemporary accents. Ideal for ethnic, party occasions. Styled in a minimalist aesthetic, offering both all-day comfort and trend-forward appeal."
SKU-TOP-1301,Mango Terracotta Women's Cotton Blouses,topwear,Blouses,Mango,Women,2349,3.9,Formal,Streetwear,Terracotta,Cotton,"Mango terracotta blouses crafted from premium cotton for women. Features a urban relaxed drape engineered with durable modern textures. Ideal for formal occasions. Styled in a streetwear aesthetic, offering both all-day comfort and trend-forward appeal."
SKU-FOO-2659,Fossil Maroon Men's Leather Loafers,footwear,Loafers,Fossil,Men,1399,3.8,Party,Minimalist,Maroon,Leather,"Fossil maroon loafers crafted from premium leather for men. Features a clean tailored silhouette with subtle contemporary accents. Ideal for party occasions. Styled in a minimalist aesthetic, offering both all-day comfort and trend-forward appeal."
SKU-FOO-2317,Mast & Harbour White Men's Leather Loafers,footwear,Loafers,Mast & Harbour,Men,1849,3.8,Casual,Streetwear,White,Leather,"Mast & Harbour white loafers crafted from premium leather for men. Features a urban relaxed drape engineered with durable modern textures. Ideal for casual occasions. Styled in a streetwear aesthetic, offering both all-day comfort and trend-forward appeal."
SKU-ACC-3015,Fastrack Sky Blue Unisex Polyester Sunglasses,accessories,Sunglasses,Fastrack,Unisex,3099,4.5,Formal;Ethnic,Streetwear;Vibrant,Sky Blue,Polyester,"Fastrack sky blue sunglasses crafted from premium polyester for all genders. Features a urban relaxed drape engineered with durable modern textures. Ideal for formal, ethnic occasions. Styled in a streetwear aesthetic, offering both all-day comfort and trend-forward appeal."
SKU-BOT-2011,Mango Sky Blue Women's Cotton Jeans,bottomwear,Jeans,Mango,Women,3549,4.7,Formal;Beach,Classic,Sky Blue,Cotton,"Mango sky blue jeans crafted from premium cotton for women. Features a timeless quintessential design crafted for versatile everyday elegance. Ideal for formal, beach occasions. Styled in a classic aesthetic, offering both all-day comfort and trend-forward appeal."
SKU-BOT-1965,Roadster Beige Men's Cotton Trousers,bottomwear,Trousers,Roadster,Men,2599,4.2,Party,Classic;Pastel,Beige,Cotton,"Roadster beige trousers crafted from premium cotton for men. Features a timeless quintessential design crafted for versatile everyday elegance. Ideal for party occasions. Styled in a classic aesthetic, offering both all-day comfort and trend-forward appeal."
SKU-ACC-3370,Roadster White Unisex Polyester Sunglasses,accessories,Sunglasses,Roadster,Unisex,1499,4.6,Gym;Beach,Minimalist;Pastel,White,Polyester,"Roadster white sunglasses crafted from premium polyester for all genders. Features a clean tailored silhouette with subtle contemporary accents. Ideal for gym, beach occasions. Styled in a minimalist aesthetic, offering both all-day comfort and trend-forward appeal."
SKU-ACC-3356,Sangria Olive Green Women's Silk Earrings,accessories,Earrings,Sangria,Women,1199,4.3,Ethnic,Streetwear;Minimalist,Olive Green,Silk,"Sangria olive green earrings crafted from premium silk for women. Features a urban relaxed drape engineered with durable modern textures. Ideal for ethnic occasions. Styled in a streetwear aesthetic, offering both all-day comfort and trend-forward appeal."
SKU-BOT-2129,Titan Burgundy Men's Cotton Jeans,bottomwear,Jeans,Titan,Men,1449,4.2,Casual,Classic,Burgundy,Cotton,"Titan burgundy jeans crafted from premium cotton for men. Features a timeless quintessential design crafted for versatile everyday elegance. Ideal for casual occasions. Styled in a classic aesthetic, offering both all-day comfort and trend-forward appeal."
SKU-TOP-1316,Nike Beige Unisex Cotton T-Shirts,topwear,T-Shirts,Nike,Unisex,749,4.2,Party,Classic,Beige,Cotton,"Nike beige t-shirts crafted from premium cotton for all genders. Features a timeless quintessential design crafted for versatile everyday elegance. Ideal for party occasions. Styled in a classic aesthetic, offering both all-day comfort and trend-forward appeal."
SKU-ACC-3070,Fossil Tan Brown Women's Leather Bags,accessories,Bags,Fossil,Women,3649,4.5,Party,Minimalist,Tan Brown,Leather,"Fossil tan brown bags crafted from premium leather for women. Features a clean tailored silhouette with subtle contemporary accents. Ideal for party occasions. Styled in a minimalist aesthetic, offering both all-day comfort and trend-forward appeal."
SKU-TOP-1454,Titan Black Men's Cotton T-Shirts,topwear,T-Shirts,Titan,Men,1449,4.4,Gym,Pastel,Black,Cotton,"Titan black t-shirts crafted from premium cotton for men. Features a soft muted hues providing a calm, breezy and sophisticated aesthetic. Ideal for gym occasions. Styled in a pastel aesthetic, offering both all-day comfort and trend-forward appeal."
SKU-BOT-1914,Carlton London Tan Brown Women's Silk Skirts,bottomwear,Skirts,Carlton London,Women,2249,4.8,Party,Vibrant,Tan Brown,Silk,"Carlton London tan brown skirts crafted from premium silk for women. Features a eye-catching high-energy color palette suited for expressive moods. Ideal for party occasions. Styled in a vibrant aesthetic, offering both all-day comfort and trend-forward appeal."
SKU-TOP-1602,VERO MODA Maroon Women's Polyester Crop Tops,topwear,Crop Tops,VERO MODA,Women,1049,3.9,Gym,Pastel;Classic,Maroon,Polyester,"VERO MODA maroon crop tops crafted from premium polyester for women. Features a soft muted hues providing a calm, breezy and sophisticated aesthetic. Ideal for gym occasions. Styled in a pastel aesthetic, offering both all-day comfort and trend-forward appeal."
SKU-TOP-1176,HRX by Hrithik Roshan Lavender Men's Cotton Kurtas,topwear,Kurtas,HRX by Hrithik Roshan,Men,1749,4.5,Casual;Party,Pastel,Lavender,Cotton,"HRX by Hrithik Roshan lavender kurtas crafted from premium cotton for men. Features a soft muted hues providing a calm, breezy and sophisticated aesthetic. Ideal for casual, party occasions. Styled in a pastel aesthetic, offering both all-day comfort and trend-forward appeal."
SKU-BOT-1901,Fossil White Women's Polyester Skirts,bottomwear,Skirts,Fossil,Women,2049,4.3,Casual;Beach,Streetwear;Vibrant,White,Polyester,"Fossil white skirts crafted from premium polyester for women. Features a urban relaxed drape engineered with durable modern textures. Ideal for casual, beach occasions. Styled in a streetwear aesthetic, offering both all-day comfort and trend-forward appeal."
SKU-ACC-3273,Tommy Hilfiger Black Men's Polyester Sunglasses,accessories,Sunglasses,Tommy Hilfiger,Men,2899,4.0,Beach;Ethnic,Streetwear,Black,Polyester,"Tommy Hilfiger black sunglasses crafted from premium polyester for men. Features a urban relaxed drape engineered with durable modern textures. Ideal for beach, ethnic occasions. Styled in a streetwear aesthetic, offering both all-day comfort and trend-forward appeal."
SKU-FOO-2299,Anouk Olive Green Women's Leather Loafers,footwear,Loafers,Anouk,Women,3399,4.3,Casual;Formal,Minimalist,Olive Green,Leather,"Anouk olive green loafers crafted from premium leather for women. Features a clean tailored silhouette with subtle contemporary accents. Ideal for casual, formal occasions. Styled in a minimalist aesthetic, offering both all-day comfort and trend-forward appeal."
SKU-TOP-1038,Titan Mint Green Men's Linen Shirts,topwear,Shirts,Titan,Men,1699,3.5,Gym,Minimalist,Mint Green,Linen,"Titan mint green shirts crafted from premium linen for men. Features a clean tailored silhouette with subtle contemporary accents. Ideal for gym occasions. Styled in a minimalist aesthetic, offering both all-day comfort and trend-forward appeal."
SKU-BOT-1975,Peter England Mustard Yellow Men's Linen Chinos,bottomwear,Chinos,Peter England,Men,1999,4.0,Gym,Streetwear;Vibrant,Mustard Yellow,Linen,"Peter England mustard yellow chinos crafted from premium linen for men. Features a urban relaxed drape engineered with durable modern textures. Ideal for gym occasions. Styled in a streetwear aesthetic, offering both all-day comfort and trend-forward appeal."
SKU-TOP-1124,Anouk White Women's Cotton Blazers,topwear,Blazers,Anouk,Women,7099,3.7,Gym,Pastel,White,Cotton,"Anouk white blazers crafted from premium cotton for women. Features a soft muted hues providing a calm, breezy and sophisticated aesthetic. Ideal for gym occasions. Styled in a pastel aesthetic, offering both all-day comfort and trend-forward appeal."
SKU-FOO-2742,Bata Navy Blue Women's Polyester Loafers,footwear,Loafers,Bata,Women,1649,4.1,Party,Vibrant;Classic,Navy Blue,Polyester,"Bata navy blue loafers crafted from premium polyester for women. Features a eye-catching high-energy color palette suited for expressive moods. Ideal for party occasions. Styled in a vibrant aesthetic, offering both all-day comfort and trend-forward appeal."
SKU-ACC-3419,Nike Maroon Unisex Leather Bags,accessories,Bags,Nike,Unisex,1549,4.3,Ethnic,Vibrant,Maroon,Leather,"Nike maroon bags crafted from premium leather for all genders. Features a eye-catching high-energy color palette suited for expressive moods. Ideal for ethnic occasions. Styled in a vibrant aesthetic, offering both all-day comfort and trend-forward appeal."
SKU-TOP-1040,Mango Navy Blue Women's Polyester Blouses,topwear,Blouses,Mango,Women,1299,4.3,Beach;Ethnic,Minimalist,Navy Blue,Polyester,"Mango navy blue blouses crafted from premium polyester for women. Features a clean tailored silhouette with subtle contemporary accents. Ideal for beach, ethnic occasions. Styled in a minimalist aesthetic, offering both all-day comfort and trend-forward appeal."
SKU-ACC-3417,Roadster Maroon Men's Cotton Bags,accessories,Bags,Roadster,Men,3899,4.4,Party;Formal,Streetwear,Maroon,Cotton,"Roadster maroon bags crafted from premium cotton for men. Features a urban relaxed drape engineered with durable modern textures. Ideal for party, formal occasions. Styled in a streetwear aesthetic, offering both all-day comfort and trend-forward appeal."
SKU-ACC-3010,Carlton London Sky Blue Women's Cotton Bags,accessories,Bags,Carlton London,Women,2899,4.5,Ethnic,Vibrant,Sky Blue,Cotton,"Carlton London sky blue bags crafted from premium cotton for women. Features a eye-catching high-energy color palette suited for expressive moods. Ideal for ethnic occasions. Styled in a vibrant aesthetic, offering both all-day comfort and trend-forward appeal."
SKU-FOO-2772,Peter England Cream Men's Cotton Sneakers,footwear,Sneakers,Peter England,Men,5149,4.8,Party,Pastel,Cream,Cotton,"Peter England cream sneakers crafted from premium cotton for men. Features a soft muted hues providing a calm, breezy and sophisticated aesthetic. Ideal for party occasions. Styled in a pastel aesthetic, offering both all-day comfort and trend-forward appeal."
SKU-ACC-2966,Nike Sky Blue Unisex Polyester Watches,accessories,Watches,Nike,Unisex,4049,4.2,Ethnic,Classic,Sky Blue,Polyester,"Nike sky blue watches crafted from premium polyester for all genders. Features a timeless quintessential design crafted for versatile everyday elegance. Ideal for ethnic occasions. Styled in a classic aesthetic, offering both all-day comfort and trend-forward appeal."
SKU-FOO-2499,Sangria Burgundy Women's Leather Boots,footwear,Boots,Sangria,Women,2849,4.6,Party;Formal,Pastel,Burgundy,Leather,"Sangria burgundy boots crafted from premium leather for women. Features a soft muted hues providing a calm, breezy and sophisticated aesthetic. Ideal for party, formal occasions. Styled in a pastel aesthetic, offering both all-day comfort and trend-forward appeal."
SKU-BOT-1635,HRX by Hrithik Roshan Olive Green Men's Polyester Trousers,bottomwear,Trousers,HRX by Hrithik Roshan,Men,2399,3.8,Ethnic;Gym,Vibrant,Olive Green,Polyester,"HRX by Hrithik Roshan olive green trousers crafted from premium polyester for men. Features a eye-catching high-energy color palette suited for expressive moods. Ideal for ethnic, gym occasions. Styled in a vibrant aesthetic, offering both all-day comfort and trend-forward appeal."
SKU-ACC-2967,WROGN Olive Green Men's Polyester Sunglasses,accessories,Sunglasses,WROGN,Men,699,4.1,Ethnic,Minimalist,Olive Green,Polyester,"WROGN olive green sunglasses crafted from premium polyester for men. Features a clean tailored silhouette with subtle contemporary accents. Ideal for ethnic occasions. Styled in a minimalist aesthetic, offering both all-day comfort and trend-forward appeal."
SKU-TOP-1580,HIGHLANDER Mint Green Men's Polyester T-Shirts,topwear,T-Shirts,HIGHLANDER,Men,499,4.6,Beach,Minimalist;Classic,Mint Green,Polyester,"HIGHLANDER mint green t-shirts crafted from premium polyester for men. Features a clean tailored silhouette with subtle contemporary accents. Ideal for beach occasions. Styled in a minimalist aesthetic, offering both all-day comfort and trend-forward appeal."
SKU-FOO-2536,Sangria White Women's Leather Heels,footwear,Heels,Sangria,Women,3599,3.6,Formal,Classic,White,Leather,"Sangria white heels crafted from premium leather for women. Features a timeless quintessential design crafted for versatile everyday elegance. Ideal for formal occasions. Styled in a classic aesthetic, offering both all-day comfort and trend-forward appeal."
SKU-BOT-1893,Puma Terracotta Women's Polyester Palazzos,bottomwear,Palazzos,Puma,Women,799,4.6,Ethnic,Pastel;Vibrant,Terracotta,Polyester,"Puma terracotta palazzos crafted from premium polyester for women. Features a soft muted hues providing a calm, breezy and sophisticated aesthetic. Ideal for ethnic occasions. Styled in a pastel aesthetic, offering both all-day comfort and trend-forward appeal."
SKU-BOT-1781,Sangria Tan Brown Women's Polyester Palazzos,bottomwear,Palazzos,Sangria,Women,1449,4.3,Casual;Gym,Pastel;Classic,Tan Brown,Polyester,"Sangria tan brown palazzos crafted from premium polyester for women. Features a soft muted hues providing a calm, breezy and sophisticated aesthetic. Ideal for casual, gym occasions. Styled in a pastel aesthetic, offering both all-day comfort and trend-forward appeal."
SKU-TOP-1160,HIGHLANDER Terracotta Men's Linen Blazers,topwear,Blazers,HIGHLANDER,Men,7549,4.4,Ethnic,Minimalist,Terracotta,Linen,"HIGHLANDER terracotta blazers crafted from premium linen for men. Features a clean tailored silhouette with subtle contemporary accents. Ideal for ethnic occasions. Styled in a minimalist aesthetic, offering both all-day comfort and trend-forward appeal."
SKU-FOO-2653,Puma White Women's Leather Flats,footwear,Flats,Puma,Women,749,4.3,Beach;Casual,Vibrant;Minimalist,White,Leather,"Puma white flats crafted from premium leather for women. Features a eye-catching high-energy color palette suited for expressive moods. Ideal for beach, casual occasions. Styled in a vibrant aesthetic, offering both all-day comfort and trend-forward appeal."
SKU-BOT-2152,Anouk Sky Blue Women's Silk Skirts,bottomwear,Skirts,Anouk,Women,1699,3.4,Casual;Party,Pastel;Minimalist,Sky Blue,Silk,"Anouk sky blue skirts crafted from premium silk for women. Features a soft muted hues providing a calm, breezy and sophisticated aesthetic. Ideal for casual, party occasions. Styled in a pastel aesthetic, offering both all-day comfort and trend-forward appeal."
SKU-TOP-1062,DressBerry Tan Brown Women's Cotton Crop Tops,topwear,Crop Tops,DressBerry,Women,1599,4.1,Party;Ethnic,Pastel,Tan Brown,Cotton,"DressBerry tan brown crop tops crafted from premium cotton for women. Features a soft muted hues providing a calm, breezy and sophisticated aesthetic. Ideal for party, ethnic occasions. Styled in a pastel aesthetic, offering both all-day comfort and trend-forward appeal."
SKU-BOT-1850,Louis Philippe Terracotta Men's Linen Chinos,bottomwear,Chinos,Louis Philippe,Men,3099,4.0,Ethnic,Minimalist,Terracotta,Linen,"Louis Philippe terracotta chinos crafted from premium linen for men. Features a clean tailored silhouette with subtle contemporary accents. Ideal for ethnic occasions. Styled in a minimalist aesthetic, offering both all-day comfort and trend-forward appeal."
SKU-FOO-2545,VERO MODA Lavender Women's Cotton Flats,footwear,Flats,VERO MODA,Women,1399,4.0,Party;Formal,Vibrant,Lavender,Cotton,"VERO MODA lavender flats crafted from premium cotton for women. Features a eye-catching high-energy color palette suited for expressive moods. Ideal for party, formal occasions. Styled in a vibrant aesthetic, offering both all-day comfort and trend-forward appeal."
SKU-ACC-3411,Ray-Ban White Unisex Polyester Sunglasses,accessories,Sunglasses,Ray-Ban,Unisex,3199,4.5,Casual;Formal,Pastel;Classic,White,Polyester,"Ray-Ban white sunglasses crafted from premium polyester for all genders. Features a soft muted hues providing a calm, breezy and sophisticated aesthetic. Ideal for casual, formal occasions. Styled in a pastel aesthetic, offering both all-day comfort and trend-forward appeal."
SKU-BOT-2044,DressBerry Maroon Women's Silk Skirts,bottomwear,Skirts,DressBerry,Women,1899,4.2,Beach,Streetwear,Maroon,Silk,"DressBerry maroon skirts crafted from premium silk for women. Features a urban relaxed drape engineered with durable modern textures. Ideal for beach occasions. Styled in a streetwear aesthetic, offering both all-day comfort and trend-forward appeal."
SKU-ACC-3204,WROGN Olive Green Men's Polyester Belts,accessories,Belts,WROGN,Men,1049,3.7,Formal,Vibrant,Olive Green,Polyester,"WROGN olive green belts crafted from premium polyester for men. Features a eye-catching high-energy color palette suited for expressive moods. Ideal for formal occasions. Styled in a vibrant aesthetic, offering both all-day comfort and trend-forward appeal."
SKU-ACC-3167,VERO MODA Sky Blue Women's Polyester Earrings,accessories,Earrings,VERO MODA,Women,1199,3.9,Formal;Party,Classic;Streetwear,Sky Blue,Polyester,"VERO MODA sky blue earrings crafted from premium polyester for women. Features a timeless quintessential design crafted for versatile everyday elegance. Ideal for formal, party occasions. Styled in a classic aesthetic, offering both all-day comfort and trend-forward appeal."
SKU-TOP-1054,Louis Philippe Sky Blue Men's Silk Shirts,topwear,Shirts,Louis Philippe,Men,799,4.4,Ethnic;Beach,Pastel,Sky Blue,Silk,"Louis Philippe sky blue shirts crafted from premium silk for men. Features a soft muted hues providing a calm, breezy and sophisticated aesthetic. Ideal for ethnic, beach occasions. Styled in a pastel aesthetic, offering both all-day comfort and trend-forward appeal."
SKU-FOO-2547,Carlton London Navy Blue Women's Leather Boots,footwear,Boots,Carlton London,Women,2299,3.9,Formal,Pastel,Navy Blue,Leather,"Carlton London navy blue boots crafted from premium leather for women. Features a soft muted hues providing a calm, breezy and sophisticated aesthetic. Ideal for formal occasions. Styled in a pastel aesthetic, offering both all-day comfort and trend-forward appeal."
SKU-TOP-1506,Peter England Burgundy Men's Linen Kurtas,topwear,Kurtas,Peter England,Men,1999,4.0,Beach,Vibrant,Burgundy,Linen,"Peter England burgundy kurtas crafted from premium linen for men. Features a eye-catching high-energy color palette suited for expressive moods. Ideal for beach occasions. Styled in a vibrant aesthetic, offering both all-day comfort and trend-forward appeal."
SKU-BOT-1753,Puma Terracotta Men's Linen Chinos,bottomwear,Chinos,Puma,Men,3249,3.9,Casual,Classic;Minimalist,Terracotta,Linen,"Puma terracotta chinos crafted from premium linen for men. Features a timeless quintessential design crafted for versatile everyday elegance. Ideal for casual occasions. Styled in a classic aesthetic, offering both all-day comfort and trend-forward appeal."
SKU-FOO-2380,Roadster Sky Blue Men's Leather Sneakers,footwear,Sneakers,Roadster,Men,1999,4.8,Casual;Formal,Pastel,Sky Blue,Leather,"Roadster sky blue sneakers crafted from premium leather for men. Features a soft muted hues providing a calm, breezy and sophisticated aesthetic. Ideal for casual, formal occasions. Styled in a pastel aesthetic, offering both all-day comfort and trend-forward appeal."
SKU-FOO-2422,ONLY Black Women's Polyester Loafers,footwear,Loafers,ONLY,Women,4449,4.6,Formal;Gym,Vibrant,Black,Polyester,"ONLY black loafers crafted from premium polyester for women. Features a eye-catching high-energy color palette suited for expressive moods. Ideal for formal, gym occasions. Styled in a vibrant aesthetic, offering both all-day comfort and trend-forward appeal."
SKU-FOO-2392,Titan Maroon Men's Polyester Loafers,footwear,Loafers,Titan,Men,3449,4.0,Beach;Party,Vibrant,Maroon,Polyester,"Titan maroon loafers crafted from premium polyester for men. Features a eye-catching high-energy color palette suited for expressive moods. Ideal for beach, party occasions. Styled in a vibrant aesthetic, offering both all-day comfort and trend-forward appeal."
SKU-ACC-3375,Fastrack White Unisex Polyester Sunglasses,accessories,Sunglasses,Fastrack,Unisex,1499,4.6,Casual;Ethnic,Minimalist,White,Polyester,"Fastrack white sunglasses crafted from premium polyester for all genders. Features a clean tailored silhouette with subtle contemporary accents. Ideal for casual, ethnic occasions. Styled in a minimalist aesthetic, offering both all-day comfort and trend-forward appeal."
SKU-ACC-3284,Tokyo Talkies Mint Green Women's Polyester Belts,accessories,Belts,Tokyo Talkies,Women,449,3.9,Gym;Party,Vibrant,Mint Green,Polyester,"Tokyo Talkies mint green belts crafted from premium polyester for women. Features a eye-catching high-energy color palette suited for expressive moods. Ideal for gym, party occasions. Styled in a vibrant aesthetic, offering both all-day comfort and trend-forward appeal."
SKU-BOT-1772,WROGN Maroon Men's Cotton Trousers,bottomwear,Trousers,WROGN,Men,3899,4.0,Beach,Streetwear;Minimalist,Maroon,Cotton,"WROGN maroon trousers crafted from premium cotton for men. Features a urban relaxed drape engineered with durable modern textures. Ideal for beach occasions. Styled in a streetwear aesthetic, offering both all-day comfort and trend-forward appeal."
SKU-ACC-3339,Forever 21 Sky Blue Women's Polyester Earrings,accessories,Earrings,Forever 21,Women,1699,4.2,Gym;Casual,Classic,Sky Blue,Polyester,"Forever 21 sky blue earrings crafted from premium polyester for women. Features a timeless quintessential design crafted for versatile everyday elegance. Ideal for gym, casual occasions. Styled in a classic aesthetic, offering both all-day comfort and trend-forward appeal."
SKU-ACC-3235,Nike Terracotta Men's Leather Belts,accessories,Belts,Nike,Men,399,3.8,Casual;Party,Classic,Terracotta,Leather,"Nike terracotta belts crafted from premium leather for men. Features a timeless quintessential design crafted for versatile everyday elegance. Ideal for casual, party occasions. Styled in a classic aesthetic, offering both all-day comfort and trend-forward appeal."
SKU-BOT-2194,Mango Lavender Women's Cotton Chinos,bottomwear,Chinos,Mango,Women,1499,4.3,Formal,Pastel,Lavender,Cotton,"Mango lavender chinos crafted from premium cotton for women. Features a soft muted hues providing a calm, breezy and sophisticated aesthetic. Ideal for formal occasions. Styled in a pastel aesthetic, offering both all-day comfort and trend-forward appeal."
SKU-BOT-2190,Sangria Mint Green Women's Silk Skirts,bottomwear,Skirts,Sangria,Women,1249,3.9,Gym,Minimalist;Pastel,Mint Green,Silk,"Sangria mint green skirts crafted from premium silk for women. Features a clean tailored silhouette with subtle contemporary accents. Ideal for gym occasions. Styled in a minimalist aesthetic, offering both all-day comfort and trend-forward appeal."
SKU-ACC-2899,VERO MODA Pastel Pink Women's Leather Bags,accessories,Bags,VERO MODA,Women,2199,4.4,Ethnic,Classic;Streetwear,Pastel Pink,Leather,"VERO MODA pastel pink bags crafted from premium leather for women. Features a timeless quintessential design crafted for versatile everyday elegance. Ideal for ethnic occasions. Styled in a classic aesthetic, offering both all-day comfort and trend-forward appeal."
SKU-FOO-2819,WROGN Charcoal Grey Men's Leather Loafers,footwear,Loafers,WROGN,Men,4199,4.1,Beach;Party,Pastel,Charcoal Grey,Leather,"WROGN charcoal grey loafers crafted from premium leather for men. Features a soft muted hues providing a calm, breezy and sophisticated aesthetic. Ideal for beach, party occasions. Styled in a pastel aesthetic, offering both all-day comfort and trend-forward appeal."
SKU-FOO-2866,Louis Philippe Maroon Men's Leather Boots,footwear,Boots,Louis Philippe,Men,6749,3.6,Beach,Streetwear;Minimalist,Maroon,Leather,"Louis Philippe maroon boots crafted from premium leather for men. Features a urban relaxed drape engineered with durable modern textures. Ideal for beach occasions. Styled in a streetwear aesthetic, offering both all-day comfort and trend-forward appeal."
SKU-BOT-2191,Anouk Cream Women's Cotton Skirts,bottomwear,Skirts,Anouk,Women,699,4.2,Formal,Minimalist,Cream,Cotton,"Anouk cream skirts crafted from premium cotton for women. Features a clean tailored silhouette with subtle contemporary accents. Ideal for formal occasions. Styled in a minimalist aesthetic, offering both all-day comfort and trend-forward appeal."
SKU-BOT-1964,Sangria Burgundy Women's Cotton Palazzos,bottomwear,Palazzos,Sangria,Women,749,4.4,Ethnic;Party,Streetwear,Burgundy,Cotton,"Sangria burgundy palazzos crafted from premium cotton for women. Features a urban relaxed drape engineered with durable modern textures. Ideal for ethnic, party occasions. Styled in a streetwear aesthetic, offering both all-day comfort and trend-forward appeal."
SKU-FOO-2667,HIGHLANDER Black Men's Polyester Loafers,footwear,Loafers,HIGHLANDER,Men,2849,3.9,Casual;Formal,Classic;Streetwear,Black,Polyester,"HIGHLANDER black loafers crafted from premium polyester for men. Features a timeless quintessential design crafted for versatile everyday elegance. Ideal for casual, formal occasions. Styled in a classic aesthetic, offering both all-day comfort and trend-forward appeal."
SKU-TOP-1399,Puma Maroon Women's Linen Kurtas,topwear,Kurtas,Puma,Women,2649,4.2,Gym,Pastel,Maroon,Linen,"Puma maroon kurtas crafted from premium linen for women. Features a soft muted hues providing a calm, breezy and sophisticated aesthetic. Ideal for gym occasions. Styled in a pastel aesthetic, offering both all-day comfort and trend-forward appeal."
SKU-TOP-1585,ONLY Beige Women's Cotton T-Shirts,topwear,T-Shirts,ONLY,Women,1249,4.3,Casual;Party,Minimalist,Beige,Cotton,"ONLY beige t-shirts crafted from premium cotton for women. Features a clean tailored silhouette with subtle contemporary accents. Ideal for casual, party occasions. Styled in a minimalist aesthetic, offering both all-day comfort and trend-forward appeal."
SKU-BOT-1949,VERO MODA Maroon Women's Linen Trousers,bottomwear,Trousers,VERO MODA,Women,2399,4.2,Formal,Pastel,Maroon,Linen,"VERO MODA maroon trousers crafted from premium linen for women. Features a soft muted hues providing a calm, breezy and sophisticated aesthetic. Ideal for formal occasions. Styled in a pastel aesthetic, offering both all-day comfort and trend-forward appeal."
SKU-BOT-1705,Anouk Black Women's Cotton Jeans,bottomwear,Jeans,Anouk,Women,1149,3.7,Beach,Streetwear,Black,Cotton,"Anouk black jeans crafted from premium cotton for women. Features a urban relaxed drape engineered with durable modern textures. Ideal for beach occasions. Styled in a streetwear aesthetic, offering both all-day comfort and trend-forward appeal."
SKU-TOP-1432,Fossil Mustard Yellow Men's Cotton Kurtas,topwear,Kurtas,Fossil,Men,1949,3.5,Formal;Party,Pastel,Mustard Yellow,Cotton,"Fossil mustard yellow kurtas crafted from premium cotton for men. Features a soft muted hues providing a calm, breezy and sophisticated aesthetic. Ideal for formal, party occasions. Styled in a pastel aesthetic, offering both all-day comfort and trend-forward appeal."
SKU-TOP-1293,Nike Pastel Pink Men's Linen Shirts,topwear,Shirts,Nike,Men,2149,4.0,Gym;Formal,Classic;Streetwear,Pastel Pink,Linen,"Nike pastel pink shirts crafted from premium linen for men. Features a timeless quintessential design crafted for versatile everyday elegance. Ideal for gym, formal occasions. Styled in a classic aesthetic, offering both all-day comfort and trend-forward appeal."
SKU-FOO-2852,Forever 21 Mint Green Women's Leather Heels,footwear,Heels,Forever 21,Women,4849,4.8,Party,Vibrant;Streetwear,Mint Green,Leather,"Forever 21 mint green heels crafted from premium leather for women. Features a eye-catching high-energy color palette suited for expressive moods. Ideal for party occasions. Styled in a vibrant aesthetic, offering both all-day comfort and trend-forward appeal."
SKU-FOO-2445,Forever 21 Tan Brown Women's Cotton Flats,footwear,Flats,Forever 21,Women,549,4.3,Gym;Beach,Minimalist,Tan Brown,Cotton,"Forever 21 tan brown flats crafted from premium cotton for women. Features a clean tailored silhouette with subtle contemporary accents. Ideal for gym, beach occasions. Styled in a minimalist aesthetic, offering both all-day comfort and trend-forward appeal."
SKU-FOO-2602,Anouk Olive Green Women's Cotton Flats,footwear,Flats,Anouk,Women,1999,4.7,Party;Gym,Streetwear,Olive Green,Cotton,"Anouk olive green flats crafted from premium cotton for women. Features a urban relaxed drape engineered with durable modern textures. Ideal for party, gym occasions. Styled in a streetwear aesthetic, offering both all-day comfort and trend-forward appeal."
SKU-TOP-1003,Sangria Burgundy Women's Cotton Blazers,topwear,Blazers,Sangria,Women,4799,4.4,Casual;Formal,Pastel,Burgundy,Cotton,"Sangria burgundy blazers crafted from premium cotton for women. Features a soft muted hues providing a calm, breezy and sophisticated aesthetic. Ideal for casual, formal occasions. Styled in a pastel aesthetic, offering both all-day comfort and trend-forward appeal."
SKU-TOP-1577,Tokyo Talkies Olive Green Women's Linen Kurtas,topwear,Kurtas,Tokyo Talkies,Women,3499,4.3,Casual;Ethnic,Vibrant;Pastel,Olive Green,Linen,"Tokyo Talkies olive green kurtas crafted from premium linen for women. Features a eye-catching high-energy color palette suited for expressive moods. Ideal for casual, ethnic occasions. Styled in a vibrant aesthetic, offering both all-day comfort and trend-forward appeal."
SKU-FOO-2791,Forever 21 Tan Brown Women's Leather Heels,footwear,Heels,Forever 21,Women,1649,3.5,Formal,Minimalist,Tan Brown,Leather,"Forever 21 tan brown heels crafted from premium leather for women. Features a clean tailored silhouette with subtle contemporary accents. Ideal for formal occasions. Styled in a minimalist aesthetic, offering both all-day comfort and trend-forward appeal."
SKU-TOP-1340,Tommy Hilfiger Charcoal Grey Men's Cotton Kurtas,topwear,Kurtas,Tommy Hilfiger,Men,1099,4.0,Beach,Minimalist,Charcoal Grey,Cotton,"Tommy Hilfiger charcoal grey kurtas crafted from premium cotton for men. Features a clean tailored silhouette with subtle contemporary accents. Ideal for beach occasions. Styled in a minimalist aesthetic, offering both all-day comfort and trend-forward appeal."
SKU-BOT-2106,Fossil Charcoal Grey Women's Cotton Palazzos,bottomwear,Palazzos,Fossil,Women,2049,3.8,Ethnic,Classic,Charcoal Grey,Cotton,"Fossil charcoal grey palazzos crafted from premium cotton for women. Features a timeless quintessential design crafted for versatile everyday elegance. Ideal for ethnic occasions. Styled in a classic aesthetic, offering both all-day comfort and trend-forward appeal."
SKU-BOT-1926,ONLY Olive Green Women's Cotton Palazzos,bottomwear,Palazzos,ONLY,Women,849,3.7,Gym,Classic,Olive Green,Cotton,"ONLY olive green palazzos crafted from premium cotton for women. Features a timeless quintessential design crafted for versatile everyday elegance. Ideal for gym occasions. Styled in a classic aesthetic, offering both all-day comfort and trend-forward appeal."
SKU-TOP-1266,Forever 21 Cream Women's Polyester Blouses,topwear,Blouses,Forever 21,Women,1549,3.8,Gym,Pastel,Cream,Polyester,"Forever 21 cream blouses crafted from premium polyester for women. Features a soft muted hues providing a calm, breezy and sophisticated aesthetic. Ideal for gym occasions. Styled in a pastel aesthetic, offering both all-day comfort and trend-forward appeal."
SKU-TOP-1377,HRX by Hrithik Roshan White Men's Silk Kurtas,topwear,Kurtas,HRX by Hrithik Roshan,Men,1999,4.5,Ethnic,Pastel,White,Silk,"HRX by Hrithik Roshan white kurtas crafted from premium silk for men. Features a soft muted hues providing a calm, breezy and sophisticated aesthetic. Ideal for ethnic occasions. Styled in a pastel aesthetic, offering both all-day comfort and trend-forward appeal."
SKU-TOP-1272,Bata Tan Brown Women's Cotton Crop Tops,topwear,Crop Tops,Bata,Women,699,3.7,Formal,Vibrant,Tan Brown,Cotton,"Bata tan brown crop tops crafted from premium cotton for women. Features a eye-catching high-energy color palette suited for expressive moods. Ideal for formal occasions. Styled in a vibrant aesthetic, offering both all-day comfort and trend-forward appeal."
SKU-BOT-1697,Bata Black Women's Denim Jeans,bottomwear,Jeans,Bata,Women,2549,4.3,Party;Formal,Classic,Black,Denim,"Bata black jeans crafted from premium denim for women. Features a timeless quintessential design crafted for versatile everyday elegance. Ideal for party, formal occasions. Styled in a classic aesthetic, offering both all-day comfort and trend-forward appeal."
SKU-FOO-2619,Mast & Harbour Mustard Yellow Men's Leather Boots,footwear,Boots,Mast & Harbour,Men,6049,4.1,Ethnic;Casual,Classic,Mustard Yellow,Leather,"Mast & Harbour mustard yellow boots crafted from premium leather for men. Features a timeless quintessential design crafted for versatile everyday elegance. Ideal for ethnic, casual occasions. Styled in a classic aesthetic, offering both all-day comfort and trend-forward appeal."
SKU-TOP-1245,Forever 21 White Women's Cotton Shirts,topwear,Shirts,Forever 21,Women,1999,3.8,Formal,Streetwear,White,Cotton,"Forever 21 white shirts crafted from premium cotton for women. Features a urban relaxed drape engineered with durable modern textures. Ideal for formal occasions. Styled in a streetwear aesthetic, offering both all-day comfort and trend-forward appeal."
SKU-FOO-2652,Forever 21 Terracotta Women's Leather Heels,footwear,Heels,Forever 21,Women,4099,4.3,Party;Formal,Streetwear,Terracotta,Leather,"Forever 21 terracotta heels crafted from premium leather for women. Features a urban relaxed drape engineered with durable modern textures. Ideal for party, formal occasions. Styled in a streetwear aesthetic, offering both all-day comfort and trend-forward appeal."
SKU-TOP-1477,Fossil Mustard Yellow Women's Cotton Crop Tops,topwear,Crop Tops,Fossil,Women,999,4.4,Ethnic;Beach,Vibrant;Classic,Mustard Yellow,Cotton,"Fossil mustard yellow crop tops crafted from premium cotton for women. Features a eye-catching high-energy color palette suited for expressive moods. Ideal for ethnic, beach occasions. Styled in a vibrant aesthetic, offering both all-day comfort and trend-forward appeal."
SKU-BOT-2179,ONLY Terracotta Women's Polyester Trousers,bottomwear,Trousers,ONLY,Women,3949,3.9,Party,Minimalist,Terracotta,Polyester,"ONLY terracotta trousers crafted from premium polyester for women. Features a clean tailored silhouette with subtle contemporary accents. Ideal for party occasions. Styled in a minimalist aesthetic, offering both all-day comfort and trend-forward appeal."
SKU-BOT-2196,Anouk Black Women's Cotton Skirts,bottomwear,Skirts,Anouk,Women,1599,4.4,Ethnic,Vibrant,Black,Cotton,"Anouk black skirts crafted from premium cotton for women. Features a eye-catching high-energy color palette suited for expressive moods. Ideal for ethnic occasions. Styled in a vibrant aesthetic, offering both all-day comfort and trend-forward appeal."
SKU-FOO-2286,DressBerry Mustard Yellow Women's Leather Heels,footwear,Heels,DressBerry,Women,3749,3.7,Gym;Ethnic,Minimalist,Mustard Yellow,Leather,"DressBerry mustard yellow heels crafted from premium leather for women. Features a clean tailored silhouette with subtle contemporary accents. Ideal for gym, ethnic occasions. Styled in a minimalist aesthetic, offering both all-day comfort and trend-forward appeal."
SKU-BOT-2166,Puma Charcoal Grey Women's Cotton Jeans,bottomwear,Jeans,Puma,Women,3599,4.9,Gym,Classic,Charcoal Grey,Cotton,"Puma charcoal grey jeans crafted from premium cotton for women. Features a timeless quintessential design crafted for versatile everyday elegance. Ideal for gym occasions. Styled in a classic aesthetic, offering both all-day comfort and trend-forward appeal."
SKU-ACC-3253,Fastrack Pastel Pink Unisex Leather Bags,accessories,Bags,Fastrack,Unisex,3649,3.7,Casual,Pastel,Pastel Pink,Leather,"Fastrack pastel pink bags crafted from premium leather for all genders. Features a soft muted hues providing a calm, breezy and sophisticated aesthetic. Ideal for casual occasions. Styled in a pastel aesthetic, offering both all-day comfort and trend-forward appeal."
SKU-TOP-1251,Mast & Harbour Navy Blue Men's Cotton Kurtas,topwear,Kurtas,Mast & Harbour,Men,2549,3.8,Ethnic,Minimalist,Navy Blue,Cotton,"Mast & Harbour navy blue kurtas crafted from premium cotton for men. Features a clean tailored silhouette with subtle contemporary accents. Ideal for ethnic occasions. Styled in a minimalist aesthetic, offering both all-day comfort and trend-forward appeal."
SKU-TOP-1414,Mast & Harbour Pastel Pink Men's Cotton Blazers,topwear,Blazers,Mast & Harbour,Men,6699,4.6,Casual,Classic,Pastel Pink,Cotton,"Mast & Harbour pastel pink blazers crafted from premium cotton for men. Features a timeless quintessential design crafted for versatile everyday elegance. Ideal for casual occasions. Styled in a classic aesthetic, offering both all-day comfort and trend-forward appeal."
SKU-ACC-3412,Puma Mustard Yellow Unisex Leather Bags,accessories,Bags,Puma,Unisex,3699,4.7,Ethnic;Formal,Pastel,Mustard Yellow,Leather,"Puma mustard yellow bags crafted from premium leather for all genders. Features a soft muted hues providing a calm, breezy and sophisticated aesthetic. Ideal for ethnic, formal occasions. Styled in a pastel aesthetic, offering both all-day comfort and trend-forward appeal."
SKU-ACC-3081,Anouk Sky Blue Women's Leather Belts,accessories,Belts,Anouk,Women,1049,4.2,Beach,Classic,Sky Blue,Leather,"Anouk sky blue belts crafted from premium leather for women. Features a timeless quintessential design crafted for versatile everyday elegance. Ideal for beach occasions. Styled in a classic aesthetic, offering both all-day comfort and trend-forward appeal."
SKU-TOP-1311,Tokyo Talkies Mustard Yellow Women's Silk Shirts,topwear,Shirts,Tokyo Talkies,Women,2099,4.1,Gym;Casual,Minimalist;Streetwear,Mustard Yellow,Silk,"Tokyo Talkies mustard yellow shirts crafted from premium silk for women. Features a clean tailored silhouette with subtle contemporary accents. Ideal for gym, casual occasions. Styled in a minimalist aesthetic, offering both all-day comfort and trend-forward appeal."
SKU-BOT-1894,Titan Sky Blue Men's Linen Chinos,bottomwear,Chinos,Titan,Men,899,4.6,Beach;Casual,Streetwear,Sky Blue,Linen,"Titan sky blue chinos crafted from premium linen for men. Features a urban relaxed drape engineered with durable modern textures. Ideal for beach, casual occasions. Styled in a streetwear aesthetic, offering both all-day comfort and trend-forward appeal."
SKU-ACC-3423,Ray-Ban Burgundy Unisex Polyester Sunglasses,accessories,Sunglasses,Ray-Ban,Unisex,3249,4.1,Party;Beach,Classic;Pastel,Burgundy,Polyester,"Ray-Ban burgundy sunglasses crafted from premium polyester for all genders. Features a timeless quintessential design crafted for versatile everyday elegance. Ideal for party, beach occasions. Styled in a classic aesthetic, offering both all-day comfort and trend-forward appeal."
SKU-TOP-1016,Nike Navy Blue Men's Cotton Shirts,topwear,Shirts,Nike,Men,2699,4.0,Ethnic;Formal,Streetwear,Navy Blue,Cotton,"Nike navy blue shirts crafted from premium cotton for men. Features a urban relaxed drape engineered with durable modern textures. Ideal for ethnic, formal occasions. Styled in a streetwear aesthetic, offering both all-day comfort and trend-forward appeal."
SKU-BOT-1722,Fossil White Men's Cotton Chinos,bottomwear,Chinos,Fossil,Men,1899,3.6,Beach,Pastel,White,Cotton,"Fossil white chinos crafted from premium cotton for men. Features a soft muted hues providing a calm, breezy and sophisticated aesthetic. Ideal for beach occasions. Styled in a pastel aesthetic, offering both all-day comfort and trend-forward appeal."
SKU-ACC-3191,Louis Philippe Olive Green Men's Polyester Sunglasses,accessories,Sunglasses,Louis Philippe,Men,2849,3.6,Party;Formal,Minimalist,Olive Green,Polyester,"Louis Philippe olive green sunglasses crafted from premium polyester for men. Features a clean tailored silhouette with subtle contemporary accents. Ideal for party, formal occasions. Styled in a minimalist aesthetic, offering both all-day comfort and trend-forward appeal."
SKU-BOT-1982,Roadster White Men's Cotton Chinos,bottomwear,Chinos,Roadster,Men,3149,4.3,Ethnic,Streetwear;Vibrant,White,Cotton,"Roadster white chinos crafted from premium cotton for men. Features a urban relaxed drape engineered with durable modern textures. Ideal for ethnic occasions. Styled in a streetwear aesthetic, offering both all-day comfort and trend-forward appeal."
SKU-ACC-3105,Casio Terracotta Unisex Polyester Sunglasses,accessories,Sunglasses,Casio,Unisex,649,3.8,Casual;Gym,Classic,Terracotta,Polyester,"Casio terracotta sunglasses crafted from premium polyester for all genders. Features a timeless quintessential design crafted for versatile everyday elegance. Ideal for casual, gym occasions. Styled in a classic aesthetic, offering both all-day comfort and trend-forward appeal."
SKU-ACC-2974,Puma Black Women's Silk Earrings,accessories,Earrings,Puma,Women,1149,4.3,Formal,Streetwear,Black,Silk,"Puma black earrings crafted from premium silk for women. Features a urban relaxed drape engineered with durable modern textures. Ideal for formal occasions. Styled in a streetwear aesthetic, offering both all-day comfort and trend-forward appeal."
SKU-TOP-1364,Mango Lavender Women's Silk Kurtas,topwear,Kurtas,Mango,Women,2049,4.3,Ethnic;Beach,Minimalist,Lavender,Silk,"Mango lavender kurtas crafted from premium silk for women. Features a clean tailored silhouette with subtle contemporary accents. Ideal for ethnic, beach occasions. Styled in a minimalist aesthetic, offering both all-day comfort and trend-forward appeal."
SKU-FOO-2620,Forever 21 Navy Blue Women's Polyester Sneakers,footwear,Sneakers,Forever 21,Women,3449,4.6,Formal,Minimalist;Streetwear,Navy Blue,Polyester,"Forever 21 navy blue sneakers crafted from premium polyester for women. Features a clean tailored silhouette with subtle contemporary accents. Ideal for formal occasions. Styled in a minimalist aesthetic, offering both all-day comfort and trend-forward appeal."
SKU-TOP-1183,Bata Tan Brown Women's Polyester Blouses,topwear,Blouses,Bata,Women,1099,3.8,Gym;Beach,Minimalist,Tan Brown,Polyester,"Bata tan brown blouses crafted from premium polyester for women. Features a clean tailored silhouette with subtle contemporary accents. Ideal for gym, beach occasions. Styled in a minimalist aesthetic, offering both all-day comfort and trend-forward appeal."
SKU-BOT-1986,Fossil Tan Brown Women's Linen Trousers,bottomwear,Trousers,Fossil,Women,1299,3.8,Beach,Pastel,Tan Brown,Linen,"Fossil tan brown trousers crafted from premium linen for women. Features a soft muted hues providing a calm, breezy and sophisticated aesthetic. Ideal for beach occasions. Styled in a pastel aesthetic, offering both all-day comfort and trend-forward appeal."
SKU-FOO-2388,Bata Burgundy Women's Polyester Heels,footwear,Heels,Bata,Women,2349,4.7,Party,Pastel,Burgundy,Polyester,"Bata burgundy heels crafted from premium polyester for women. Features a soft muted hues providing a calm, breezy and sophisticated aesthetic. Ideal for party occasions. Styled in a pastel aesthetic, offering both all-day comfort and trend-forward appeal."
SKU-ACC-3120,Ray-Ban Cream Unisex Leather Watches,accessories,Watches,Ray-Ban,Unisex,7599,4.1,Party,Classic;Streetwear,Cream,Leather,"Ray-Ban cream watches crafted from premium leather for all genders. Features a timeless quintessential design crafted for versatile everyday elegance. Ideal for party occasions. Styled in a classic aesthetic, offering both all-day comfort and trend-forward appeal."
SKU-ACC-3076,Bata Pastel Pink Women's Polyester Bags,accessories,Bags,Bata,Women,1099,4.1,Ethnic,Vibrant,Pastel Pink,Polyester,"Bata pastel pink bags crafted from premium polyester for women. Features a eye-catching high-energy color palette suited for expressive moods. Ideal for ethnic occasions. Styled in a vibrant aesthetic, offering both all-day comfort and trend-forward appeal."
SKU-TOP-1188,DressBerry Sky Blue Women's Cotton Blouses,topwear,Blouses,DressBerry,Women,1549,4.2,Formal;Ethnic,Minimalist,Sky Blue,Cotton,"DressBerry sky blue blouses crafted from premium cotton for women. Features a clean tailored silhouette with subtle contemporary accents. Ideal for formal, ethnic occasions. Styled in a minimalist aesthetic, offering both all-day comfort and trend-forward appeal."
SKU-TOP-1620,Converse Sky Blue Unisex Cotton T-Shirts,topwear,T-Shirts,Converse,Unisex,1449,4.3,Beach;Gym,Minimalist,Sky Blue,Cotton,"Converse sky blue t-shirts crafted from premium cotton for all genders. Features a clean tailored silhouette with subtle contemporary accents. Ideal for beach, gym occasions. Styled in a minimalist aesthetic, offering both all-day comfort and trend-forward appeal."
SKU-BOT-2122,DressBerry Maroon Women's Cotton Jeans,bottomwear,Jeans,DressBerry,Women,1799,4.6,Casual,Minimalist,Maroon,Cotton,"DressBerry maroon jeans crafted from premium cotton for women. Features a clean tailored silhouette with subtle contemporary accents. Ideal for casual occasions. Styled in a minimalist aesthetic, offering both all-day comfort and trend-forward appeal."
SKU-TOP-1615,Titan Pastel Pink Men's Polyester T-Shirts,topwear,T-Shirts,Titan,Men,999,4.9,Casual,Pastel,Pastel Pink,Polyester,"Titan pastel pink t-shirts crafted from premium polyester for men. Features a soft muted hues providing a calm, breezy and sophisticated aesthetic. Ideal for casual occasions. Styled in a pastel aesthetic, offering both all-day comfort and trend-forward appeal."
SKU-ACC-3196,Puma Tan Brown Women's Polyester Earrings,accessories,Earrings,Puma,Women,899,4.0,Ethnic,Vibrant;Pastel,Tan Brown,Polyester,"Puma tan brown earrings crafted from premium polyester for women. Features a eye-catching high-energy color palette suited for expressive moods. Ideal for ethnic occasions. Styled in a vibrant aesthetic, offering both all-day comfort and trend-forward appeal."
SKU-BOT-1995,HRX by Hrithik Roshan Mustard Yellow Men's Cotton Chinos,bottomwear,Chinos,HRX by Hrithik Roshan,Men,949,3.8,Beach,Vibrant,Mustard Yellow,Cotton,"HRX by Hrithik Roshan mustard yellow chinos crafted from premium cotton for men. Features a eye-catching high-energy color palette suited for expressive moods. Ideal for beach occasions. Styled in a vibrant aesthetic, offering both all-day comfort and trend-forward appeal."
SKU-ACC-3034,HIGHLANDER Mustard Yellow Men's Polyester Sunglasses,accessories,Sunglasses,HIGHLANDER,Men,2749,4.4,Party;Ethnic,Streetwear,Mustard Yellow,Polyester,"HIGHLANDER mustard yellow sunglasses crafted from premium polyester for men. Features a urban relaxed drape engineered with durable modern textures. Ideal for party, ethnic occasions. Styled in a streetwear aesthetic, offering both all-day comfort and trend-forward appeal."
SKU-TOP-1372,Anouk Beige Women's Silk Blouses,topwear,Blouses,Anouk,Women,1299,4.4,Ethnic,Streetwear;Vibrant,Beige,Silk,"Anouk beige blouses crafted from premium silk for women. Features a urban relaxed drape engineered with durable modern textures. Ideal for ethnic occasions. Styled in a streetwear aesthetic, offering both all-day comfort and trend-forward appeal."
SKU-FOO-2339,Bata Maroon Women's Polyester Heels,footwear,Heels,Bata,Women,3149,4.1,Casual,Pastel,Maroon,Polyester,"Bata maroon heels crafted from premium polyester for women. Features a soft muted hues providing a calm, breezy and sophisticated aesthetic. Ideal for casual occasions. Styled in a pastel aesthetic, offering both all-day comfort and trend-forward appeal."
SKU-TOP-1594,Bata Pastel Pink Women's Polyester Blouses,topwear,Blouses,Bata,Women,899,4.3,Beach,Pastel;Streetwear,Pastel Pink,Polyester,"Bata pastel pink blouses crafted from premium polyester for women. Features a soft muted hues providing a calm, breezy and sophisticated aesthetic. Ideal for beach occasions. Styled in a pastel aesthetic, offering both all-day comfort and trend-forward appeal."
SKU-BOT-1727,Bata Tan Brown Women's Polyester Skirts,bottomwear,Skirts,Bata,Women,1049,4.2,Formal,Vibrant,Tan Brown,Polyester,"Bata tan brown skirts crafted from premium polyester for women. Features a eye-catching high-energy color palette suited for expressive moods. Ideal for formal occasions. Styled in a vibrant aesthetic, offering both all-day comfort and trend-forward appeal."
SKU-FOO-2843,Puma Sky Blue Women's Polyester Heels,footwear,Heels,Puma,Women,1699,4.0,Gym,Streetwear,Sky Blue,Polyester,"Puma sky blue heels crafted from premium polyester for women. Features a urban relaxed drape engineered with durable modern textures. Ideal for gym occasions. Styled in a streetwear aesthetic, offering both all-day comfort and trend-forward appeal."
SKU-BOT-1688,ONLY Pastel Pink Women's Linen Trousers,bottomwear,Trousers,ONLY,Women,3649,4.1,Formal;Party,Streetwear;Vibrant,Pastel Pink,Linen,"ONLY pastel pink trousers crafted from premium linen for women. Features a urban relaxed drape engineered with durable modern textures. Ideal for formal, party occasions. Styled in a streetwear aesthetic, offering both all-day comfort and trend-forward appeal."
SKU-FOO-2661,Louis Philippe Terracotta Men's Polyester Boots,footwear,Boots,Louis Philippe,Men,7299,4.7,Ethnic,Classic,Terracotta,Polyester,"Louis Philippe terracotta boots crafted from premium polyester for men. Features a timeless quintessential design crafted for versatile everyday elegance. Ideal for ethnic occasions. Styled in a classic aesthetic, offering both all-day comfort and trend-forward appeal."
SKU-TOP-1137,Mango Mint Green Women's Cotton Shirts,topwear,Shirts,Mango,Women,2049,3.9,Casual;Ethnic,Classic,Mint Green,Cotton,"Mango mint green shirts crafted from premium cotton for women. Features a timeless quintessential design crafted for versatile everyday elegance. Ideal for casual, ethnic occasions. Styled in a classic aesthetic, offering both all-day comfort and trend-forward appeal."
SKU-BOT-1629,WROGN Terracotta Men's Linen Trousers,bottomwear,Trousers,WROGN,Men,3899,4.2,Party;Casual,Classic;Vibrant,Terracotta,Linen,"WROGN terracotta trousers crafted from premium linen for men. Features a timeless quintessential design crafted for versatile everyday elegance. Ideal for party, casual occasions. Styled in a classic aesthetic, offering both all-day comfort and trend-forward appeal."
SKU-TOP-1335,Fossil White Women's Linen Blazers,topwear,Blazers,Fossil,Women,7449,4.5,Ethnic,Classic,White,Linen,"Fossil white blazers crafted from premium linen for women. Features a timeless quintessential design crafted for versatile everyday elegance. Ideal for ethnic occasions. Styled in a classic aesthetic, offering both all-day comfort and trend-forward appeal."
SKU-FOO-2481,Tommy Hilfiger Cream Men's Leather Loafers,footwear,Loafers,Tommy Hilfiger,Men,4099,4.5,Gym,Minimalist;Classic,Cream,Leather,"Tommy Hilfiger cream loafers crafted from premium leather for men. Features a clean tailored silhouette with subtle contemporary accents. Ideal for gym occasions. Styled in a minimalist aesthetic, offering both all-day comfort and trend-forward appeal."
SKU-ACC-3237,ONLY Beige Women's Silk Earrings,accessories,Earrings,ONLY,Women,649,4.2,Beach,Minimalist,Beige,Silk,"ONLY beige earrings crafted from premium silk for women. Features a clean tailored silhouette with subtle contemporary accents. Ideal for beach occasions. Styled in a minimalist aesthetic, offering both all-day comfort and trend-forward appeal."
SKU-BOT-2110,VERO MODA Beige Women's Denim Jeans,bottomwear,Jeans,VERO MODA,Women,1799,4.9,Beach,Vibrant,Beige,Denim,"VERO MODA beige jeans crafted from premium denim for women. Features a eye-catching high-energy color palette suited for expressive moods. Ideal for beach occasions. Styled in a vibrant aesthetic, offering both all-day comfort and trend-forward appeal."
SKU-FOO-2361,Fossil Cream Men's Leather Loafers,footwear,Loafers,Fossil,Men,3399,4.2,Party,Vibrant,Cream,Leather,"Fossil cream loafers crafted from premium leather for men. Features a eye-catching high-energy color palette suited for expressive moods. Ideal for party occasions. Styled in a vibrant aesthetic, offering both all-day comfort and trend-forward appeal."
SKU-FOO-2787,Fossil Maroon Women's Leather Heels,footwear,Heels,Fossil,Women,2049,4.1,Casual,Streetwear;Minimalist,Maroon,Leather,"Fossil maroon heels crafted from premium leather for women. Features a urban relaxed drape engineered with durable modern textures. Ideal for casual occasions. Styled in a streetwear aesthetic, offering both all-day comfort and trend-forward appeal."
SKU-BOT-1711,Fossil Burgundy Women's Silk Skirts,bottomwear,Skirts,Fossil,Women,1449,4.3,Gym;Ethnic,Classic;Streetwear,Burgundy,Silk,"Fossil burgundy skirts crafted from premium silk for women. Features a timeless quintessential design crafted for versatile everyday elegance. Ideal for gym, ethnic occasions. Styled in a classic aesthetic, offering both all-day comfort and trend-forward appeal."
SKU-BOT-2040,ONLY Burgundy Women's Cotton Skirts,bottomwear,Skirts,ONLY,Women,1449,4.6,Formal,Classic,Burgundy,Cotton,"ONLY burgundy skirts crafted from premium cotton for women. Features a timeless quintessential design crafted for versatile everyday elegance. Ideal for formal occasions. Styled in a classic aesthetic, offering both all-day comfort and trend-forward appeal."
SKU-FOO-2309,Peter England Lavender Men's Polyester Loafers,footwear,Loafers,Peter England,Men,2849,4.6,Party;Ethnic,Minimalist,Lavender,Polyester,"Peter England lavender loafers crafted from premium polyester for men. Features a clean tailored silhouette with subtle contemporary accents. Ideal for party, ethnic occasions. Styled in a minimalist aesthetic, offering both all-day comfort and trend-forward appeal."
SKU-FOO-2775,WROGN Burgundy Men's Polyester Loafers,footwear,Loafers,WROGN,Men,3999,3.9,Beach,Classic,Burgundy,Polyester,"WROGN burgundy loafers crafted from premium polyester for men. Features a timeless quintessential design crafted for versatile everyday elegance. Ideal for beach occasions. Styled in a classic aesthetic, offering both all-day comfort and trend-forward appeal."
SKU-ACC-3299,Converse Black Unisex Polyester Sunglasses,accessories,Sunglasses,Converse,Unisex,2349,4.4,Ethnic,Pastel,Black,Polyester,"Converse black sunglasses crafted from premium polyester for all genders. Features a soft muted hues providing a calm, breezy and sophisticated aesthetic. Ideal for ethnic occasions. Styled in a pastel aesthetic, offering both all-day comfort and trend-forward appeal."
SKU-BOT-2113,Sangria Cream Women's Silk Skirts,bottomwear,Skirts,Sangria,Women,2149,4.5,Ethnic,Minimalist;Streetwear,Cream,Silk,"Sangria cream skirts crafted from premium silk for women. Features a clean tailored silhouette with subtle contemporary accents. Ideal for ethnic occasions. Styled in a minimalist aesthetic, offering both all-day comfort and trend-forward appeal."
SKU-TOP-1466,VERO MODA Cream Women's Linen Blazers,topwear,Blazers,VERO MODA,Women,8699,4.1,Beach,Classic,Cream,Linen,"VERO MODA cream blazers crafted from premium linen for women. Features a timeless quintessential design crafted for versatile everyday elegance. Ideal for beach occasions. Styled in a classic aesthetic, offering both all-day comfort and trend-forward appeal."
SKU-FOO-2360,Roadster Mint Green Men's Polyester Boots,footwear,Boots,Roadster,Men,4399,4.3,Ethnic,Minimalist,Mint Green,Polyester,"Roadster mint green boots crafted from premium polyester for men. Features a clean tailored silhouette with subtle contemporary accents. Ideal for ethnic occasions. Styled in a minimalist aesthetic, offering both all-day comfort and trend-forward appeal."
SKU-ACC-3472,Tokyo Talkies White Women's Leather Watches,accessories,Watches,Tokyo Talkies,Women,3099,4.9,Ethnic,Pastel,White,Leather,"Tokyo Talkies white watches crafted from premium leather for women. Features a soft muted hues providing a calm, breezy and sophisticated aesthetic. Ideal for ethnic occasions. Styled in a pastel aesthetic, offering both all-day comfort and trend-forward appeal."
SKU-ACC-3146,Sangria Beige Women's Polyester Earrings,accessories,Earrings,Sangria,Women,799,4.7,Gym;Ethnic,Classic,Beige,Polyester,"Sangria beige earrings crafted from premium polyester for women. Features a timeless quintessential design crafted for versatile everyday elegance. Ideal for gym, ethnic occasions. Styled in a classic aesthetic, offering both all-day comfort and trend-forward appeal."
SKU-BOT-2105,Bata Tan Brown Women's Linen Trousers,bottomwear,Trousers,Bata,Women,1199,4.6,Gym;Beach,Streetwear,Tan Brown,Linen,"Bata tan brown trousers crafted from premium linen for women. Features a urban relaxed drape engineered with durable modern textures. Ideal for gym, beach occasions. Styled in a streetwear aesthetic, offering both all-day comfort and trend-forward appeal."
SKU-FOO-2387,Roadster Sky Blue Unisex Polyester Sneakers,footwear,Sneakers,Roadster,Unisex,6899,4.7,Beach;Formal,Classic,Sky Blue,Polyester,"Roadster sky blue sneakers crafted from premium polyester for all genders. Features a timeless quintessential design crafted for versatile everyday elegance. Ideal for beach, formal occasions. Styled in a classic aesthetic, offering both all-day comfort and trend-forward appeal."
SKU-ACC-3000,Puma Tan Brown Men's Polyester Watches,accessories,Watches,Puma,Men,2049,3.9,Ethnic;Casual,Vibrant,Tan Brown,Polyester,"Puma tan brown watches crafted from premium polyester for men. Features a eye-catching high-energy color palette suited for expressive moods. Ideal for ethnic, casual occasions. Styled in a vibrant aesthetic, offering both all-day comfort and trend-forward appeal."
SKU-FOO-2452,HIGHLANDER Black Men's Leather Loafers,footwear,Loafers,HIGHLANDER,Men,4599,4.8,Party,Streetwear,Black,Leather,"HIGHLANDER black loafers crafted from premium leather for men. Features a urban relaxed drape engineered with durable modern textures. Ideal for party occasions. Styled in a streetwear aesthetic, offering both all-day comfort and trend-forward appeal."
SKU-ACC-3092,Vans Terracotta Unisex Cotton Bags,accessories,Bags,Vans,Unisex,2499,4.3,Party,Pastel,Terracotta,Cotton,"Vans terracotta bags crafted from premium cotton for all genders. Features a soft muted hues providing a calm, breezy and sophisticated aesthetic. Ideal for party occasions. Styled in a pastel aesthetic, offering both all-day comfort and trend-forward appeal."
SKU-FOO-2860,Titan Charcoal Grey Men's Polyester Loafers,footwear,Loafers,Titan,Men,2199,4.3,Beach,Classic,Charcoal Grey,Polyester,"Titan charcoal grey loafers crafted from premium polyester for men. Features a timeless quintessential design crafted for versatile everyday elegance. Ideal for beach occasions. Styled in a classic aesthetic, offering both all-day comfort and trend-forward appeal."
SKU-BOT-2171,Mango Mint Green Women's Silk Palazzos,bottomwear,Palazzos,Mango,Women,1399,4.5,Beach;Gym,Minimalist,Mint Green,Silk,"Mango mint green palazzos crafted from premium silk for women. Features a clean tailored silhouette with subtle contemporary accents. Ideal for beach, gym occasions. Styled in a minimalist aesthetic, offering both all-day comfort and trend-forward appeal."
SKU-ACC-3099,WROGN White Men's Cotton Bags,accessories,Bags,WROGN,Men,849,3.7,Ethnic;Party,Streetwear;Minimalist,White,Cotton,"WROGN white bags crafted from premium cotton for men. Features a urban relaxed drape engineered with durable modern textures. Ideal for ethnic, party occasions. Styled in a streetwear aesthetic, offering both all-day comfort and trend-forward appeal."
SKU-BOT-1817,HIGHLANDER Terracotta Men's Polyester Trousers,bottomwear,Trousers,HIGHLANDER,Men,2749,4.3,Beach,Minimalist,Terracotta,Polyester,"HIGHLANDER terracotta trousers crafted from premium polyester for men. Features a clean tailored silhouette with subtle contemporary accents. Ideal for beach occasions. Styled in a minimalist aesthetic, offering both all-day comfort and trend-forward appeal."
SKU-BOT-2068,Louis Philippe Terracotta Men's Polyester Trousers,bottomwear,Trousers,Louis Philippe,Men,2249,4.6,Party,Minimalist,Terracotta,Polyester,"Louis Philippe terracotta trousers crafted from premium polyester for men. Features a clean tailored silhouette with subtle contemporary accents. Ideal for party occasions. Styled in a minimalist aesthetic, offering both all-day comfort and trend-forward appeal."
SKU-TOP-1275,Peter England Beige Men's Cotton Kurtas,topwear,Kurtas,Peter England,Men,2349,3.9,Ethnic;Beach,Streetwear,Beige,Cotton,"Peter England beige kurtas crafted from premium cotton for men. Features a urban relaxed drape engineered with durable modern textures. Ideal for ethnic, beach occasions. Styled in a streetwear aesthetic, offering both all-day comfort and trend-forward appeal."
SKU-FOO-2702,Roadster Olive Green Men's Leather Boots,footwear,Boots,Roadster,Men,4199,4.4,Formal;Party,Pastel;Classic,Olive Green,Leather,"Roadster olive green boots crafted from premium leather for men. Features a soft muted hues providing a calm, breezy and sophisticated aesthetic. Ideal for formal, party occasions. Styled in a pastel aesthetic, offering both all-day comfort and trend-forward appeal."
SKU-BOT-1866,Fossil Black Men's Polyester Trousers,bottomwear,Trousers,Fossil,Men,1999,4.1,Party,Minimalist,Black,Polyester,"Fossil black trousers crafted from premium polyester for men. Features a clean tailored silhouette with subtle contemporary accents. Ideal for party occasions. Styled in a minimalist aesthetic, offering both all-day comfort and trend-forward appeal."
SKU-TOP-1102,Sangria Sky Blue Women's Cotton Blouses,topwear,Blouses,Sangria,Women,1349,4.1,Gym,Streetwear,Sky Blue,Cotton,"Sangria sky blue blouses crafted from premium cotton for women. Features a urban relaxed drape engineered with durable modern textures. Ideal for gym occasions. Styled in a streetwear aesthetic, offering both all-day comfort and trend-forward appeal."
SKU-FOO-2614,DressBerry Navy Blue Women's Leather Loafers,footwear,Loafers,DressBerry,Women,2049,4.2,Beach,Vibrant,Navy Blue,Leather,"DressBerry navy blue loafers crafted from premium leather for women. Features a eye-catching high-energy color palette suited for expressive moods. Ideal for beach occasions. Styled in a vibrant aesthetic, offering both all-day comfort and trend-forward appeal."
SKU-TOP-1108,Forever 21 Olive Green Women's Linen Shirts,topwear,Shirts,Forever 21,Women,2199,4.3,Gym;Party,Pastel,Olive Green,Linen,"Forever 21 olive green shirts crafted from premium linen for women. Features a soft muted hues providing a calm, breezy and sophisticated aesthetic. Ideal for gym, party occasions. Styled in a pastel aesthetic, offering both all-day comfort and trend-forward appeal."
SKU-ACC-3489,Ray-Ban Mustard Yellow Unisex Polyester Bags,accessories,Bags,Ray-Ban,Unisex,2999,4.2,Gym,Classic,Mustard Yellow,Polyester,"Ray-Ban mustard yellow bags crafted from premium polyester for all genders. Features a timeless quintessential design crafted for versatile everyday elegance. Ideal for gym occasions. Styled in a classic aesthetic, offering both all-day comfort and trend-forward appeal."
SKU-FOO-2484,Bata Maroon Women's Polyester Sneakers,footwear,Sneakers,Bata,Women,4599,4.1,Formal,Vibrant;Minimalist,Maroon,Polyester,"Bata maroon sneakers crafted from premium polyester for women. Features a eye-catching high-energy color palette suited for expressive moods. Ideal for formal occasions. Styled in a vibrant aesthetic, offering both all-day comfort and trend-forward appeal."
SKU-FOO-2362,Fossil Pastel Pink Women's Polyester Boots,footwear,Boots,Fossil,Women,7699,4.4,Formal;Ethnic,Streetwear,Pastel Pink,Polyester,"Fossil pastel pink boots crafted from premium polyester for women. Features a urban relaxed drape engineered with durable modern textures. Ideal for formal, ethnic occasions. Styled in a streetwear aesthetic, offering both all-day comfort and trend-forward appeal."
SKU-BOT-2223,Mango Navy Blue Women's Cotton Trousers,bottomwear,Trousers,Mango,Women,1849,4.4,Beach;Casual,Vibrant;Pastel,Navy Blue,Cotton,"Mango navy blue trousers crafted from premium cotton for women. Features a eye-catching high-energy color palette suited for expressive moods. Ideal for beach, casual occasions. Styled in a vibrant aesthetic, offering both all-day comfort and trend-forward appeal."
SKU-FOO-2369,Carlton London Tan Brown Women's Leather Flats,footwear,Flats,Carlton London,Women,1599,4.0,Formal;Casual,Classic,Tan Brown,Leather,"Carlton London tan brown flats crafted from premium leather for women. Features a timeless quintessential design crafted for versatile everyday elegance. Ideal for formal, casual occasions. Styled in a classic aesthetic, offering both all-day comfort and trend-forward appeal."
SKU-ACC-3173,Fossil Cream Men's Leather Watches,accessories,Watches,Fossil,Men,5999,4.1,Ethnic,Vibrant,Cream,Leather,"Fossil cream watches crafted from premium leather for men. Features a eye-catching high-energy color palette suited for expressive moods. Ideal for ethnic occasions. Styled in a vibrant aesthetic, offering both all-day comfort and trend-forward appeal."
SKU-ACC-3373,Mango White Women's Leather Belts,accessories,Belts,Mango,Women,1549,4.3,Party;Formal,Streetwear;Classic,White,Leather,"Mango white belts crafted from premium leather for women. Features a urban relaxed drape engineered with durable modern textures. Ideal for party, formal occasions. Styled in a streetwear aesthetic, offering both all-day comfort and trend-forward appeal."
SKU-FOO-2500,ONLY Mustard Yellow Women's Polyester Loafers,footwear,Loafers,ONLY,Women,3199,4.4,Ethnic;Beach,Vibrant,Mustard Yellow,Polyester,"ONLY mustard yellow loafers crafted from premium polyester for women. Features a eye-catching high-energy color palette suited for expressive moods. Ideal for ethnic, beach occasions. Styled in a vibrant aesthetic, offering both all-day comfort and trend-forward appeal."
SKU-BOT-1713,Titan Tan Brown Men's Linen Trousers,bottomwear,Trousers,Titan,Men,2599,4.0,Casual,Streetwear,Tan Brown,Linen,"Titan tan brown trousers crafted from premium linen for men. Features a urban relaxed drape engineered with durable modern textures. Ideal for casual occasions. Styled in a streetwear aesthetic, offering both all-day comfort and trend-forward appeal."
SKU-TOP-1073,Puma Tan Brown Men's Silk Shirts,topwear,Shirts,Puma,Men,1199,4.2,Beach;Casual,Classic;Pastel,Tan Brown,Silk,"Puma tan brown shirts crafted from premium silk for men. Features a timeless quintessential design crafted for versatile everyday elegance. Ideal for beach, casual occasions. Styled in a classic aesthetic, offering both all-day comfort and trend-forward appeal."
SKU-FOO-2801,Forever 21 Olive Green Women's Leather Heels,footwear,Heels,Forever 21,Women,3749,4.9,Beach;Gym,Classic;Streetwear,Olive Green,Leather,"Forever 21 olive green heels crafted from premium leather for women. Features a timeless quintessential design crafted for versatile everyday elegance. Ideal for beach, gym occasions. Styled in a classic aesthetic, offering both all-day comfort and trend-forward appeal."
SKU-ACC-3404,Mast & Harbour Lavender Men's Polyester Sunglasses,accessories,Sunglasses,Mast & Harbour,Men,2649,4.1,Ethnic,Minimalist;Vibrant,Lavender,Polyester,"Mast & Harbour lavender sunglasses crafted from premium polyester for men. Features a clean tailored silhouette with subtle contemporary accents. Ideal for ethnic occasions. Styled in a minimalist aesthetic, offering both all-day comfort and trend-forward appeal."
SKU-TOP-1482,DressBerry Sky Blue Women's Cotton Blouses,topwear,Blouses,DressBerry,Women,1199,3.9,Formal,Pastel;Streetwear,Sky Blue,Cotton,"DressBerry sky blue blouses crafted from premium cotton for women. Features a soft muted hues providing a calm, breezy and sophisticated aesthetic. Ideal for formal occasions. Styled in a pastel aesthetic, offering both all-day comfort and trend-forward appeal."
SKU-FOO-2666,HIGHLANDER Mustard Yellow Men's Leather Loafers,footwear,Loafers,HIGHLANDER,Men,2549,4.2,Ethnic;Party,Classic,Mustard Yellow,Leather,"HIGHLANDER mustard yellow loafers crafted from premium leather for men. Features a timeless quintessential design crafted for versatile everyday elegance. Ideal for ethnic, party occasions. Styled in a classic aesthetic, offering both all-day comfort and trend-forward appeal."
SKU-FOO-2420,Sangria Pastel Pink Women's Leather Heels,footwear,Heels,Sangria,Women,3999,4.4,Beach,Streetwear,Pastel Pink,Leather,"Sangria pastel pink heels crafted from premium leather for women. Features a urban relaxed drape engineered with durable modern textures. Ideal for beach occasions. Styled in a streetwear aesthetic, offering both all-day comfort and trend-forward appeal."
SKU-BOT-2172,Puma Mustard Yellow Women's Linen Chinos,bottomwear,Chinos,Puma,Women,1099,4.3,Beach,Vibrant,Mustard Yellow,Linen,"Puma mustard yellow chinos crafted from premium linen for women. Features a eye-catching high-energy color palette suited for expressive moods. Ideal for beach occasions. Styled in a vibrant aesthetic, offering both all-day comfort and trend-forward appeal."
SKU-ACC-3023,Puma Tan Brown Women's Leather Watches,accessories,Watches,Puma,Women,7299,4.7,Formal,Classic;Streetwear,Tan Brown,Leather,"Puma tan brown watches crafted from premium leather for women. Features a timeless quintessential design crafted for versatile everyday elegance. Ideal for formal occasions. Styled in a classic aesthetic, offering both all-day comfort and trend-forward appeal."
SKU-FOO-2442,Vans Sky Blue Unisex Cotton Sneakers,footwear,Sneakers,Vans,Unisex,2549,4.6,Casual,Streetwear;Vibrant,Sky Blue,Cotton,"Vans sky blue sneakers crafted from premium cotton for all genders. Features a urban relaxed drape engineered with durable modern textures. Ideal for casual occasions. Styled in a streetwear aesthetic, offering both all-day comfort and trend-forward appeal."
SKU-TOP-1406,Puma Mint Green Women's Cotton Blazers,topwear,Blazers,Puma,Women,8549,4.4,Gym;Formal,Classic,Mint Green,Cotton,"Puma mint green blazers crafted from premium cotton for women. Features a timeless quintessential design crafted for versatile everyday elegance. Ideal for gym, formal occasions. Styled in a classic aesthetic, offering both all-day comfort and trend-forward appeal."
SKU-BOT-1758,Mango Maroon Women's Silk Skirts,bottomwear,Skirts,Mango,Women,2299,4.3,Casual;Formal,Vibrant,Maroon,Silk,"Mango maroon skirts crafted from premium silk for women. Features a eye-catching high-energy color palette suited for expressive moods. Ideal for casual, formal occasions. Styled in a vibrant aesthetic, offering both all-day comfort and trend-forward appeal."
SKU-FOO-2363,Puma Olive Green Unisex Polyester Sneakers,footwear,Sneakers,Puma,Unisex,3699,4.2,Gym,Classic,Olive Green,Polyester,"Puma olive green sneakers crafted from premium polyester for all genders. Features a timeless quintessential design crafted for versatile everyday elegance. Ideal for gym occasions. Styled in a classic aesthetic, offering both all-day comfort and trend-forward appeal."
SKU-FOO-2621,Anouk Mustard Yellow Women's Leather Flats,footwear,Flats,Anouk,Women,1549,4.2,Beach,Classic,Mustard Yellow,Leather,"Anouk mustard yellow flats crafted from premium leather for women. Features a timeless quintessential design crafted for versatile everyday elegance. Ideal for beach occasions. Styled in a classic aesthetic, offering both all-day comfort and trend-forward appeal."
SKU-FOO-2612,Bata Burgundy Women's Leather Flats,footwear,Flats,Bata,Women,1749,3.7,Casual,Vibrant;Pastel,Burgundy,Leather,"Bata burgundy flats crafted from premium leather for women. Features a eye-catching high-energy color palette suited for expressive moods. Ideal for casual occasions. Styled in a vibrant aesthetic, offering both all-day comfort and trend-forward appeal."
SKU-ACC-3221,Fossil Lavender Unisex Polyester Sunglasses,accessories,Sunglasses,Fossil,Unisex,2199,4.1,Formal;Party,Streetwear;Vibrant,Lavender,Polyester,"Fossil lavender sunglasses crafted from premium polyester for all genders. Features a urban relaxed drape engineered with durable modern textures. Ideal for formal, party occasions. Styled in a streetwear aesthetic, offering both all-day comfort and trend-forward appeal."
SKU-BOT-1744,Forever 21 Pastel Pink Women's Silk Palazzos,bottomwear,Palazzos,Forever 21,Women,749,4.2,Beach,Pastel,Pastel Pink,Silk,"Forever 21 pastel pink palazzos crafted from premium silk for women. Features a soft muted hues providing a calm, breezy and sophisticated aesthetic. Ideal for beach occasions. Styled in a pastel aesthetic, offering both all-day comfort and trend-forward appeal."
SKU-BOT-1807,Titan Charcoal Grey Men's Cotton Jeans,bottomwear,Jeans,Titan,Men,1849,4.3,Party;Gym,Streetwear,Charcoal Grey,Cotton,"Titan charcoal grey jeans crafted from premium cotton for men. Features a urban relaxed drape engineered with durable modern textures. Ideal for party, gym occasions. Styled in a streetwear aesthetic, offering both all-day comfort and trend-forward appeal."
SKU-ACC-3309,Louis Philippe Charcoal Grey Men's Leather Watches,accessories,Watches,Louis Philippe,Men,2449,4.4,Gym,Streetwear,Charcoal Grey,Leather,"Louis Philippe charcoal grey watches crafted from premium leather for men. Features a urban relaxed drape engineered with durable modern textures. Ideal for gym occasions. Styled in a streetwear aesthetic, offering both all-day comfort and trend-forward appeal."
SKU-FOO-2318,Bata Sky Blue Women's Polyester Heels,footwear,Heels,Bata,Women,2849,4.1,Party,Minimalist,Sky Blue,Polyester,"Bata sky blue heels crafted from premium polyester for women. Features a clean tailored silhouette with subtle contemporary accents. Ideal for party occasions. Styled in a minimalist aesthetic, offering both all-day comfort and trend-forward appeal."
SKU-ACC-2897,Puma Beige Women's Polyester Bags,accessories,Bags,Puma,Women,3849,4.1,Formal,Streetwear,Beige,Polyester,"Puma beige bags crafted from premium polyester for women. Features a urban relaxed drape engineered with durable modern textures. Ideal for formal occasions. Styled in a streetwear aesthetic, offering both all-day comfort and trend-forward appeal."
SKU-FOO-2507,Louis Philippe Lavender Men's Leather Loafers,footwear,Loafers,Louis Philippe,Men,1849,4.4,Gym,Pastel,Lavender,Leather,"Louis Philippe lavender loafers crafted from premium leather for men. Features a soft muted hues providing a calm, breezy and sophisticated aesthetic. Ideal for gym occasions. Styled in a pastel aesthetic, offering both all-day comfort and trend-forward appeal."
SKU-TOP-1149,Tommy Hilfiger Cream Men's Cotton T-Shirts,topwear,T-Shirts,Tommy Hilfiger,Men,849,4.4,Formal;Casual,Minimalist,Cream,Cotton,"Tommy Hilfiger cream t-shirts crafted from premium cotton for men. Features a clean tailored silhouette with subtle contemporary accents. Ideal for formal, casual occasions. Styled in a minimalist aesthetic, offering both all-day comfort and trend-forward appeal."
SKU-ACC-3112,Puma Lavender Unisex Polyester Sunglasses,accessories,Sunglasses,Puma,Unisex,1349,4.1,Ethnic,Classic;Streetwear,Lavender,Polyester,"Puma lavender sunglasses crafted from premium polyester for all genders. Features a timeless quintessential design crafted for versatile everyday elegance. Ideal for ethnic occasions. Styled in a classic aesthetic, offering both all-day comfort and trend-forward appeal."
SKU-FOO-2437,Carlton London Charcoal Grey Women's Leather Sneakers,footwear,Sneakers,Carlton London,Women,6249,4.1,Formal,Pastel,Charcoal Grey,Leather,"Carlton London charcoal grey sneakers crafted from premium leather for women. Features a soft muted hues providing a calm, breezy and sophisticated aesthetic. Ideal for formal occasions. Styled in a pastel aesthetic, offering both all-day comfort and trend-forward appeal."
SKU-BOT-1693,Louis Philippe Sky Blue Men's Denim Jeans,bottomwear,Jeans,Louis Philippe,Men,4049,3.8,Formal;Casual,Vibrant,Sky Blue,Denim,"Louis Philippe sky blue jeans crafted from premium denim for men. Features a eye-catching high-energy color palette suited for expressive moods. Ideal for formal, casual occasions. Styled in a vibrant aesthetic, offering both all-day comfort and trend-forward appeal."
SKU-BOT-1819,Roadster Cream Men's Cotton Jeans,bottomwear,Jeans,Roadster,Men,4299,4.2,Gym,Pastel;Vibrant,Cream,Cotton,"Roadster cream jeans crafted from premium cotton for men. Features a soft muted hues providing a calm, breezy and sophisticated aesthetic. Ideal for gym occasions. Styled in a pastel aesthetic, offering both all-day comfort and trend-forward appeal."
SKU-FOO-2757,Sangria Beige Women's Leather Sneakers,footwear,Sneakers,Sangria,Women,3599,4.2,Casual,Pastel,Beige,Leather,"Sangria beige sneakers crafted from premium leather for women. Features a soft muted hues providing a calm, breezy and sophisticated aesthetic. Ideal for casual occasions. Styled in a pastel aesthetic, offering both all-day comfort and trend-forward appeal."
SKU-FOO-2654,Tommy Hilfiger Sky Blue Men's Polyester Boots,footwear,Boots,Tommy Hilfiger,Men,6899,4.1,Casual,Streetwear,Sky Blue,Polyester,"Tommy Hilfiger sky blue boots crafted from premium polyester for men. Features a urban relaxed drape engineered with durable modern textures. Ideal for casual occasions. Styled in a streetwear aesthetic, offering both all-day comfort and trend-forward appeal."
SKU-FOO-2715,Nike Beige Men's Polyester Boots,footwear,Boots,Nike,Men,1949,4.0,Formal,Classic,Beige,Polyester,"Nike beige boots crafted from premium polyester for men. Features a timeless quintessential design crafted for versatile everyday elegance. Ideal for formal occasions. Styled in a classic aesthetic, offering both all-day comfort and trend-forward appeal."
SKU-BOT-1702,Fossil Sky Blue Women's Linen Chinos,bottomwear,Chinos,Fossil,Women,2049,4.6,Casual,Vibrant,Sky Blue,Linen,"Fossil sky blue chinos crafted from premium linen for women. Features a eye-catching high-energy color palette suited for expressive moods. Ideal for casual occasions. Styled in a vibrant aesthetic, offering both all-day comfort and trend-forward appeal."
SKU-ACC-3212,VERO MODA Charcoal Grey Women's Silk Earrings,accessories,Earrings,VERO MODA,Women,1049,4.4,Gym,Streetwear;Classic,Charcoal Grey,Silk,"VERO MODA charcoal grey earrings crafted from premium silk for women. Features a urban relaxed drape engineered with durable modern textures. Ideal for gym occasions. Styled in a streetwear aesthetic, offering both all-day comfort and trend-forward appeal."
SKU-BOT-1922,Mango Burgundy Women's Polyester Skirts,bottomwear,Skirts,Mango,Women,749,3.8,Casual,Classic,Burgundy,Polyester,"Mango burgundy skirts crafted from premium polyester for women. Features a timeless quintessential design crafted for versatile everyday elegance. Ideal for casual occasions. Styled in a classic aesthetic, offering both all-day comfort and trend-forward appeal."
SKU-BOT-1906,Carlton London Olive Green Women's Polyester Skirts,bottomwear,Skirts,Carlton London,Women,1699,4.2,Formal,Minimalist;Classic,Olive Green,Polyester,"Carlton London olive green skirts crafted from premium polyester for women. Features a clean tailored silhouette with subtle contemporary accents. Ideal for formal occasions. Styled in a minimalist aesthetic, offering both all-day comfort and trend-forward appeal."
SKU-TOP-1455,DressBerry Beige Women's Polyester Blouses,topwear,Blouses,DressBerry,Women,1949,4.0,Party,Streetwear;Pastel,Beige,Polyester,"DressBerry beige blouses crafted from premium polyester for women. Features a urban relaxed drape engineered with durable modern textures. Ideal for party occasions. Styled in a streetwear aesthetic, offering both all-day comfort and trend-forward appeal."
SKU-ACC-3394,Anouk Lavender Women's Polyester Earrings,accessories,Earrings,Anouk,Women,1499,4.0,Gym;Beach,Classic,Lavender,Polyester,"Anouk lavender earrings crafted from premium polyester for women. Features a timeless quintessential design crafted for versatile everyday elegance. Ideal for gym, beach occasions. Styled in a classic aesthetic, offering both all-day comfort and trend-forward appeal."
SKU-FOO-2794,Anouk Burgundy Women's Leather Flats,footwear,Flats,Anouk,Women,1349,4.4,Casual,Minimalist,Burgundy,Leather,"Anouk burgundy flats crafted from premium leather for women. Features a clean tailored silhouette with subtle contemporary accents. Ideal for casual occasions. Styled in a minimalist aesthetic, offering both all-day comfort and trend-forward appeal."
SKU-BOT-2229,Anouk Tan Brown Women's Linen Trousers,bottomwear,Trousers,Anouk,Women,2499,4.5,Beach;Casual,Streetwear,Tan Brown,Linen,"Anouk tan brown trousers crafted from premium linen for women. Features a urban relaxed drape engineered with durable modern textures. Ideal for beach, casual occasions. Styled in a streetwear aesthetic, offering both all-day comfort and trend-forward appeal."
SKU-TOP-1168,Bata Tan Brown Women's Linen Shirts,topwear,Shirts,Bata,Women,2499,4.9,Beach;Formal,Pastel,Tan Brown,Linen,"Bata tan brown shirts crafted from premium linen for women. Features a soft muted hues providing a calm, breezy and sophisticated aesthetic. Ideal for beach, formal occasions. Styled in a pastel aesthetic, offering both all-day comfort and trend-forward appeal."
SKU-BOT-1731,Fossil Charcoal Grey Women's Cotton Palazzos,bottomwear,Palazzos,Fossil,Women,799,4.3,Formal;Ethnic,Classic,Charcoal Grey,Cotton,"Fossil charcoal grey palazzos crafted from premium cotton for women. Features a timeless quintessential design crafted for versatile everyday elegance. Ideal for formal, ethnic occasions. Styled in a classic aesthetic, offering both all-day comfort and trend-forward appeal."
SKU-FOO-2579,Bata Beige Women's Cotton Sneakers,footwear,Sneakers,Bata,Women,3399,3.9,Formal;Party,Streetwear,Beige,Cotton,"Bata beige sneakers crafted from premium cotton for women. Features a urban relaxed drape engineered with durable modern textures. Ideal for formal, party occasions. Styled in a streetwear aesthetic, offering both all-day comfort and trend-forward appeal."
SKU-TOP-1027,Tokyo Talkies Navy Blue Women's Silk Blouses,topwear,Blouses,Tokyo Talkies,Women,749,3.8,Gym,Streetwear;Minimalist,Navy Blue,Silk,"Tokyo Talkies navy blue blouses crafted from premium silk for women. Features a urban relaxed drape engineered with durable modern textures. Ideal for gym occasions. Styled in a streetwear aesthetic, offering both all-day comfort and trend-forward appeal."
SKU-FOO-2345,Forever 21 Maroon Women's Polyester Loafers,footwear,Loafers,Forever 21,Women,1749,4.5,Casual;Party,Minimalist,Maroon,Polyester,"Forever 21 maroon loafers crafted from premium polyester for women. Features a clean tailored silhouette with subtle contemporary accents. Ideal for casual, party occasions. Styled in a minimalist aesthetic, offering both all-day comfort and trend-forward appeal."
SKU-FOO-2524,HRX by Hrithik Roshan Sky Blue Men's Leather Loafers,footwear,Loafers,HRX by Hrithik Roshan,Men,1199,3.9,Ethnic,Streetwear;Classic,Sky Blue,Leather,"HRX by Hrithik Roshan sky blue loafers crafted from premium leather for men. Features a urban relaxed drape engineered with durable modern textures. Ideal for ethnic occasions. Styled in a streetwear aesthetic, offering both all-day comfort and trend-forward appeal."
SKU-BOT-1998,Fossil Tan Brown Women's Polyester Palazzos,bottomwear,Palazzos,Fossil,Women,1049,4.4,Formal,Minimalist,Tan Brown,Polyester,"Fossil tan brown palazzos crafted from premium polyester for women. Features a clean tailored silhouette with subtle contemporary accents. Ideal for formal occasions. Styled in a minimalist aesthetic, offering both all-day comfort and trend-forward appeal."
SKU-BOT-2177,Roadster Charcoal Grey Men's Polyester Trousers,bottomwear,Trousers,Roadster,Men,1399,3.6,Beach;Gym,Pastel,Charcoal Grey,Polyester,"Roadster charcoal grey trousers crafted from premium polyester for men. Features a soft muted hues providing a calm, breezy and sophisticated aesthetic. Ideal for beach, gym occasions. Styled in a pastel aesthetic, offering both all-day comfort and trend-forward appeal."
SKU-BOT-2041,Tommy Hilfiger Maroon Men's Cotton Jeans,bottomwear,Jeans,Tommy Hilfiger,Men,3499,4.8,Casual,Pastel,Maroon,Cotton,"Tommy Hilfiger maroon jeans crafted from premium cotton for men. Features a soft muted hues providing a calm, breezy and sophisticated aesthetic. Ideal for casual occasions. Styled in a pastel aesthetic, offering both all-day comfort and trend-forward appeal."
SKU-FOO-2622,Converse Burgundy Unisex Leather Sneakers,footwear,Sneakers,Converse,Unisex,6899,3.7,Party,Minimalist,Burgundy,Leather,"Converse burgundy sneakers crafted from premium leather for all genders. Features a clean tailored silhouette with subtle contemporary accents. Ideal for party occasions. Styled in a minimalist aesthetic, offering both all-day comfort and trend-forward appeal."
SKU-FOO-2256,Puma Lavender Women's Polyester Loafers,footwear,Loafers,Puma,Women,1749,3.8,Casual,Streetwear,Lavender,Polyester,"Puma lavender loafers crafted from premium polyester for women. Features a urban relaxed drape engineered with durable modern textures. Ideal for casual occasions. Styled in a streetwear aesthetic, offering both all-day comfort and trend-forward appeal."
SKU-ACC-2888,Fossil Lavender Unisex Cotton Bags,accessories,Bags,Fossil,Unisex,3149,4.3,Gym,Pastel;Vibrant,Lavender,Cotton,"Fossil lavender bags crafted from premium cotton for all genders. Features a soft muted hues providing a calm, breezy and sophisticated aesthetic. Ideal for gym occasions. Styled in a pastel aesthetic, offering both all-day comfort and trend-forward appeal."
SKU-TOP-1042,VERO MODA Lavender Women's Polyester Crop Tops,topwear,Crop Tops,VERO MODA,Women,549,4.3,Casual;Ethnic,Classic;Vibrant,Lavender,Polyester,"VERO MODA lavender crop tops crafted from premium polyester for women. Features a timeless quintessential design crafted for versatile everyday elegance. Ideal for casual, ethnic occasions. Styled in a classic aesthetic, offering both all-day comfort and trend-forward appeal."
SKU-BOT-2245,Carlton London Black Women's Linen Chinos,bottomwear,Chinos,Carlton London,Women,2299,4.0,Beach,Streetwear,Black,Linen,"Carlton London black chinos crafted from premium linen for women. Features a urban relaxed drape engineered with durable modern textures. Ideal for beach occasions. Styled in a streetwear aesthetic, offering both all-day comfort and trend-forward appeal."
SKU-FOO-2627,Tommy Hilfiger Sky Blue Men's Polyester Boots,footwear,Boots,Tommy Hilfiger,Men,2249,4.0,Beach,Classic,Sky Blue,Polyester,"Tommy Hilfiger sky blue boots crafted from premium polyester for men. Features a timeless quintessential design crafted for versatile everyday elegance. Ideal for beach occasions. Styled in a classic aesthetic, offering both all-day comfort and trend-forward appeal."
SKU-ACC-3195,Sangria White Women's Leather Watches,accessories,Watches,Sangria,Women,2299,4.3,Casual,Pastel,White,Leather,"Sangria white watches crafted from premium leather for women. Features a soft muted hues providing a calm, breezy and sophisticated aesthetic. Ideal for casual occasions. Styled in a pastel aesthetic, offering both all-day comfort and trend-forward appeal."
SKU-FOO-2376,Sangria Cream Women's Cotton Flats,footwear,Flats,Sangria,Women,1749,4.1,Gym,Streetwear,Cream,Cotton,"Sangria cream flats crafted from premium cotton for women. Features a urban relaxed drape engineered with durable modern textures. Ideal for gym occasions. Styled in a streetwear aesthetic, offering both all-day comfort and trend-forward appeal."
SKU-ACC-2923,Casio Burgundy Unisex Leather Bags,accessories,Bags,Casio,Unisex,3799,3.8,Party;Ethnic,Vibrant,Burgundy,Leather,"Casio burgundy bags crafted from premium leather for all genders. Features a eye-catching high-energy color palette suited for expressive moods. Ideal for party, ethnic occasions. Styled in a vibrant aesthetic, offering both all-day comfort and trend-forward appeal."
SKU-TOP-1610,HRX by Hrithik Roshan Maroon Men's Polyester Blazers,topwear,Blazers,HRX by Hrithik Roshan,Men,7499,4.7,Party;Gym,Minimalist,Maroon,Polyester,"HRX by Hrithik Roshan maroon blazers crafted from premium polyester for men. Features a clean tailored silhouette with subtle contemporary accents. Ideal for party, gym occasions. Styled in a minimalist aesthetic, offering both all-day comfort and trend-forward appeal."
SKU-BOT-2133,Puma Sky Blue Men's Cotton Jeans,bottomwear,Jeans,Puma,Men,3199,4.8,Ethnic,Classic;Pastel,Sky Blue,Cotton,"Puma sky blue jeans crafted from premium cotton for men. Features a timeless quintessential design crafted for versatile everyday elegance. Ideal for ethnic occasions. Styled in a classic aesthetic, offering both all-day comfort and trend-forward appeal."
SKU-ACC-3003,Mango White Women's Polyester Earrings,accessories,Earrings,Mango,Women,1149,3.9,Formal;Ethnic,Streetwear;Vibrant,White,Polyester,"Mango white earrings crafted from premium polyester for women. Features a urban relaxed drape engineered with durable modern textures. Ideal for formal, ethnic occasions. Styled in a streetwear aesthetic, offering both all-day comfort and trend-forward appeal."
SKU-TOP-1442,Forever 21 Charcoal Grey Women's Polyester Crop Tops,topwear,Crop Tops,Forever 21,Women,899,4.2,Party,Pastel;Streetwear,Charcoal Grey,Polyester,"Forever 21 charcoal grey crop tops crafted from premium polyester for women. Features a soft muted hues providing a calm, breezy and sophisticated aesthetic. Ideal for party occasions. Styled in a pastel aesthetic, offering both all-day comfort and trend-forward appeal."
SKU-FOO-2353,Puma Black Women's Polyester Heels,footwear,Heels,Puma,Women,4649,4.4,Formal;Beach,Streetwear,Black,Polyester,"Puma black heels crafted from premium polyester for women. Features a urban relaxed drape engineered with durable modern textures. Ideal for formal, beach occasions. Styled in a streetwear aesthetic, offering both all-day comfort and trend-forward appeal."
SKU-ACC-2943,Puma Beige Women's Polyester Sunglasses,accessories,Sunglasses,Puma,Women,1199,4.3,Casual;Ethnic,Classic,Beige,Polyester,"Puma beige sunglasses crafted from premium polyester for women. Features a timeless quintessential design crafted for versatile everyday elegance. Ideal for casual, ethnic occasions. Styled in a classic aesthetic, offering both all-day comfort and trend-forward appeal."
SKU-TOP-1494,Forever 21 Charcoal Grey Women's Polyester Blouses,topwear,Blouses,Forever 21,Women,1949,3.9,Party;Beach,Minimalist,Charcoal Grey,Polyester,"Forever 21 charcoal grey blouses crafted from premium polyester for women. Features a clean tailored silhouette with subtle contemporary accents. Ideal for party, beach occasions. Styled in a minimalist aesthetic, offering both all-day comfort and trend-forward appeal."
SKU-ACC-2976,ONLY Tan Brown Women's Polyester Earrings,accessories,Earrings,ONLY,Women,1749,4.1,Party,Pastel;Classic,Tan Brown,Polyester,"ONLY tan brown earrings crafted from premium polyester for women. Features a soft muted hues providing a calm, breezy and sophisticated aesthetic. Ideal for party occasions. Styled in a pastel aesthetic, offering both all-day comfort and trend-forward appeal."
SKU-TOP-1237,Forever 21 White Women's Cotton Blouses,topwear,Blouses,Forever 21,Women,649,3.5,Casual;Gym,Streetwear;Vibrant,White,Cotton,"Forever 21 white blouses crafted from premium cotton for women. Features a urban relaxed drape engineered with durable modern textures. Ideal for casual, gym occasions. Styled in a streetwear aesthetic, offering both all-day comfort and trend-forward appeal."
SKU-TOP-1552,VERO MODA Terracotta Women's Polyester Crop Tops,topwear,Crop Tops,VERO MODA,Women,1349,4.1,Beach,Vibrant,Terracotta,Polyester,"VERO MODA terracotta crop tops crafted from premium polyester for women. Features a eye-catching high-energy color palette suited for expressive moods. Ideal for beach occasions. Styled in a vibrant aesthetic, offering both all-day comfort and trend-forward appeal."
SKU-TOP-1521,DressBerry White Women's Polyester Crop Tops,topwear,Crop Tops,DressBerry,Women,1199,3.6,Party,Classic,White,Polyester,"DressBerry white crop tops crafted from premium polyester for women. Features a timeless quintessential design crafted for versatile everyday elegance. Ideal for party occasions. Styled in a classic aesthetic, offering both all-day comfort and trend-forward appeal."
SKU-ACC-3297,Tokyo Talkies Lavender Women's Leather Watches,accessories,Watches,Tokyo Talkies,Women,5699,4.3,Casual;Ethnic,Minimalist,Lavender,Leather,"Tokyo Talkies lavender watches crafted from premium leather for women. Features a clean tailored silhouette with subtle contemporary accents. Ideal for casual, ethnic occasions. Styled in a minimalist aesthetic, offering both all-day comfort and trend-forward appeal."
SKU-BOT-2233,DressBerry Pastel Pink Women's Linen Chinos,bottomwear,Chinos,DressBerry,Women,3099,4.2,Gym;Casual,Pastel,Pastel Pink,Linen,"DressBerry pastel pink chinos crafted from premium linen for women. Features a soft muted hues providing a calm, breezy and sophisticated aesthetic. Ideal for gym, casual occasions. Styled in a pastel aesthetic, offering both all-day comfort and trend-forward appeal."
SKU-BOT-2139,Sangria Olive Green Women's Polyester Palazzos,bottomwear,Palazzos,Sangria,Women,699,4.4,Ethnic,Classic;Pastel,Olive Green,Polyester,"Sangria olive green palazzos crafted from premium polyester for women. Features a timeless quintessential design crafted for versatile everyday elegance. Ideal for ethnic occasions. Styled in a classic aesthetic, offering both all-day comfort and trend-forward appeal."
SKU-BOT-1721,Tommy Hilfiger Terracotta Men's Linen Chinos,bottomwear,Chinos,Tommy Hilfiger,Men,1899,4.3,Formal;Party,Pastel,Terracotta,Linen,"Tommy Hilfiger terracotta chinos crafted from premium linen for men. Features a soft muted hues providing a calm, breezy and sophisticated aesthetic. Ideal for formal, party occasions. Styled in a pastel aesthetic, offering both all-day comfort and trend-forward appeal."
SKU-ACC-2908,Mango Beige Women's Leather Bags,accessories,Bags,Mango,Women,1849,3.8,Beach,Vibrant,Beige,Leather,"Mango beige bags crafted from premium leather for women. Features a eye-catching high-energy color palette suited for expressive moods. Ideal for beach occasions. Styled in a vibrant aesthetic, offering both all-day comfort and trend-forward appeal."
SKU-ACC-3209,Fastrack Lavender Unisex Polyester Sunglasses,accessories,Sunglasses,Fastrack,Unisex,3449,4.1,Beach,Streetwear,Lavender,Polyester,"Fastrack lavender sunglasses crafted from premium polyester for all genders. Features a urban relaxed drape engineered with durable modern textures. Ideal for beach occasions. Styled in a streetwear aesthetic, offering both all-day comfort and trend-forward appeal."
SKU-TOP-1059,Nike White Unisex Cotton T-Shirts,topwear,T-Shirts,Nike,Unisex,899,4.3,Casual,Vibrant,White,Cotton,"Nike white t-shirts crafted from premium cotton for all genders. Features a eye-catching high-energy color palette suited for expressive moods. Ideal for casual occasions. Styled in a vibrant aesthetic, offering both all-day comfort and trend-forward appeal."
SKU-BOT-1632,DressBerry Black Women's Denim Jeans,bottomwear,Jeans,DressBerry,Women,1749,4.7,Gym;Ethnic,Streetwear;Classic,Black,Denim,"DressBerry black jeans crafted from premium denim for women. Features a urban relaxed drape engineered with durable modern textures. Ideal for gym, ethnic occasions. Styled in a streetwear aesthetic, offering both all-day comfort and trend-forward appeal."
SKU-BOT-2182,Sangria Burgundy Women's Cotton Jeans,bottomwear,Jeans,Sangria,Women,2949,4.7,Gym,Vibrant,Burgundy,Cotton,"Sangria burgundy jeans crafted from premium cotton for women. Features a eye-catching high-energy color palette suited for expressive moods. Ideal for gym occasions. Styled in a vibrant aesthetic, offering both all-day comfort and trend-forward appeal."
SKU-FOO-2645,DressBerry Burgundy Women's Polyester Heels,footwear,Heels,DressBerry,Women,5399,3.8,Casual;Formal,Minimalist,Burgundy,Polyester,"DressBerry burgundy heels crafted from premium polyester for women. Features a clean tailored silhouette with subtle contemporary accents. Ideal for casual, formal occasions. Styled in a minimalist aesthetic, offering both all-day comfort and trend-forward appeal."
SKU-TOP-1593,WROGN Terracotta Men's Linen Kurtas,topwear,Kurtas,WROGN,Men,3199,4.4,Party,Streetwear;Classic,Terracotta,Linen,"WROGN terracotta kurtas crafted from premium linen for men. Features a urban relaxed drape engineered with durable modern textures. Ideal for party occasions. Styled in a streetwear aesthetic, offering both all-day comfort and trend-forward appeal."
SKU-ACC-3177,Fastrack Mustard Yellow Unisex Leather Watches,accessories,Watches,Fastrack,Unisex,2449,3.6,Casual;Party,Classic,Mustard Yellow,Leather,"Fastrack mustard yellow watches crafted from premium leather for all genders. Features a timeless quintessential design crafted for versatile everyday elegance. Ideal for casual, party occasions. Styled in a classic aesthetic, offering both all-day comfort and trend-forward appeal."
SKU-BOT-1940,HRX by Hrithik Roshan Mustard Yellow Men's Denim Jeans,bottomwear,Jeans,HRX by Hrithik Roshan,Men,1699,4.0,Casual,Classic;Streetwear,Mustard Yellow,Denim,"HRX by Hrithik Roshan mustard yellow jeans crafted from premium denim for men. Features a timeless quintessential design crafted for versatile everyday elegance. Ideal for casual occasions. Styled in a classic aesthetic, offering both all-day comfort and trend-forward appeal."
SKU-ACC-3326,HIGHLANDER Cream Men's Polyester Sunglasses,accessories,Sunglasses,HIGHLANDER,Men,999,4.4,Party;Formal,Vibrant;Streetwear,Cream,Polyester,"HIGHLANDER cream sunglasses crafted from premium polyester for men. Features a eye-catching high-energy color palette suited for expressive moods. Ideal for party, formal occasions. Styled in a vibrant aesthetic, offering both all-day comfort and trend-forward appeal."
SKU-BOT-2250,Anouk Pastel Pink Women's Cotton Jeans,bottomwear,Jeans,Anouk,Women,3249,3.7,Formal,Classic,Pastel Pink,Cotton,"Anouk pastel pink jeans crafted from premium cotton for women. Features a timeless quintessential design crafted for versatile everyday elegance. Ideal for formal occasions. Styled in a classic aesthetic, offering both all-day comfort and trend-forward appeal."
SKU-BOT-1905,Titan Beige Men's Cotton Chinos,bottomwear,Chinos,Titan,Men,1399,4.3,Casual,Classic,Beige,Cotton,"Titan beige chinos crafted from premium cotton for men. Features a timeless quintessential design crafted for versatile everyday elegance. Ideal for casual occasions. Styled in a classic aesthetic, offering both all-day comfort and trend-forward appeal."
SKU-ACC-2947,Peter England Sky Blue Men's Polyester Sunglasses,accessories,Sunglasses,Peter England,Men,699,4.3,Beach,Vibrant,Sky Blue,Polyester,"Peter England sky blue sunglasses crafted from premium polyester for men. Features a eye-catching high-energy color palette suited for expressive moods. Ideal for beach occasions. Styled in a vibrant aesthetic, offering both all-day comfort and trend-forward appeal."
SKU-ACC-3399,Louis Philippe Sky Blue Men's Leather Belts,accessories,Belts,Louis Philippe,Men,399,4.3,Party,Pastel,Sky Blue,Leather,"Louis Philippe sky blue belts crafted from premium leather for men. Features a soft muted hues providing a calm, breezy and sophisticated aesthetic. Ideal for party occasions. Styled in a pastel aesthetic, offering both all-day comfort and trend-forward appeal."
SKU-ACC-3014,Forever 21 Maroon Women's Silk Earrings,accessories,Earrings,Forever 21,Women,1649,3.9,Party;Formal,Streetwear;Classic,Maroon,Silk,"Forever 21 maroon earrings crafted from premium silk for women. Features a urban relaxed drape engineered with durable modern textures. Ideal for party, formal occasions. Styled in a streetwear aesthetic, offering both all-day comfort and trend-forward appeal."
SKU-FOO-2423,Roadster Sky Blue Men's Polyester Loafers,footwear,Loafers,Roadster,Men,1799,4.1,Formal,Streetwear,Sky Blue,Polyester,"Roadster sky blue loafers crafted from premium polyester for men. Features a urban relaxed drape engineered with durable modern textures. Ideal for formal occasions. Styled in a streetwear aesthetic, offering both all-day comfort and trend-forward appeal."
SKU-ACC-2996,Tokyo Talkies Mustard Yellow Women's Leather Bags,accessories,Bags,Tokyo Talkies,Women,2599,4.6,Beach,Minimalist,Mustard Yellow,Leather,"Tokyo Talkies mustard yellow bags crafted from premium leather for women. Features a clean tailored silhouette with subtle contemporary accents. Ideal for beach occasions. Styled in a minimalist aesthetic, offering both all-day comfort and trend-forward appeal."
SKU-ACC-2912,Fastrack Navy Blue Unisex Polyester Watches,accessories,Watches,Fastrack,Unisex,7099,4.9,Gym;Casual,Streetwear,Navy Blue,Polyester,"Fastrack navy blue watches crafted from premium polyester for all genders. Features a urban relaxed drape engineered with durable modern textures. Ideal for gym, casual occasions. Styled in a streetwear aesthetic, offering both all-day comfort and trend-forward appeal."
SKU-BOT-1707,Puma Lavender Women's Polyester Skirts,bottomwear,Skirts,Puma,Women,2749,3.8,Gym,Classic,Lavender,Polyester,"Puma lavender skirts crafted from premium polyester for women. Features a timeless quintessential design crafted for versatile everyday elegance. Ideal for gym occasions. Styled in a classic aesthetic, offering both all-day comfort and trend-forward appeal."
SKU-BOT-2023,Anouk Burgundy Women's Denim Jeans,bottomwear,Jeans,Anouk,Women,1149,4.2,Formal,Classic,Burgundy,Denim,"Anouk burgundy jeans crafted from premium denim for women. Features a timeless quintessential design crafted for versatile everyday elegance. Ideal for formal occasions. Styled in a classic aesthetic, offering both all-day comfort and trend-forward appeal."
SKU-BOT-1746,Puma Cream Women's Cotton Jeans,bottomwear,Jeans,Puma,Women,3549,3.9,Ethnic;Casual,Minimalist,Cream,Cotton,"Puma cream jeans crafted from premium cotton for women. Features a clean tailored silhouette with subtle contemporary accents. Ideal for ethnic, casual occasions. Styled in a minimalist aesthetic, offering both all-day comfort and trend-forward appeal."
SKU-FOO-2830,VERO MODA White Women's Leather Heels,footwear,Heels,VERO MODA,Women,5499,4.2,Gym;Casual,Classic,White,Leather,"VERO MODA white heels crafted from premium leather for women. Features a timeless quintessential design crafted for versatile everyday elegance. Ideal for gym, casual occasions. Styled in a classic aesthetic, offering both all-day comfort and trend-forward appeal."
SKU-FOO-2713,Carlton London Mint Green Women's Leather Loafers,footwear,Loafers,Carlton London,Women,1249,3.4,Party;Formal,Minimalist,Mint Green,Leather,"Carlton London mint green loafers crafted from premium leather for women. Features a clean tailored silhouette with subtle contemporary accents. Ideal for party, formal occasions. Styled in a minimalist aesthetic, offering both all-day comfort and trend-forward appeal."
SKU-TOP-1514,Nike Charcoal Grey Men's Cotton Blazers,topwear,Blazers,Nike,Men,2849,3.9,Party;Casual,Classic;Minimalist,Charcoal Grey,Cotton,"Nike charcoal grey blazers crafted from premium cotton for men. Features a timeless quintessential design crafted for versatile everyday elegance. Ideal for party, casual occasions. Styled in a classic aesthetic, offering both all-day comfort and trend-forward appeal."
SKU-TOP-1082,WROGN Black Men's Silk Shirts,topwear,Shirts,WROGN,Men,1799,4.3,Formal,Streetwear,Black,Silk,"WROGN black shirts crafted from premium silk for men. Features a urban relaxed drape engineered with durable modern textures. Ideal for formal occasions. Styled in a streetwear aesthetic, offering both all-day comfort and trend-forward appeal."
SKU-ACC-3216,Fossil Olive Green Women's Polyester Belts,accessories,Belts,Fossil,Women,599,4.3,Casual,Vibrant;Pastel,Olive Green,Polyester,"Fossil olive green belts crafted from premium polyester for women. Features a eye-catching high-energy color palette suited for expressive moods. Ideal for casual occasions. Styled in a vibrant aesthetic, offering both all-day comfort and trend-forward appeal."
SKU-BOT-1915,Mast & Harbour Cream Men's Polyester Trousers,bottomwear,Trousers,Mast & Harbour,Men,2499,4.2,Gym,Vibrant;Minimalist,Cream,Polyester,"Mast & Harbour cream trousers crafted from premium polyester for men. Features a eye-catching high-energy color palette suited for expressive moods. Ideal for gym occasions. Styled in a vibrant aesthetic, offering both all-day comfort and trend-forward appeal."
SKU-ACC-3302,Fastrack Black Unisex Leather Watches,accessories,Watches,Fastrack,Unisex,6599,3.9,Casual,Vibrant,Black,Leather,"Fastrack black watches crafted from premium leather for all genders. Features a eye-catching high-energy color palette suited for expressive moods. Ideal for casual occasions. Styled in a vibrant aesthetic, offering both all-day comfort and trend-forward appeal."
SKU-FOO-2818,Anouk Terracotta Women's Polyester Heels,footwear,Heels,Anouk,Women,2449,3.9,Beach;Casual,Minimalist,Terracotta,Polyester,"Anouk terracotta heels crafted from premium polyester for women. Features a clean tailored silhouette with subtle contemporary accents. Ideal for beach, casual occasions. Styled in a minimalist aesthetic, offering both all-day comfort and trend-forward appeal."
SKU-TOP-1151,Roadster White Unisex Polyester T-Shirts,topwear,T-Shirts,Roadster,Unisex,1149,4.3,Formal;Beach,Streetwear,White,Polyester,"Roadster white t-shirts crafted from premium polyester for all genders. Features a urban relaxed drape engineered with durable modern textures. Ideal for formal, beach occasions. Styled in a streetwear aesthetic, offering both all-day comfort and trend-forward appeal."
SKU-BOT-1775,Sangria Beige Women's Linen Trousers,bottomwear,Trousers,Sangria,Women,2599,4.4,Beach;Ethnic,Pastel;Minimalist,Beige,Linen,"Sangria beige trousers crafted from premium linen for women. Features a soft muted hues providing a calm, breezy and sophisticated aesthetic. Ideal for beach, ethnic occasions. Styled in a pastel aesthetic, offering both all-day comfort and trend-forward appeal."
SKU-TOP-1330,Roadster Mustard Yellow Men's Silk Shirts,topwear,Shirts,Roadster,Men,1599,4.4,Beach,Classic,Mustard Yellow,Silk,"Roadster mustard yellow shirts crafted from premium silk for men. Features a timeless quintessential design crafted for versatile everyday elegance. Ideal for beach occasions. Styled in a classic aesthetic, offering both all-day comfort and trend-forward appeal."
SKU-TOP-1007,Anouk Maroon Women's Polyester Blouses,topwear,Blouses,Anouk,Women,1049,4.8,Gym;Casual,Vibrant,Maroon,Polyester,"Anouk maroon blouses crafted from premium polyester for women. Features a eye-catching high-energy color palette suited for expressive moods. Ideal for gym, casual occasions. Styled in a vibrant aesthetic, offering both all-day comfort and trend-forward appeal."
SKU-BOT-1944,Tokyo Talkies Terracotta Women's Linen Trousers,bottomwear,Trousers,Tokyo Talkies,Women,2449,4.2,Casual,Vibrant,Terracotta,Linen,"Tokyo Talkies terracotta trousers crafted from premium linen for women. Features a eye-catching high-energy color palette suited for expressive moods. Ideal for casual occasions. Styled in a vibrant aesthetic, offering both all-day comfort and trend-forward appeal."
SKU-FOO-2595,Titan Burgundy Men's Cotton Sneakers,footwear,Sneakers,Titan,Men,3649,3.4,Casual,Vibrant;Pastel,Burgundy,Cotton,"Titan burgundy sneakers crafted from premium cotton for men. Features a eye-catching high-energy color palette suited for expressive moods. Ideal for casual occasions. Styled in a vibrant aesthetic, offering both all-day comfort and trend-forward appeal."
SKU-BOT-1735,Peter England Beige Men's Cotton Jeans,bottomwear,Jeans,Peter England,Men,3849,4.6,Formal,Streetwear;Pastel,Beige,Cotton,"Peter England beige jeans crafted from premium cotton for men. Features a urban relaxed drape engineered with durable modern textures. Ideal for formal occasions. Styled in a streetwear aesthetic, offering both all-day comfort and trend-forward appeal."
SKU-BOT-1910,Nike Maroon Men's Cotton Trousers,bottomwear,Trousers,Nike,Men,2199,4.9,Ethnic;Casual,Classic,Maroon,Cotton,"Nike maroon trousers crafted from premium cotton for men. Features a timeless quintessential design crafted for versatile everyday elegance. Ideal for ethnic, casual occasions. Styled in a classic aesthetic, offering both all-day comfort and trend-forward appeal."
SKU-TOP-1469,Carlton London Mint Green Women's Polyester Crop Tops,topwear,Crop Tops,Carlton London,Women,899,4.0,Party;Formal,Vibrant;Streetwear,Mint Green,Polyester,"Carlton London mint green crop tops crafted from premium polyester for women. Features a eye-catching high-energy color palette suited for expressive moods. Ideal for party, formal occasions. Styled in a vibrant aesthetic, offering both all-day comfort and trend-forward appeal."
SKU-TOP-1182,HRX by Hrithik Roshan White Men's Silk Shirts,topwear,Shirts,HRX by Hrithik Roshan,Men,1799,3.9,Ethnic;Beach,Minimalist,White,Silk,"HRX by Hrithik Roshan white shirts crafted from premium silk for men. Features a clean tailored silhouette with subtle contemporary accents. Ideal for ethnic, beach occasions. Styled in a minimalist aesthetic, offering both all-day comfort and trend-forward appeal."
SKU-TOP-1165,Fossil Lavender Men's Silk Kurtas,topwear,Kurtas,Fossil,Men,2249,4.5,Casual;Party,Pastel,Lavender,Silk,"Fossil lavender kurtas crafted from premium silk for men. Features a soft muted hues providing a calm, breezy and sophisticated aesthetic. Ideal for casual, party occasions. Styled in a pastel aesthetic, offering both all-day comfort and trend-forward appeal."
SKU-TOP-1452,Sangria Cream Women's Linen Shirts,topwear,Shirts,Sangria,Women,2149,4.5,Gym,Classic;Minimalist,Cream,Linen,"Sangria cream shirts crafted from premium linen for women. Features a timeless quintessential design crafted for versatile everyday elegance. Ideal for gym occasions. Styled in a classic aesthetic, offering both all-day comfort and trend-forward appeal."
SKU-TOP-1491,Tokyo Talkies Black Women's Cotton T-Shirts,topwear,T-Shirts,Tokyo Talkies,Women,1099,4.2,Ethnic,Streetwear,Black,Cotton,"Tokyo Talkies black t-shirts crafted from premium cotton for women. Features a urban relaxed drape engineered with durable modern textures. Ideal for ethnic occasions. Styled in a streetwear aesthetic, offering both all-day comfort and trend-forward appeal."
SKU-ACC-2917,Casio Charcoal Grey Unisex Polyester Sunglasses,accessories,Sunglasses,Casio,Unisex,3199,3.9,Beach,Vibrant,Charcoal Grey,Polyester,"Casio charcoal grey sunglasses crafted from premium polyester for all genders. Features a eye-catching high-energy color palette suited for expressive moods. Ideal for beach occasions. Styled in a vibrant aesthetic, offering both all-day comfort and trend-forward appeal."
SKU-BOT-2144,ONLY Maroon Women's Cotton Palazzos,bottomwear,Palazzos,ONLY,Women,1349,4.2,Casual;Formal,Minimalist,Maroon,Cotton,"ONLY maroon palazzos crafted from premium cotton for women. Features a clean tailored silhouette with subtle contemporary accents. Ideal for casual, formal occasions. Styled in a minimalist aesthetic, offering both all-day comfort and trend-forward appeal."
SKU-FOO-2698,Nike Burgundy Men's Polyester Loafers,footwear,Loafers,Nike,Men,2749,4.0,Ethnic;Casual,Streetwear;Classic,Burgundy,Polyester,"Nike burgundy loafers crafted from premium polyester for men. Features a urban relaxed drape engineered with durable modern textures. Ideal for ethnic, casual occasions. Styled in a streetwear aesthetic, offering both all-day comfort and trend-forward appeal."
SKU-BOT-2112,Tommy Hilfiger Terracotta Men's Polyester Trousers,bottomwear,Trousers,Tommy Hilfiger,Men,3149,4.3,Party;Formal,Classic,Terracotta,Polyester,"Tommy Hilfiger terracotta trousers crafted from premium polyester for men. Features a timeless quintessential design crafted for versatile everyday elegance. Ideal for party, formal occasions. Styled in a classic aesthetic, offering both all-day comfort and trend-forward appeal."
SKU-ACC-3381,Louis Philippe Sky Blue Men's Polyester Belts,accessories,Belts,Louis Philippe,Men,1899,3.9,Beach,Classic,Sky Blue,Polyester,"Louis Philippe sky blue belts crafted from premium polyester for men. Features a timeless quintessential design crafted for versatile everyday elegance. Ideal for beach occasions. Styled in a classic aesthetic, offering both all-day comfort and trend-forward appeal."
SKU-FOO-2476,Puma Mint Green Women's Leather Flats,footwear,Flats,Puma,Women,1749,4.4,Casual;Party,Streetwear,Mint Green,Leather,"Puma mint green flats crafted from premium leather for women. Features a urban relaxed drape engineered with durable modern textures. Ideal for casual, party occasions. Styled in a streetwear aesthetic, offering both all-day comfort and trend-forward appeal."
SKU-FOO-2488,HIGHLANDER Beige Men's Polyester Boots,footwear,Boots,HIGHLANDER,Men,3899,3.6,Formal;Gym,Streetwear,Beige,Polyester,"HIGHLANDER beige boots crafted from premium polyester for men. Features a urban relaxed drape engineered with durable modern textures. Ideal for formal, gym occasions. Styled in a streetwear aesthetic, offering both all-day comfort and trend-forward appeal."
SKU-FOO-2714,Tokyo Talkies Maroon Women's Leather Heels,footwear,Heels,Tokyo Talkies,Women,4849,4.5,Ethnic,Minimalist;Streetwear,Maroon,Leather,"Tokyo Talkies maroon heels crafted from premium leather for women. Features a clean tailored silhouette with subtle contemporary accents. Ideal for ethnic occasions. Styled in a minimalist aesthetic, offering both all-day comfort and trend-forward appeal."
SKU-FOO-2821,HIGHLANDER Beige Men's Leather Boots,footwear,Boots,HIGHLANDER,Men,7399,4.2,Formal,Pastel,Beige,Leather,"HIGHLANDER beige boots crafted from premium leather for men. Features a soft muted hues providing a calm, breezy and sophisticated aesthetic. Ideal for formal occasions. Styled in a pastel aesthetic, offering both all-day comfort and trend-forward appeal."
SKU-ACC-3080,Bata Cream Women's Polyester Sunglasses,accessories,Sunglasses,Bata,Women,1699,4.0,Beach,Streetwear,Cream,Polyester,"Bata cream sunglasses crafted from premium polyester for women. Features a urban relaxed drape engineered with durable modern textures. Ideal for beach occasions. Styled in a streetwear aesthetic, offering both all-day comfort and trend-forward appeal."
SKU-FOO-2850,Puma Maroon Women's Polyester Loafers,footwear,Loafers,Puma,Women,4699,4.3,Ethnic;Gym,Vibrant,Maroon,Polyester,"Puma maroon loafers crafted from premium polyester for women. Features a eye-catching high-energy color palette suited for expressive moods. Ideal for ethnic, gym occasions. Styled in a vibrant aesthetic, offering both all-day comfort and trend-forward appeal."
SKU-FOO-2733,Bata Navy Blue Women's Cotton Flats,footwear,Flats,Bata,Women,999,4.2,Formal,Vibrant,Navy Blue,Cotton,"Bata navy blue flats crafted from premium cotton for women. Features a eye-catching high-energy color palette suited for expressive moods. Ideal for formal occasions. Styled in a vibrant aesthetic, offering both all-day comfort and trend-forward appeal."
SKU-FOO-2793,HIGHLANDER Sky Blue Men's Leather Boots,footwear,Boots,HIGHLANDER,Men,6949,4.1,Beach,Pastel,Sky Blue,Leather,"HIGHLANDER sky blue boots crafted from premium leather for men. Features a soft muted hues providing a calm, breezy and sophisticated aesthetic. Ideal for beach occasions. Styled in a pastel aesthetic, offering both all-day comfort and trend-forward appeal."
SKU-TOP-1328,Sangria Sky Blue Women's Polyester Crop Tops,topwear,Crop Tops,Sangria,Women,799,4.5,Ethnic,Pastel,Sky Blue,Polyester,"Sangria sky blue crop tops crafted from premium polyester for women. Features a soft muted hues providing a calm, breezy and sophisticated aesthetic. Ideal for ethnic occasions. Styled in a pastel aesthetic, offering both all-day comfort and trend-forward appeal."
SKU-TOP-1443,Forever 21 Beige Women's Polyester Blouses,topwear,Blouses,Forever 21,Women,949,3.5,Ethnic,Vibrant,Beige,Polyester,"Forever 21 beige blouses crafted from premium polyester for women. Features a eye-catching high-energy color palette suited for expressive moods. Ideal for ethnic occasions. Styled in a vibrant aesthetic, offering both all-day comfort and trend-forward appeal."
SKU-FOO-2593,VERO MODA Sky Blue Women's Polyester Heels,footwear,Heels,VERO MODA,Women,4749,4.4,Gym;Formal,Pastel,Sky Blue,Polyester,"VERO MODA sky blue heels crafted from premium polyester for women. Features a soft muted hues providing a calm, breezy and sophisticated aesthetic. Ideal for gym, formal occasions. Styled in a pastel aesthetic, offering both all-day comfort and trend-forward appeal."
SKU-FOO-2382,Mango Pastel Pink Women's Polyester Loafers,footwear,Loafers,Mango,Women,3099,4.0,Gym,Streetwear,Pastel Pink,Polyester,"Mango pastel pink loafers crafted from premium polyester for women. Features a urban relaxed drape engineered with durable modern textures. Ideal for gym occasions. Styled in a streetwear aesthetic, offering both all-day comfort and trend-forward appeal."
SKU-BOT-1833,Roadster Lavender Men's Cotton Chinos,bottomwear,Chinos,Roadster,Men,2049,3.8,Party,Pastel;Vibrant,Lavender,Cotton,"Roadster lavender chinos crafted from premium cotton for men. Features a soft muted hues providing a calm, breezy and sophisticated aesthetic. Ideal for party occasions. Styled in a pastel aesthetic, offering both all-day comfort and trend-forward appeal."
SKU-ACC-3468,Sangria Navy Blue Women's Polyester Watches,accessories,Watches,Sangria,Women,2249,4.2,Party;Formal,Classic,Navy Blue,Polyester,"Sangria navy blue watches crafted from premium polyester for women. Features a timeless quintessential design crafted for versatile everyday elegance. Ideal for party, formal occasions. Styled in a classic aesthetic, offering both all-day comfort and trend-forward appeal."
SKU-ACC-2892,Sangria Mustard Yellow Women's Polyester Earrings,accessories,Earrings,Sangria,Women,1099,4.2,Casual;Gym,Minimalist;Classic,Mustard Yellow,Polyester,"Sangria mustard yellow earrings crafted from premium polyester for women. Features a clean tailored silhouette with subtle contemporary accents. Ideal for casual, gym occasions. Styled in a minimalist aesthetic, offering both all-day comfort and trend-forward appeal."
SKU-FOO-2311,Roadster Maroon Men's Leather Loafers,footwear,Loafers,Roadster,Men,1599,4.2,Casual,Streetwear,Maroon,Leather,"Roadster maroon loafers crafted from premium leather for men. Features a urban relaxed drape engineered with durable modern textures. Ideal for casual occasions. Styled in a streetwear aesthetic, offering both all-day comfort and trend-forward appeal."
SKU-TOP-1087,Mango Burgundy Women's Polyester Crop Tops,topwear,Crop Tops,Mango,Women,699,4.5,Gym,Vibrant,Burgundy,Polyester,"Mango burgundy crop tops crafted from premium polyester for women. Features a eye-catching high-energy color palette suited for expressive moods. Ideal for gym occasions. Styled in a vibrant aesthetic, offering both all-day comfort and trend-forward appeal."
SKU-ACC-3441,Louis Philippe Terracotta Men's Polyester Watches,accessories,Watches,Louis Philippe,Men,8149,4.8,Beach,Vibrant,Terracotta,Polyester,"Louis Philippe terracotta watches crafted from premium polyester for men. Features a eye-catching high-energy color palette suited for expressive moods. Ideal for beach occasions. Styled in a vibrant aesthetic, offering both all-day comfort and trend-forward appeal."
SKU-BOT-1778,HIGHLANDER Beige Men's Linen Chinos,bottomwear,Chinos,HIGHLANDER,Men,2749,4.1,Ethnic;Gym,Streetwear;Pastel,Beige,Linen,"HIGHLANDER beige chinos crafted from premium linen for men. Features a urban relaxed drape engineered with durable modern textures. Ideal for ethnic, gym occasions. Styled in a streetwear aesthetic, offering both all-day comfort and trend-forward appeal."
SKU-ACC-3427,Casio Burgundy Unisex Polyester Bags,accessories,Bags,Casio,Unisex,2499,4.4,Formal,Streetwear;Classic,Burgundy,Polyester,"Casio burgundy bags crafted from premium polyester for all genders. Features a urban relaxed drape engineered with durable modern textures. Ideal for formal occasions. Styled in a streetwear aesthetic, offering both all-day comfort and trend-forward appeal."
SKU-TOP-1055,VERO MODA Mustard Yellow Women's Silk Kurtas,topwear,Kurtas,VERO MODA,Women,1699,4.6,Beach,Pastel,Mustard Yellow,Silk,"VERO MODA mustard yellow kurtas crafted from premium silk for women. Features a soft muted hues providing a calm, breezy and sophisticated aesthetic. Ideal for beach occasions. Styled in a pastel aesthetic, offering both all-day comfort and trend-forward appeal."
SKU-ACC-2876,HIGHLANDER Burgundy Men's Cotton Bags,accessories,Bags,HIGHLANDER,Men,3999,4.7,Gym,Minimalist,Burgundy,Cotton,"HIGHLANDER burgundy bags crafted from premium cotton for men. Features a clean tailored silhouette with subtle contemporary accents. Ideal for gym occasions. Styled in a minimalist aesthetic, offering both all-day comfort and trend-forward appeal."
SKU-FOO-2288,Mango Olive Green Women's Polyester Heels,footwear,Heels,Mango,Women,2199,4.4,Casual;Party,Streetwear;Vibrant,Olive Green,Polyester,"Mango olive green heels crafted from premium polyester for women. Features a urban relaxed drape engineered with durable modern textures. Ideal for casual, party occasions. Styled in a streetwear aesthetic, offering both all-day comfort and trend-forward appeal."
SKU-FOO-2732,Anouk Pastel Pink Women's Leather Sneakers,footwear,Sneakers,Anouk,Women,5999,4.1,Ethnic;Formal,Vibrant;Minimalist,Pastel Pink,Leather,"Anouk pastel pink sneakers crafted from premium leather for women. Features a eye-catching high-energy color palette suited for expressive moods. Ideal for ethnic, formal occasions. Styled in a vibrant aesthetic, offering both all-day comfort and trend-forward appeal."
SKU-FOO-2802,Titan Sky Blue Men's Polyester Boots,footwear,Boots,Titan,Men,4449,4.2,Beach;Ethnic,Minimalist,Sky Blue,Polyester,"Titan sky blue boots crafted from premium polyester for men. Features a clean tailored silhouette with subtle contemporary accents. Ideal for beach, ethnic occasions. Styled in a minimalist aesthetic, offering both all-day comfort and trend-forward appeal."
SKU-BOT-2246,Fossil Sky Blue Men's Linen Trousers,bottomwear,Trousers,Fossil,Men,2549,3.8,Ethnic,Streetwear;Pastel,Sky Blue,Linen,"Fossil sky blue trousers crafted from premium linen for men. Features a urban relaxed drape engineered with durable modern textures. Ideal for ethnic occasions. Styled in a streetwear aesthetic, offering both all-day comfort and trend-forward appeal."
SKU-TOP-1114,Sangria Olive Green Women's Polyester Blouses,topwear,Blouses,Sangria,Women,799,4.9,Gym;Ethnic,Minimalist;Pastel,Olive Green,Polyester,"Sangria olive green blouses crafted from premium polyester for women. Features a clean tailored silhouette with subtle contemporary accents. Ideal for gym, ethnic occasions. Styled in a minimalist aesthetic, offering both all-day comfort and trend-forward appeal."
SKU-ACC-3342,Mango Charcoal Grey Women's Silk Earrings,accessories,Earrings,Mango,Women,1449,4.3,Casual;Beach,Classic,Charcoal Grey,Silk,"Mango charcoal grey earrings crafted from premium silk for women. Features a timeless quintessential design crafted for versatile everyday elegance. Ideal for casual, beach occasions. Styled in a classic aesthetic, offering both all-day comfort and trend-forward appeal."
SKU-BOT-1988,Puma Charcoal Grey Women's Denim Jeans,bottomwear,Jeans,Puma,Women,1349,4.5,Formal,Streetwear,Charcoal Grey,Denim,"Puma charcoal grey jeans crafted from premium denim for women. Features a urban relaxed drape engineered with durable modern textures. Ideal for formal occasions. Styled in a streetwear aesthetic, offering both all-day comfort and trend-forward appeal."
SKU-ACC-3262,Nike Mint Green Men's Leather Watches,accessories,Watches,Nike,Men,5299,4.3,Party,Streetwear,Mint Green,Leather,"Nike mint green watches crafted from premium leather for men. Features a urban relaxed drape engineered with durable modern textures. Ideal for party occasions. Styled in a streetwear aesthetic, offering both all-day comfort and trend-forward appeal."
SKU-ACC-3074,Lavie Sport Burgundy Unisex Polyester Sunglasses,accessories,Sunglasses,Lavie Sport,Unisex,1549,4.3,Ethnic,Pastel,Burgundy,Polyester,"Lavie Sport burgundy sunglasses crafted from premium polyester for all genders. Features a soft muted hues providing a calm, breezy and sophisticated aesthetic. Ideal for ethnic occasions. Styled in a pastel aesthetic, offering both all-day comfort and trend-forward appeal."
SKU-BOT-2010,Mast & Harbour Burgundy Men's Cotton Jeans,bottomwear,Jeans,Mast & Harbour,Men,2949,4.0,Beach;Formal,Classic;Streetwear,Burgundy,Cotton,"Mast & Harbour burgundy jeans crafted from premium cotton for men. Features a timeless quintessential design crafted for versatile everyday elegance. Ideal for beach, formal occasions. Styled in a classic aesthetic, offering both all-day comfort and trend-forward appeal."
SKU-BOT-2199,Forever 21 Navy Blue Women's Polyester Palazzos,bottomwear,Palazzos,Forever 21,Women,1049,4.3,Gym;Party,Streetwear;Classic,Navy Blue,Polyester,"Forever 21 navy blue palazzos crafted from premium polyester for women. Features a urban relaxed drape engineered with durable modern textures. Ideal for gym, party occasions. Styled in a streetwear aesthetic, offering both all-day comfort and trend-forward appeal."
SKU-TOP-1590,Anouk Beige Women's Polyester Crop Tops,topwear,Crop Tops,Anouk,Women,1549,3.9,Ethnic,Vibrant,Beige,Polyester,"Anouk beige crop tops crafted from premium polyester for women. Features a eye-catching high-energy color palette suited for expressive moods. Ideal for ethnic occasions. Styled in a vibrant aesthetic, offering both all-day comfort and trend-forward appeal."
SKU-BOT-1769,Mast & Harbour White Men's Cotton Chinos,bottomwear,Chinos,Mast & Harbour,Men,2299,4.0,Ethnic,Classic,White,Cotton,"Mast & Harbour white chinos crafted from premium cotton for men. Features a timeless quintessential design crafted for versatile everyday elegance. Ideal for ethnic occasions. Styled in a classic aesthetic, offering both all-day comfort and trend-forward appeal."
SKU-TOP-1018,DressBerry Mustard Yellow Women's Silk Blouses,topwear,Blouses,DressBerry,Women,749,4.3,Ethnic,Classic,Mustard Yellow,Silk,"DressBerry mustard yellow blouses crafted from premium silk for women. Features a timeless quintessential design crafted for versatile everyday elegance. Ideal for ethnic occasions. Styled in a classic aesthetic, offering both all-day comfort and trend-forward appeal."
SKU-BOT-2043,Roadster Mint Green Men's Denim Jeans,bottomwear,Jeans,Roadster,Men,1899,4.6,Gym,Pastel;Classic,Mint Green,Denim,"Roadster mint green jeans crafted from premium denim for men. Features a soft muted hues providing a calm, breezy and sophisticated aesthetic. Ideal for gym occasions. Styled in a pastel aesthetic, offering both all-day comfort and trend-forward appeal."
SKU-ACC-3041,Fastrack Black Unisex Polyester Sunglasses,accessories,Sunglasses,Fastrack,Unisex,3199,4.0,Formal;Casual,Streetwear,Black,Polyester,"Fastrack black sunglasses crafted from premium polyester for all genders. Features a urban relaxed drape engineered with durable modern textures. Ideal for formal, casual occasions. Styled in a streetwear aesthetic, offering both all-day comfort and trend-forward appeal."
SKU-TOP-1286,Mango Mint Green Women's Polyester T-Shirts,topwear,T-Shirts,Mango,Women,1099,3.5,Formal,Streetwear,Mint Green,Polyester,"Mango mint green t-shirts crafted from premium polyester for women. Features a urban relaxed drape engineered with durable modern textures. Ideal for formal occasions. Styled in a streetwear aesthetic, offering both all-day comfort and trend-forward appeal."
SKU-TOP-1429,Forever 21 Navy Blue Women's Polyester Crop Tops,topwear,Crop Tops,Forever 21,Women,899,4.6,Gym;Party,Classic,Navy Blue,Polyester,"Forever 21 navy blue crop tops crafted from premium polyester for women. Features a timeless quintessential design crafted for versatile everyday elegance. Ideal for gym, party occasions. Styled in a classic aesthetic, offering both all-day comfort and trend-forward appeal."
SKU-ACC-2922,Casio Navy Blue Unisex Cotton Bags,accessories,Bags,Casio,Unisex,3899,4.5,Formal,Vibrant,Navy Blue,Cotton,"Casio navy blue bags crafted from premium cotton for all genders. Features a eye-catching high-energy color palette suited for expressive moods. Ideal for formal occasions. Styled in a vibrant aesthetic, offering both all-day comfort and trend-forward appeal."
SKU-FOO-2357,VERO MODA Sky Blue Women's Polyester Boots,footwear,Boots,VERO MODA,Women,3049,4.0,Formal;Casual,Vibrant,Sky Blue,Polyester,"VERO MODA sky blue boots crafted from premium polyester for women. Features a eye-catching high-energy color palette suited for expressive moods. Ideal for formal, casual occasions. Styled in a vibrant aesthetic, offering both all-day comfort and trend-forward appeal."
SKU-BOT-1670,Mango Pastel Pink Women's Silk Skirts,bottomwear,Skirts,Mango,Women,2449,4.6,Beach;Formal,Classic;Minimalist,Pastel Pink,Silk,"Mango pastel pink skirts crafted from premium silk for women. Features a timeless quintessential design crafted for versatile everyday elegance. Ideal for beach, formal occasions. Styled in a classic aesthetic, offering both all-day comfort and trend-forward appeal."
SKU-TOP-1032,Bata Olive Green Women's Cotton Shirts,topwear,Shirts,Bata,Women,1799,4.8,Casual,Vibrant;Pastel,Olive Green,Cotton,"Bata olive green shirts crafted from premium cotton for women. Features a eye-catching high-energy color palette suited for expressive moods. Ideal for casual occasions. Styled in a vibrant aesthetic, offering both all-day comfort and trend-forward appeal."
SKU-BOT-1723,Peter England Sky Blue Men's Denim Jeans,bottomwear,Jeans,Peter England,Men,2599,3.7,Party;Gym,Vibrant,Sky Blue,Denim,"Peter England sky blue jeans crafted from premium denim for men. Features a eye-catching high-energy color palette suited for expressive moods. Ideal for party, gym occasions. Styled in a vibrant aesthetic, offering both all-day comfort and trend-forward appeal."
SKU-BOT-1952,DressBerry Terracotta Women's Polyester Skirts,bottomwear,Skirts,DressBerry,Women,2749,4.3,Gym;Formal,Streetwear,Terracotta,Polyester,"DressBerry terracotta skirts crafted from premium polyester for women. Features a urban relaxed drape engineered with durable modern textures. Ideal for gym, formal occasions. Styled in a streetwear aesthetic, offering both all-day comfort and trend-forward appeal."
SKU-FOO-2765,Louis Philippe Burgundy Men's Leather Boots,footwear,Boots,Louis Philippe,Men,3899,4.1,Gym,Minimalist,Burgundy,Leather,"Louis Philippe burgundy boots crafted from premium leather for men. Features a clean tailored silhouette with subtle contemporary accents. Ideal for gym occasions. Styled in a minimalist aesthetic, offering both all-day comfort and trend-forward appeal."
SKU-TOP-1215,Puma Lavender Men's Silk Shirts,topwear,Shirts,Puma,Men,2899,4.1,Party,Streetwear;Minimalist,Lavender,Silk,"Puma lavender shirts crafted from premium silk for men. Features a urban relaxed drape engineered with durable modern textures. Ideal for party occasions. Styled in a streetwear aesthetic, offering both all-day comfort and trend-forward appeal."
SKU-FOO-2790,Fossil Sky Blue Women's Cotton Flats,footwear,Flats,Fossil,Women,1599,4.7,Party,Streetwear;Minimalist,Sky Blue,Cotton,"Fossil sky blue flats crafted from premium cotton for women. Features a urban relaxed drape engineered with durable modern textures. Ideal for party occasions. Styled in a streetwear aesthetic, offering both all-day comfort and trend-forward appeal."
SKU-BOT-2165,Puma Lavender Men's Cotton Trousers,bottomwear,Trousers,Puma,Men,2699,4.6,Ethnic,Vibrant,Lavender,Cotton,"Puma lavender trousers crafted from premium cotton for men. Features a eye-catching high-energy color palette suited for expressive moods. Ideal for ethnic occasions. Styled in a vibrant aesthetic, offering both all-day comfort and trend-forward appeal."
SKU-TOP-1327,Forever 21 Maroon Women's Silk Shirts,topwear,Shirts,Forever 21,Women,1649,4.6,Casual;Formal,Pastel,Maroon,Silk,"Forever 21 maroon shirts crafted from premium silk for women. Features a soft muted hues providing a calm, breezy and sophisticated aesthetic. Ideal for casual, formal occasions. Styled in a pastel aesthetic, offering both all-day comfort and trend-forward appeal."
SKU-TOP-1561,Carlton London Maroon Women's Cotton Crop Tops,topwear,Crop Tops,Carlton London,Women,649,4.3,Party;Gym,Minimalist;Streetwear,Maroon,Cotton,"Carlton London maroon crop tops crafted from premium cotton for women. Features a clean tailored silhouette with subtle contemporary accents. Ideal for party, gym occasions. Styled in a minimalist aesthetic, offering both all-day comfort and trend-forward appeal."
SKU-BOT-2087,Sangria White Women's Cotton Jeans,bottomwear,Jeans,Sangria,Women,2449,4.6,Gym,Streetwear,White,Cotton,"Sangria white jeans crafted from premium cotton for women. Features a urban relaxed drape engineered with durable modern textures. Ideal for gym occasions. Styled in a streetwear aesthetic, offering both all-day comfort and trend-forward appeal."
SKU-FOO-2831,Puma Olive Green Women's Leather Loafers,footwear,Loafers,Puma,Women,3849,4.4,Gym;Party,Classic,Olive Green,Leather,"Puma olive green loafers crafted from premium leather for women. Features a timeless quintessential design crafted for versatile everyday elegance. Ideal for gym, party occasions. Styled in a classic aesthetic, offering both all-day comfort and trend-forward appeal."
SKU-TOP-1342,Sangria Lavender Women's Linen Shirts,topwear,Shirts,Sangria,Women,2949,4.3,Gym;Ethnic,Pastel,Lavender,Linen,"Sangria lavender shirts crafted from premium linen for women. Features a soft muted hues providing a calm, breezy and sophisticated aesthetic. Ideal for gym, ethnic occasions. Styled in a pastel aesthetic, offering both all-day comfort and trend-forward appeal."
SKU-TOP-1148,Anouk Navy Blue Women's Cotton Blazers,topwear,Blazers,Anouk,Women,7999,3.7,Party,Pastel,Navy Blue,Cotton,"Anouk navy blue blazers crafted from premium cotton for women. Features a soft muted hues providing a calm, breezy and sophisticated aesthetic. Ideal for party occasions. Styled in a pastel aesthetic, offering both all-day comfort and trend-forward appeal."
SKU-FOO-2841,Peter England Charcoal Grey Men's Polyester Boots,footwear,Boots,Peter England,Men,6399,4.2,Formal;Party,Classic,Charcoal Grey,Polyester,"Peter England charcoal grey boots crafted from premium polyester for men. Features a timeless quintessential design crafted for versatile everyday elegance. Ideal for formal, party occasions. Styled in a classic aesthetic, offering both all-day comfort and trend-forward appeal."
SKU-BOT-2108,Titan Mustard Yellow Men's Cotton Chinos,bottomwear,Chinos,Titan,Men,1599,3.8,Beach;Gym,Minimalist;Pastel,Mustard Yellow,Cotton,"Titan mustard yellow chinos crafted from premium cotton for men. Features a clean tailored silhouette with subtle contemporary accents. Ideal for beach, gym occasions. Styled in a minimalist aesthetic, offering both all-day comfort and trend-forward appeal."
SKU-BOT-1849,ONLY Beige Women's Silk Skirts,bottomwear,Skirts,ONLY,Women,1199,4.0,Gym,Pastel,Beige,Silk,"ONLY beige skirts crafted from premium silk for women. Features a soft muted hues providing a calm, breezy and sophisticated aesthetic. Ideal for gym occasions. Styled in a pastel aesthetic, offering both all-day comfort and trend-forward appeal."
SKU-BOT-1967,Puma Beige Women's Linen Trousers,bottomwear,Trousers,Puma,Women,1099,4.0,Casual;Formal,Streetwear;Classic,Beige,Linen,"Puma beige trousers crafted from premium linen for women. Features a urban relaxed drape engineered with durable modern textures. Ideal for casual, formal occasions. Styled in a streetwear aesthetic, offering both all-day comfort and trend-forward appeal."
SKU-BOT-2073,Puma Black Women's Cotton Palazzos,bottomwear,Palazzos,Puma,Women,999,4.2,Gym,Pastel,Black,Cotton,"Puma black palazzos crafted from premium cotton for women. Features a soft muted hues providing a calm, breezy and sophisticated aesthetic. Ideal for gym occasions. Styled in a pastel aesthetic, offering both all-day comfort and trend-forward appeal."
SKU-TOP-1156,Sangria Black Women's Linen Shirts,topwear,Shirts,Sangria,Women,1099,3.9,Gym;Party,Vibrant;Minimalist,Black,Linen,"Sangria black shirts crafted from premium linen for women. Features a eye-catching high-energy color palette suited for expressive moods. Ideal for gym, party occasions. Styled in a vibrant aesthetic, offering both all-day comfort and trend-forward appeal."
SKU-ACC-3142,Mast & Harbour Black Men's Leather Belts,accessories,Belts,Mast & Harbour,Men,549,4.2,Formal;Beach,Vibrant,Black,Leather,"Mast & Harbour black belts crafted from premium leather for men. Features a eye-catching high-energy color palette suited for expressive moods. Ideal for formal, beach occasions. Styled in a vibrant aesthetic, offering both all-day comfort and trend-forward appeal."
SKU-ACC-3111,Mango Lavender Women's Leather Watches,accessories,Watches,Mango,Women,6749,4.0,Ethnic;Gym,Minimalist;Streetwear,Lavender,Leather,"Mango lavender watches crafted from premium leather for women. Features a clean tailored silhouette with subtle contemporary accents. Ideal for ethnic, gym occasions. Styled in a minimalist aesthetic, offering both all-day comfort and trend-forward appeal."
SKU-BOT-2003,DressBerry White Women's Polyester Trousers,bottomwear,Trousers,DressBerry,Women,2899,4.2,Party,Pastel,White,Polyester,"DressBerry white trousers crafted from premium polyester for women. Features a soft muted hues providing a calm, breezy and sophisticated aesthetic. Ideal for party occasions. Styled in a pastel aesthetic, offering both all-day comfort and trend-forward appeal."
SKU-FOO-2845,Fossil Tan Brown Unisex Leather Sneakers,footwear,Sneakers,Fossil,Unisex,4949,4.3,Casual,Classic,Tan Brown,Leather,"Fossil tan brown sneakers crafted from premium leather for all genders. Features a timeless quintessential design crafted for versatile everyday elegance. Ideal for casual occasions. Styled in a classic aesthetic, offering both all-day comfort and trend-forward appeal."
SKU-ACC-3093,Puma Burgundy Women's Silk Earrings,accessories,Earrings,Puma,Women,1749,4.4,Formal,Minimalist,Burgundy,Silk,"Puma burgundy earrings crafted from premium silk for women. Features a clean tailored silhouette with subtle contemporary accents. Ideal for formal occasions. Styled in a minimalist aesthetic, offering both all-day comfort and trend-forward appeal."
SKU-FOO-2849,Fossil Burgundy Women's Cotton Flats,footwear,Flats,Fossil,Women,549,4.5,Formal;Gym,Minimalist,Burgundy,Cotton,"Fossil burgundy flats crafted from premium cotton for women. Features a clean tailored silhouette with subtle contemporary accents. Ideal for formal, gym occasions. Styled in a minimalist aesthetic, offering both all-day comfort and trend-forward appeal."
SKU-ACC-3210,Forever 21 Sky Blue Women's Leather Watches,accessories,Watches,Forever 21,Women,2949,4.2,Party,Vibrant;Pastel,Sky Blue,Leather,"Forever 21 sky blue watches crafted from premium leather for women. Features a eye-catching high-energy color palette suited for expressive moods. Ideal for party occasions. Styled in a vibrant aesthetic, offering both all-day comfort and trend-forward appeal."
SKU-ACC-3353,Mast & Harbour Navy Blue Men's Polyester Sunglasses,accessories,Sunglasses,Mast & Harbour,Men,1599,4.4,Ethnic;Gym,Minimalist,Navy Blue,Polyester,"Mast & Harbour navy blue sunglasses crafted from premium polyester for men. Features a clean tailored silhouette with subtle contemporary accents. Ideal for ethnic, gym occasions. Styled in a minimalist aesthetic, offering both all-day comfort and trend-forward appeal."
SKU-BOT-2204,Puma Cream Women's Polyester Palazzos,bottomwear,Palazzos,Puma,Women,1899,4.4,Formal,Classic,Cream,Polyester,"Puma cream palazzos crafted from premium polyester for women. Features a timeless quintessential design crafted for versatile everyday elegance. Ideal for formal occasions. Styled in a classic aesthetic, offering both all-day comfort and trend-forward appeal."
SKU-FOO-2633,HIGHLANDER Charcoal Grey Men's Leather Boots,footwear,Boots,HIGHLANDER,Men,6399,4.0,Beach;Formal,Streetwear,Charcoal Grey,Leather,"HIGHLANDER charcoal grey boots crafted from premium leather for men. Features a urban relaxed drape engineered with durable modern textures. Ideal for beach, formal occasions. Styled in a streetwear aesthetic, offering both all-day comfort and trend-forward appeal."
SKU-ACC-3346,Tokyo Talkies Tan Brown Women's Polyester Earrings,accessories,Earrings,Tokyo Talkies,Women,1799,4.6,Formal;Gym,Vibrant,Tan Brown,Polyester,"Tokyo Talkies tan brown earrings crafted from premium polyester for women. Features a eye-catching high-energy color palette suited for expressive moods. Ideal for formal, gym occasions. Styled in a vibrant aesthetic, offering both all-day comfort and trend-forward appeal."
SKU-FOO-2394,Bata Sky Blue Women's Polyester Heels,footwear,Heels,Bata,Women,2599,4.2,Casual;Formal,Vibrant,Sky Blue,Polyester,"Bata sky blue heels crafted from premium polyester for women. Features a eye-catching high-energy color palette suited for expressive moods. Ideal for casual, formal occasions. Styled in a vibrant aesthetic, offering both all-day comfort and trend-forward appeal."
SKU-ACC-3352,Tokyo Talkies Sky Blue Women's Leather Watches,accessories,Watches,Tokyo Talkies,Women,1849,4.4,Formal,Minimalist,Sky Blue,Leather,"Tokyo Talkies sky blue watches crafted from premium leather for women. Features a clean tailored silhouette with subtle contemporary accents. Ideal for formal occasions. Styled in a minimalist aesthetic, offering both all-day comfort and trend-forward appeal."
SKU-ACC-3289,Casio Pastel Pink Unisex Polyester Sunglasses,accessories,Sunglasses,Casio,Unisex,2899,4.0,Casual,Classic,Pastel Pink,Polyester,"Casio pastel pink sunglasses crafted from premium polyester for all genders. Features a timeless quintessential design crafted for versatile everyday elegance. Ideal for casual occasions. Styled in a classic aesthetic, offering both all-day comfort and trend-forward appeal."
SKU-ACC-2981,Puma Pastel Pink Women's Leather Bags,accessories,Bags,Puma,Women,4699,3.9,Beach;Party,Classic,Pastel Pink,Leather,"Puma pastel pink bags crafted from premium leather for women. Features a timeless quintessential design crafted for versatile everyday elegance. Ideal for beach, party occasions. Styled in a classic aesthetic, offering both all-day comfort and trend-forward appeal."
SKU-ACC-3243,HIGHLANDER White Men's Polyester Sunglasses,accessories,Sunglasses,HIGHLANDER,Men,1199,4.9,Casual;Party,Pastel,White,Polyester,"HIGHLANDER white sunglasses crafted from premium polyester for men. Features a soft muted hues providing a calm, breezy and sophisticated aesthetic. Ideal for casual, party occasions. Styled in a pastel aesthetic, offering both all-day comfort and trend-forward appeal."
SKU-BOT-1939,Mango Terracotta Women's Silk Skirts,bottomwear,Skirts,Mango,Women,1649,4.3,Casual,Streetwear;Pastel,Terracotta,Silk,"Mango terracotta skirts crafted from premium silk for women. Features a urban relaxed drape engineered with durable modern textures. Ideal for casual occasions. Styled in a streetwear aesthetic, offering both all-day comfort and trend-forward appeal."
SKU-ACC-3245,Fossil White Men's Polyester Sunglasses,accessories,Sunglasses,Fossil,Men,2499,4.8,Beach;Formal,Classic,White,Polyester,"Fossil white sunglasses crafted from premium polyester for men. Features a timeless quintessential design crafted for versatile everyday elegance. Ideal for beach, formal occasions. Styled in a classic aesthetic, offering both all-day comfort and trend-forward appeal."
SKU-TOP-1347,Fossil White Women's Cotton T-Shirts,topwear,T-Shirts,Fossil,Women,599,3.7,Party,Streetwear;Vibrant,White,Cotton,"Fossil white t-shirts crafted from premium cotton for women. Features a urban relaxed drape engineered with durable modern textures. Ideal for party occasions. Styled in a streetwear aesthetic, offering both all-day comfort and trend-forward appeal."
SKU-ACC-3085,Fossil Burgundy Women's Polyester Earrings,accessories,Earrings,Fossil,Women,1299,4.0,Party,Streetwear;Pastel,Burgundy,Polyester,"Fossil burgundy earrings crafted from premium polyester for women. Features a urban relaxed drape engineered with durable modern textures. Ideal for party occasions. Styled in a streetwear aesthetic, offering both all-day comfort and trend-forward appeal."
SKU-ACC-3475,Tokyo Talkies Olive Green Women's Polyester Earrings,accessories,Earrings,Tokyo Talkies,Women,1249,4.3,Formal;Ethnic,Vibrant,Olive Green,Polyester,"Tokyo Talkies olive green earrings crafted from premium polyester for women. Features a eye-catching high-energy color palette suited for expressive moods. Ideal for formal, ethnic occasions. Styled in a vibrant aesthetic, offering both all-day comfort and trend-forward appeal."
SKU-FOO-2419,Puma Mint Green Women's Polyester Boots,footwear,Boots,Puma,Women,4849,4.7,Beach;Party,Streetwear,Mint Green,Polyester,"Puma mint green boots crafted from premium polyester for women. Features a urban relaxed drape engineered with durable modern textures. Ideal for beach, party occasions. Styled in a streetwear aesthetic, offering both all-day comfort and trend-forward appeal."
SKU-TOP-1386,Puma Olive Green Women's Polyester Crop Tops,topwear,Crop Tops,Puma,Women,1749,4.3,Party,Minimalist,Olive Green,Polyester,"Puma olive green crop tops crafted from premium polyester for women. Features a clean tailored silhouette with subtle contemporary accents. Ideal for party occasions. Styled in a minimalist aesthetic, offering both all-day comfort and trend-forward appeal."
SKU-FOO-2581,Puma Navy Blue Women's Leather Heels,footwear,Heels,Puma,Women,5399,4.3,Casual;Party,Pastel,Navy Blue,Leather,"Puma navy blue heels crafted from premium leather for women. Features a soft muted hues providing a calm, breezy and sophisticated aesthetic. Ideal for casual, party occasions. Styled in a pastel aesthetic, offering both all-day comfort and trend-forward appeal."
SKU-ACC-3098,HRX by Hrithik Roshan Lavender Men's Cotton Bags,accessories,Bags,HRX by Hrithik Roshan,Men,3649,3.8,Ethnic,Vibrant,Lavender,Cotton,"HRX by Hrithik Roshan lavender bags crafted from premium cotton for men. Features a eye-catching high-energy color palette suited for expressive moods. Ideal for ethnic occasions. Styled in a vibrant aesthetic, offering both all-day comfort and trend-forward appeal."
SKU-TOP-1244,Forever 21 White Women's Cotton Crop Tops,topwear,Crop Tops,Forever 21,Women,899,4.5,Gym;Ethnic,Minimalist,White,Cotton,"Forever 21 white crop tops crafted from premium cotton for women. Features a clean tailored silhouette with subtle contemporary accents. Ideal for gym, ethnic occasions. Styled in a minimalist aesthetic, offering both all-day comfort and trend-forward appeal."
SKU-FOO-2623,Puma Black Unisex Leather Sneakers,footwear,Sneakers,Puma,Unisex,3949,4.5,Gym,Classic;Minimalist,Black,Leather,"Puma black sneakers crafted from premium leather for all genders. Features a timeless quintessential design crafted for versatile everyday elegance. Ideal for gym occasions. Styled in a classic aesthetic, offering both all-day comfort and trend-forward appeal."
SKU-BOT-1937,Carlton London Beige Women's Silk Palazzos,bottomwear,Palazzos,Carlton London,Women,599,3.8,Gym;Formal,Vibrant,Beige,Silk,"Carlton London beige palazzos crafted from premium silk for women. Features a eye-catching high-energy color palette suited for expressive moods. Ideal for gym, formal occasions. Styled in a vibrant aesthetic, offering both all-day comfort and trend-forward appeal."
SKU-ACC-3222,Anouk Charcoal Grey Women's Polyester Watches,accessories,Watches,Anouk,Women,5049,4.0,Ethnic;Casual,Classic,Charcoal Grey,Polyester,"Anouk charcoal grey watches crafted from premium polyester for women. Features a timeless quintessential design crafted for versatile everyday elegance. Ideal for ethnic, casual occasions. Styled in a classic aesthetic, offering both all-day comfort and trend-forward appeal."
SKU-TOP-1313,WROGN Terracotta Men's Silk Shirts,topwear,Shirts,WROGN,Men,2199,4.5,Gym,Minimalist,Terracotta,Silk,"WROGN terracotta shirts crafted from premium silk for men. Features a clean tailored silhouette with subtle contemporary accents. Ideal for gym occasions. Styled in a minimalist aesthetic, offering both all-day comfort and trend-forward appeal."
SKU-ACC-3440,Casio Maroon Unisex Polyester Sunglasses,accessories,Sunglasses,Casio,Unisex,2599,3.6,Beach,Classic;Pastel,Maroon,Polyester,"Casio maroon sunglasses crafted from premium polyester for all genders. Features a timeless quintessential design crafted for versatile everyday elegance. Ideal for beach occasions. Styled in a classic aesthetic, offering both all-day comfort and trend-forward appeal."
SKU-FOO-2525,Bata Maroon Women's Polyester Boots,footwear,Boots,Bata,Women,3949,4.1,Beach,Streetwear,Maroon,Polyester,"Bata maroon boots crafted from premium polyester for women. Features a urban relaxed drape engineered with durable modern textures. Ideal for beach occasions. Styled in a streetwear aesthetic, offering both all-day comfort and trend-forward appeal."
SKU-FOO-2333,Puma Terracotta Women's Polyester Loafers,footwear,Loafers,Puma,Women,1449,4.1,Party;Gym,Classic;Pastel,Terracotta,Polyester,"Puma terracotta loafers crafted from premium polyester for women. Features a timeless quintessential design crafted for versatile everyday elegance. Ideal for party, gym occasions. Styled in a classic aesthetic, offering both all-day comfort and trend-forward appeal."
SKU-BOT-1969,Roadster Pastel Pink Men's Polyester Trousers,bottomwear,Trousers,Roadster,Men,1799,4.2,Casual,Classic;Streetwear,Pastel Pink,Polyester,"Roadster pastel pink trousers crafted from premium polyester for men. Features a timeless quintessential design crafted for versatile everyday elegance. Ideal for casual occasions. Styled in a classic aesthetic, offering both all-day comfort and trend-forward appeal."
SKU-BOT-1661,Anouk Pastel Pink Women's Polyester Palazzos,bottomwear,Palazzos,Anouk,Women,1999,4.0,Formal;Gym,Minimalist,Pastel Pink,Polyester,"Anouk pastel pink palazzos crafted from premium polyester for women. Features a clean tailored silhouette with subtle contemporary accents. Ideal for formal, gym occasions. Styled in a minimalist aesthetic, offering both all-day comfort and trend-forward appeal."
SKU-BOT-1936,Fossil Olive Green Women's Cotton Palazzos,bottomwear,Palazzos,Fossil,Women,949,4.0,Beach,Classic,Olive Green,Cotton,"Fossil olive green palazzos crafted from premium cotton for women. Features a timeless quintessential design crafted for versatile everyday elegance. Ideal for beach occasions. Styled in a classic aesthetic, offering both all-day comfort and trend-forward appeal."
SKU-TOP-1371,Bata Navy Blue Women's Polyester Blouses,topwear,Blouses,Bata,Women,2399,4.2,Casual,Streetwear;Pastel,Navy Blue,Polyester,"Bata navy blue blouses crafted from premium polyester for women. Features a urban relaxed drape engineered with durable modern textures. Ideal for casual occasions. Styled in a streetwear aesthetic, offering both all-day comfort and trend-forward appeal."
SKU-TOP-1567,Titan Tan Brown Men's Polyester Blazers,topwear,Blazers,Titan,Men,8949,3.5,Party,Pastel,Tan Brown,Polyester,"Titan tan brown blazers crafted from premium polyester for men. Features a soft muted hues providing a calm, breezy and sophisticated aesthetic. Ideal for party occasions. Styled in a pastel aesthetic, offering both all-day comfort and trend-forward appeal."
SKU-ACC-2958,Fossil Navy Blue Women's Polyester Sunglasses,accessories,Sunglasses,Fossil,Women,3049,4.9,Party;Casual,Pastel,Navy Blue,Polyester,"Fossil navy blue sunglasses crafted from premium polyester for women. Features a soft muted hues providing a calm, breezy and sophisticated aesthetic. Ideal for party, casual occasions. Styled in a pastel aesthetic, offering both all-day comfort and trend-forward appeal."
SKU-BOT-1825,Bata Charcoal Grey Women's Silk Palazzos,bottomwear,Palazzos,Bata,Women,1449,4.0,Ethnic,Vibrant,Charcoal Grey,Silk,"Bata charcoal grey palazzos crafted from premium silk for women. Features a eye-catching high-energy color palette suited for expressive moods. Ideal for ethnic occasions. Styled in a vibrant aesthetic, offering both all-day comfort and trend-forward appeal."
SKU-BOT-1983,Roadster Mustard Yellow Men's Cotton Jeans,bottomwear,Jeans,Roadster,Men,2599,3.9,Gym,Streetwear,Mustard Yellow,Cotton,"Roadster mustard yellow jeans crafted from premium cotton for men. Features a urban relaxed drape engineered with durable modern textures. Ideal for gym occasions. Styled in a streetwear aesthetic, offering both all-day comfort and trend-forward appeal."
SKU-ACC-2980,Puma Lavender Women's Polyester Earrings,accessories,Earrings,Puma,Women,599,4.3,Casual,Classic;Streetwear,Lavender,Polyester,"Puma lavender earrings crafted from premium polyester for women. Features a timeless quintessential design crafted for versatile everyday elegance. Ideal for casual occasions. Styled in a classic aesthetic, offering both all-day comfort and trend-forward appeal."
SKU-FOO-2478,Mango Sky Blue Women's Leather Loafers,footwear,Loafers,Mango,Women,2249,4.3,Gym,Vibrant,Sky Blue,Leather,"Mango sky blue loafers crafted from premium leather for women. Features a eye-catching high-energy color palette suited for expressive moods. Ideal for gym occasions. Styled in a vibrant aesthetic, offering both all-day comfort and trend-forward appeal."
SKU-ACC-3149,VERO MODA Olive Green Women's Leather Bags,accessories,Bags,VERO MODA,Women,2799,4.2,Casual;Gym,Minimalist,Olive Green,Leather,"VERO MODA olive green bags crafted from premium leather for women. Features a clean tailored silhouette with subtle contemporary accents. Ideal for casual, gym occasions. Styled in a minimalist aesthetic, offering both all-day comfort and trend-forward appeal."
SKU-BOT-1814,DressBerry Beige Women's Polyester Palazzos,bottomwear,Palazzos,DressBerry,Women,749,4.3,Ethnic,Classic;Pastel,Beige,Polyester,"DressBerry beige palazzos crafted from premium polyester for women. Features a timeless quintessential design crafted for versatile everyday elegance. Ideal for ethnic occasions. Styled in a classic aesthetic, offering both all-day comfort and trend-forward appeal."
SKU-BOT-1779,Mango Navy Blue Women's Cotton Skirts,bottomwear,Skirts,Mango,Women,2049,4.2,Gym,Vibrant;Pastel,Navy Blue,Cotton,"Mango navy blue skirts crafted from premium cotton for women. Features a eye-catching high-energy color palette suited for expressive moods. Ideal for gym occasions. Styled in a vibrant aesthetic, offering both all-day comfort and trend-forward appeal."
SKU-FOO-2321,Puma Tan Brown Men's Leather Sneakers,footwear,Sneakers,Puma,Men,4149,4.2,Beach,Minimalist,Tan Brown,Leather,"Puma tan brown sneakers crafted from premium leather for men. Features a clean tailored silhouette with subtle contemporary accents. Ideal for beach occasions. Styled in a minimalist aesthetic, offering both all-day comfort and trend-forward appeal."
SKU-FOO-2522,Mango Black Women's Leather Heels,footwear,Heels,Mango,Women,4299,4.4,Casual,Vibrant,Black,Leather,"Mango black heels crafted from premium leather for women. Features a eye-catching high-energy color palette suited for expressive moods. Ideal for casual occasions. Styled in a vibrant aesthetic, offering both all-day comfort and trend-forward appeal."
SKU-BOT-2053,Tokyo Talkies Charcoal Grey Women's Polyester Skirts,bottomwear,Skirts,Tokyo Talkies,Women,1199,4.4,Formal,Classic,Charcoal Grey,Polyester,"Tokyo Talkies charcoal grey skirts crafted from premium polyester for women. Features a timeless quintessential design crafted for versatile everyday elegance. Ideal for formal occasions. Styled in a classic aesthetic, offering both all-day comfort and trend-forward appeal."
SKU-FOO-2814,Carlton London Cream Women's Cotton Flats,footwear,Flats,Carlton London,Women,1299,4.5,Party,Streetwear,Cream,Cotton,"Carlton London cream flats crafted from premium cotton for women. Features a urban relaxed drape engineered with durable modern textures. Ideal for party occasions. Styled in a streetwear aesthetic, offering both all-day comfort and trend-forward appeal."
SKU-BOT-2014,ONLY Burgundy Women's Polyester Skirts,bottomwear,Skirts,ONLY,Women,2599,4.0,Formal,Streetwear;Classic,Burgundy,Polyester,"ONLY burgundy skirts crafted from premium polyester for women. Features a urban relaxed drape engineered with durable modern textures. Ideal for formal occasions. Styled in a streetwear aesthetic, offering both all-day comfort and trend-forward appeal."
SKU-FOO-2402,ONLY Navy Blue Women's Leather Heels,footwear,Heels,ONLY,Women,2199,4.4,Gym;Beach,Minimalist;Vibrant,Navy Blue,Leather,"ONLY navy blue heels crafted from premium leather for women. Features a clean tailored silhouette with subtle contemporary accents. Ideal for gym, beach occasions. Styled in a minimalist aesthetic, offering both all-day comfort and trend-forward appeal."
SKU-FOO-2710,Anouk White Women's Leather Flats,footwear,Flats,Anouk,Women,1549,3.9,Party;Ethnic,Minimalist,White,Leather,"Anouk white flats crafted from premium leather for women. Features a clean tailored silhouette with subtle contemporary accents. Ideal for party, ethnic occasions. Styled in a minimalist aesthetic, offering both all-day comfort and trend-forward appeal."
SKU-ACC-3072,Fossil Navy Blue Women's Polyester Sunglasses,accessories,Sunglasses,Fossil,Women,2349,4.6,Party,Pastel,Navy Blue,Polyester,"Fossil navy blue sunglasses crafted from premium polyester for women. Features a soft muted hues providing a calm, breezy and sophisticated aesthetic. Ideal for party occasions. Styled in a pastel aesthetic, offering both all-day comfort and trend-forward appeal."
SKU-FOO-2754,Forever 21 Maroon Women's Polyester Boots,footwear,Boots,Forever 21,Women,4399,3.6,Formal;Gym,Pastel;Minimalist,Maroon,Polyester,"Forever 21 maroon boots crafted from premium polyester for women. Features a soft muted hues providing a calm, breezy and sophisticated aesthetic. Ideal for formal, gym occasions. Styled in a pastel aesthetic, offering both all-day comfort and trend-forward appeal."
SKU-TOP-1127,Fossil Charcoal Grey Women's Silk Blouses,topwear,Blouses,Fossil,Women,949,3.9,Party,Pastel;Minimalist,Charcoal Grey,Silk,"Fossil charcoal grey blouses crafted from premium silk for women. Features a soft muted hues providing a calm, breezy and sophisticated aesthetic. Ideal for party occasions. Styled in a pastel aesthetic, offering both all-day comfort and trend-forward appeal."
SKU-BOT-1888,Tokyo Talkies Olive Green Women's Cotton Jeans,bottomwear,Jeans,Tokyo Talkies,Women,3299,4.1,Beach,Pastel;Streetwear,Olive Green,Cotton,"Tokyo Talkies olive green jeans crafted from premium cotton for women. Features a soft muted hues providing a calm, breezy and sophisticated aesthetic. Ideal for beach occasions. Styled in a pastel aesthetic, offering both all-day comfort and trend-forward appeal."
SKU-ACC-3030,Fossil Burgundy Women's Leather Watches,accessories,Watches,Fossil,Women,8249,4.0,Ethnic;Gym,Classic,Burgundy,Leather,"Fossil burgundy watches crafted from premium leather for women. Features a timeless quintessential design crafted for versatile everyday elegance. Ideal for ethnic, gym occasions. Styled in a classic aesthetic, offering both all-day comfort and trend-forward appeal."
SKU-FOO-2348,VERO MODA Pastel Pink Women's Cotton Flats,footwear,Flats,VERO MODA,Women,1799,4.5,Beach,Pastel;Classic,Pastel Pink,Cotton,"VERO MODA pastel pink flats crafted from premium cotton for women. Features a soft muted hues providing a calm, breezy and sophisticated aesthetic. Ideal for beach occasions. Styled in a pastel aesthetic, offering both all-day comfort and trend-forward appeal."
SKU-BOT-2008,Mast & Harbour Cream Men's Cotton Trousers,bottomwear,Trousers,Mast & Harbour,Men,949,4.4,Party,Minimalist,Cream,Cotton,"Mast & Harbour cream trousers crafted from premium cotton for men. Features a clean tailored silhouette with subtle contemporary accents. Ideal for party occasions. Styled in a minimalist aesthetic, offering both all-day comfort and trend-forward appeal."
SKU-TOP-1356,Puma Terracotta Women's Linen Kurtas,topwear,Kurtas,Puma,Women,3449,3.8,Beach,Streetwear,Terracotta,Linen,"Puma terracotta kurtas crafted from premium linen for women. Features a urban relaxed drape engineered with durable modern textures. Ideal for beach occasions. Styled in a streetwear aesthetic, offering both all-day comfort and trend-forward appeal."
SKU-BOT-2004,Mango Sky Blue Women's Denim Jeans,bottomwear,Jeans,Mango,Women,2299,4.0,Gym;Party,Minimalist;Pastel,Sky Blue,Denim,"Mango sky blue jeans crafted from premium denim for women. Features a clean tailored silhouette with subtle contemporary accents. Ideal for gym, party occasions. Styled in a minimalist aesthetic, offering both all-day comfort and trend-forward appeal."
SKU-BOT-1683,WROGN Beige Men's Cotton Chinos,bottomwear,Chinos,WROGN,Men,2649,4.0,Casual;Gym,Streetwear,Beige,Cotton,"WROGN beige chinos crafted from premium cotton for men. Features a urban relaxed drape engineered with durable modern textures. Ideal for casual, gym occasions. Styled in a streetwear aesthetic, offering both all-day comfort and trend-forward appeal."
SKU-BOT-1828,Puma White Men's Cotton Jeans,bottomwear,Jeans,Puma,Men,2399,4.0,Formal,Vibrant,White,Cotton,"Puma white jeans crafted from premium cotton for men. Features a eye-catching high-energy color palette suited for expressive moods. Ideal for formal occasions. Styled in a vibrant aesthetic, offering both all-day comfort and trend-forward appeal."
SKU-FOO-2492,Fossil Mustard Yellow Women's Leather Flats,footwear,Flats,Fossil,Women,1499,4.9,Ethnic;Beach,Vibrant,Mustard Yellow,Leather,"Fossil mustard yellow flats crafted from premium leather for women. Features a eye-catching high-energy color palette suited for expressive moods. Ideal for ethnic, beach occasions. Styled in a vibrant aesthetic, offering both all-day comfort and trend-forward appeal."
SKU-BOT-1985,DressBerry White Women's Denim Jeans,bottomwear,Jeans,DressBerry,Women,1749,4.2,Party,Streetwear,White,Denim,"DressBerry white jeans crafted from premium denim for women. Features a urban relaxed drape engineered with durable modern textures. Ideal for party occasions. Styled in a streetwear aesthetic, offering both all-day comfort and trend-forward appeal."
SKU-BOT-2234,Sangria Burgundy Women's Silk Palazzos,bottomwear,Palazzos,Sangria,Women,699,4.9,Casual,Streetwear,Burgundy,Silk,"Sangria burgundy palazzos crafted from premium silk for women. Features a urban relaxed drape engineered with durable modern textures. Ideal for casual occasions. Styled in a streetwear aesthetic, offering both all-day comfort and trend-forward appeal."
SKU-ACC-3122,VERO MODA Olive Green Women's Leather Bags,accessories,Bags,VERO MODA,Women,1199,4.5,Party,Streetwear,Olive Green,Leather,"VERO MODA olive green bags crafted from premium leather for women. Features a urban relaxed drape engineered with durable modern textures. Ideal for party occasions. Styled in a streetwear aesthetic, offering both all-day comfort and trend-forward appeal."
SKU-TOP-1141,ONLY Navy Blue Women's Polyester Crop Tops,topwear,Crop Tops,ONLY,Women,1399,4.3,Casual,Pastel,Navy Blue,Polyester,"ONLY navy blue crop tops crafted from premium polyester for women. Features a soft muted hues providing a calm, breezy and sophisticated aesthetic. Ideal for casual occasions. Styled in a pastel aesthetic, offering both all-day comfort and trend-forward appeal."
SKU-TOP-1218,Nike Navy Blue Men's Linen Blazers,topwear,Blazers,Nike,Men,5949,4.1,Casual,Minimalist,Navy Blue,Linen,"Nike navy blue blazers crafted from premium linen for men. Features a clean tailored silhouette with subtle contemporary accents. Ideal for casual occasions. Styled in a minimalist aesthetic, offering both all-day comfort and trend-forward appeal."
SKU-ACC-3049,Converse Tan Brown Unisex Polyester Sunglasses,accessories,Sunglasses,Converse,Unisex,1649,4.1,Ethnic,Classic,Tan Brown,Polyester,"Converse tan brown sunglasses crafted from premium polyester for all genders. Features a timeless quintessential design crafted for versatile everyday elegance. Ideal for ethnic occasions. Styled in a classic aesthetic, offering both all-day comfort and trend-forward appeal."
SKU-FOO-2655,Puma Lavender Women's Leather Sneakers,footwear,Sneakers,Puma,Women,2749,4.3,Party;Gym,Streetwear,Lavender,Leather,"Puma lavender sneakers crafted from premium leather for women. Features a urban relaxed drape engineered with durable modern textures. Ideal for party, gym occasions. Styled in a streetwear aesthetic, offering both all-day comfort and trend-forward appeal."
SKU-ACC-3219,Vans Charcoal Grey Unisex Polyester Bags,accessories,Bags,Vans,Unisex,1449,4.9,Ethnic,Minimalist,Charcoal Grey,Polyester,"Vans charcoal grey bags crafted from premium polyester for all genders. Features a clean tailored silhouette with subtle contemporary accents. Ideal for ethnic occasions. Styled in a minimalist aesthetic, offering both all-day comfort and trend-forward appeal."
SKU-FOO-2701,Puma Charcoal Grey Women's Leather Heels,footwear,Heels,Puma,Women,4049,4.3,Beach;Gym,Pastel;Streetwear,Charcoal Grey,Leather,"Puma charcoal grey heels crafted from premium leather for women. Features a soft muted hues providing a calm, breezy and sophisticated aesthetic. Ideal for beach, gym occasions. Styled in a pastel aesthetic, offering both all-day comfort and trend-forward appeal."
SKU-FOO-2454,Roadster Black Men's Leather Boots,footwear,Boots,Roadster,Men,1999,4.9,Casual;Party,Classic,Black,Leather,"Roadster black boots crafted from premium leather for men. Features a timeless quintessential design crafted for versatile everyday elegance. Ideal for casual, party occasions. Styled in a classic aesthetic, offering both all-day comfort and trend-forward appeal."
SKU-TOP-1023,Carlton London Mustard Yellow Women's Cotton T-Shirts,topwear,T-Shirts,Carlton London,Women,1299,4.2,Ethnic;Casual,Classic,Mustard Yellow,Cotton,"Carlton London mustard yellow t-shirts crafted from premium cotton for women. Features a timeless quintessential design crafted for versatile everyday elegance. Ideal for ethnic, casual occasions. Styled in a classic aesthetic, offering both all-day comfort and trend-forward appeal."
SKU-BOT-1712,Mango Terracotta Women's Polyester Trousers,bottomwear,Trousers,Mango,Women,3899,4.2,Ethnic;Formal,Vibrant,Terracotta,Polyester,"Mango terracotta trousers crafted from premium polyester for women. Features a eye-catching high-energy color palette suited for expressive moods. Ideal for ethnic, formal occasions. Styled in a vibrant aesthetic, offering both all-day comfort and trend-forward appeal."
SKU-BOT-2158,Anouk Tan Brown Women's Polyester Skirts,bottomwear,Skirts,Anouk,Women,1149,4.9,Gym;Party,Vibrant,Tan Brown,Polyester,"Anouk tan brown skirts crafted from premium polyester for women. Features a eye-catching high-energy color palette suited for expressive moods. Ideal for gym, party occasions. Styled in a vibrant aesthetic, offering both all-day comfort and trend-forward appeal."
SKU-FOO-2685,Forever 21 Olive Green Women's Leather Flats,footwear,Flats,Forever 21,Women,1449,3.8,Beach;Ethnic,Vibrant,Olive Green,Leather,"Forever 21 olive green flats crafted from premium leather for women. Features a eye-catching high-energy color palette suited for expressive moods. Ideal for beach, ethnic occasions. Styled in a vibrant aesthetic, offering both all-day comfort and trend-forward appeal."
SKU-BOT-1872,Louis Philippe Lavender Men's Linen Chinos,bottomwear,Chinos,Louis Philippe,Men,1799,3.9,Party,Pastel,Lavender,Linen,"Louis Philippe lavender chinos crafted from premium linen for men. Features a soft muted hues providing a calm, breezy and sophisticated aesthetic. Ideal for party occasions. Styled in a pastel aesthetic, offering both all-day comfort and trend-forward appeal."
SKU-FOO-2462,HIGHLANDER Maroon Men's Leather Loafers,footwear,Loafers,HIGHLANDER,Men,3649,3.8,Beach,Pastel,Maroon,Leather,"HIGHLANDER maroon loafers crafted from premium leather for men. Features a soft muted hues providing a calm, breezy and sophisticated aesthetic. Ideal for beach occasions. Styled in a pastel aesthetic, offering both all-day comfort and trend-forward appeal."
SKU-TOP-1011,Fossil Sky Blue Women's Polyester Blazers,topwear,Blazers,Fossil,Women,4299,4.0,Formal;Ethnic,Minimalist,Sky Blue,Polyester,"Fossil sky blue blazers crafted from premium polyester for women. Features a clean tailored silhouette with subtle contemporary accents. Ideal for formal, ethnic occasions. Styled in a minimalist aesthetic, offering both all-day comfort and trend-forward appeal."
SKU-FOO-2741,Fossil Sky Blue Men's Leather Loafers,footwear,Loafers,Fossil,Men,4449,4.2,Casual;Formal,Pastel,Sky Blue,Leather,"Fossil sky blue loafers crafted from premium leather for men. Features a soft muted hues providing a calm, breezy and sophisticated aesthetic. Ideal for casual, formal occasions. Styled in a pastel aesthetic, offering both all-day comfort and trend-forward appeal."
SKU-ACC-3357,Tommy Hilfiger Cream Men's Polyester Bags,accessories,Bags,Tommy Hilfiger,Men,3449,4.1,Party,Classic;Vibrant,Cream,Polyester,"Tommy Hilfiger cream bags crafted from premium polyester for men. Features a timeless quintessential design crafted for versatile everyday elegance. Ideal for party occasions. Styled in a classic aesthetic, offering both all-day comfort and trend-forward appeal."
SKU-ACC-3324,Roadster Navy Blue Men's Polyester Belts,accessories,Belts,Roadster,Men,1749,4.8,Gym,Streetwear;Classic,Navy Blue,Polyester,"Roadster navy blue belts crafted from premium polyester for men. Features a urban relaxed drape engineered with durable modern textures. Ideal for gym occasions. Styled in a streetwear aesthetic, offering both all-day comfort and trend-forward appeal."
SKU-FOO-2316,VERO MODA Maroon Women's Leather Loafers,footwear,Loafers,VERO MODA,Women,3549,3.7,Casual;Beach,Vibrant,Maroon,Leather,"VERO MODA maroon loafers crafted from premium leather for women. Features a eye-catching high-energy color palette suited for expressive moods. Ideal for casual, beach occasions. Styled in a vibrant aesthetic, offering both all-day comfort and trend-forward appeal."
SKU-BOT-1755,DressBerry Burgundy Women's Cotton Palazzos,bottomwear,Palazzos,DressBerry,Women,949,3.9,Casual;Gym,Pastel,Burgundy,Cotton,"DressBerry burgundy palazzos crafted from premium cotton for women. Features a soft muted hues providing a calm, breezy and sophisticated aesthetic. Ideal for casual, gym occasions. Styled in a pastel aesthetic, offering both all-day comfort and trend-forward appeal."
SKU-BOT-1627,Carlton London White Women's Cotton Skirts,bottomwear,Skirts,Carlton London,Women,1249,3.9,Gym,Pastel,White,Cotton,"Carlton London white skirts crafted from premium cotton for women. Features a soft muted hues providing a calm, breezy and sophisticated aesthetic. Ideal for gym occasions. Styled in a pastel aesthetic, offering both all-day comfort and trend-forward appeal."
SKU-FOO-2729,Anouk White Women's Polyester Loafers,footwear,Loafers,Anouk,Women,1799,4.3,Ethnic;Beach,Classic,White,Polyester,"Anouk white loafers crafted from premium polyester for women. Features a timeless quintessential design crafted for versatile everyday elegance. Ideal for ethnic, beach occasions. Styled in a classic aesthetic, offering both all-day comfort and trend-forward appeal."
SKU-FOO-2469,Fossil Burgundy Men's Leather Sneakers,footwear,Sneakers,Fossil,Men,6999,3.8,Formal;Casual,Classic;Minimalist,Burgundy,Leather,"Fossil burgundy sneakers crafted from premium leather for men. Features a timeless quintessential design crafted for versatile everyday elegance. Ideal for formal, casual occasions. Styled in a classic aesthetic, offering both all-day comfort and trend-forward appeal."
SKU-TOP-1130,Nike White Men's Cotton T-Shirts,topwear,T-Shirts,Nike,Men,949,4.0,Beach,Streetwear,White,Cotton,"Nike white t-shirts crafted from premium cotton for men. Features a urban relaxed drape engineered with durable modern textures. Ideal for beach occasions. Styled in a streetwear aesthetic, offering both all-day comfort and trend-forward appeal."
SKU-BOT-1844,HIGHLANDER Navy Blue Men's Linen Chinos,bottomwear,Chinos,HIGHLANDER,Men,1849,4.3,Casual,Classic,Navy Blue,Linen,"HIGHLANDER navy blue chinos crafted from premium linen for men. Features a timeless quintessential design crafted for versatile everyday elegance. Ideal for casual occasions. Styled in a classic aesthetic, offering both all-day comfort and trend-forward appeal."
SKU-TOP-1324,Carlton London Terracotta Women's Cotton Blazers,topwear,Blazers,Carlton London,Women,6399,4.9,Party,Streetwear,Terracotta,Cotton,"Carlton London terracotta blazers crafted from premium cotton for women. Features a urban relaxed drape engineered with durable modern textures. Ideal for party occasions. Styled in a streetwear aesthetic, offering both all-day comfort and trend-forward appeal."
SKU-ACC-3157,Anouk Mustard Yellow Women's Polyester Belts,accessories,Belts,Anouk,Women,1349,4.1,Party,Classic,Mustard Yellow,Polyester,"Anouk mustard yellow belts crafted from premium polyester for women. Features a timeless quintessential design crafted for versatile everyday elegance. Ideal for party occasions. Styled in a classic aesthetic, offering both all-day comfort and trend-forward appeal."
SKU-FOO-2449,Bata Tan Brown Women's Cotton Flats,footwear,Flats,Bata,Women,549,4.6,Gym,Streetwear,Tan Brown,Cotton,"Bata tan brown flats crafted from premium cotton for women. Features a urban relaxed drape engineered with durable modern textures. Ideal for gym occasions. Styled in a streetwear aesthetic, offering both all-day comfort and trend-forward appeal."
SKU-FOO-2285,Tokyo Talkies Mint Green Women's Polyester Heels,footwear,Heels,Tokyo Talkies,Women,4249,3.9,Ethnic,Vibrant;Streetwear,Mint Green,Polyester,"Tokyo Talkies mint green heels crafted from premium polyester for women. Features a eye-catching high-energy color palette suited for expressive moods. Ideal for ethnic occasions. Styled in a vibrant aesthetic, offering both all-day comfort and trend-forward appeal."
SKU-ACC-3422,Mast & Harbour Mustard Yellow Men's Polyester Watches,accessories,Watches,Mast & Harbour,Men,7049,4.6,Casual;Gym,Streetwear;Pastel,Mustard Yellow,Polyester,"Mast & Harbour mustard yellow watches crafted from premium polyester for men. Features a urban relaxed drape engineered with durable modern textures. Ideal for casual, gym occasions. Styled in a streetwear aesthetic, offering both all-day comfort and trend-forward appeal."
SKU-TOP-1015,Anouk Black Women's Polyester T-Shirts,topwear,T-Shirts,Anouk,Women,1399,3.6,Party,Pastel;Vibrant,Black,Polyester,"Anouk black t-shirts crafted from premium polyester for women. Features a soft muted hues providing a calm, breezy and sophisticated aesthetic. Ideal for party occasions. Styled in a pastel aesthetic, offering both all-day comfort and trend-forward appeal."
SKU-ACC-3047,Roadster Beige Unisex Polyester Sunglasses,accessories,Sunglasses,Roadster,Unisex,2249,4.2,Party,Streetwear,Beige,Polyester,"Roadster beige sunglasses crafted from premium polyester for all genders. Features a urban relaxed drape engineered with durable modern textures. Ideal for party occasions. Styled in a streetwear aesthetic, offering both all-day comfort and trend-forward appeal."
SKU-TOP-1216,Titan Cream Men's Linen Blazers,topwear,Blazers,Titan,Men,6699,4.5,Casual,Classic,Cream,Linen,"Titan cream blazers crafted from premium linen for men. Features a timeless quintessential design crafted for versatile everyday elegance. Ideal for casual occasions. Styled in a classic aesthetic, offering both all-day comfort and trend-forward appeal."
SKU-FOO-2625,Fastrack Maroon Unisex Polyester Sneakers,footwear,Sneakers,Fastrack,Unisex,4399,4.9,Ethnic;Party,Pastel;Vibrant,Maroon,Polyester,"Fastrack maroon sneakers crafted from premium polyester for all genders. Features a soft muted hues providing a calm, breezy and sophisticated aesthetic. Ideal for ethnic, party occasions. Styled in a pastel aesthetic, offering both all-day comfort and trend-forward appeal."
SKU-ACC-2938,Vans Sky Blue Unisex Cotton Bags,accessories,Bags,Vans,Unisex,3449,4.4,Formal,Minimalist,Sky Blue,Cotton,"Vans sky blue bags crafted from premium cotton for all genders. Features a clean tailored silhouette with subtle contemporary accents. Ideal for formal occasions. Styled in a minimalist aesthetic, offering both all-day comfort and trend-forward appeal."
SKU-BOT-2183,Puma Pastel Pink Men's Denim Jeans,bottomwear,Jeans,Puma,Men,2999,4.5,Casual,Classic,Pastel Pink,Denim,"Puma pastel pink jeans crafted from premium denim for men. Features a timeless quintessential design crafted for versatile everyday elegance. Ideal for casual occasions. Styled in a classic aesthetic, offering both all-day comfort and trend-forward appeal."
SKU-FOO-2651,WROGN Burgundy Men's Polyester Loafers,footwear,Loafers,WROGN,Men,2549,4.4,Casual,Minimalist,Burgundy,Polyester,"WROGN burgundy loafers crafted from premium polyester for men. Features a clean tailored silhouette with subtle contemporary accents. Ideal for casual occasions. Styled in a minimalist aesthetic, offering both all-day comfort and trend-forward appeal."
SKU-FOO-2562,Forever 21 Burgundy Women's Leather Boots,footwear,Boots,Forever 21,Women,4249,3.9,Beach,Minimalist,Burgundy,Leather,"Forever 21 burgundy boots crafted from premium leather for women. Features a clean tailored silhouette with subtle contemporary accents. Ideal for beach occasions. Styled in a minimalist aesthetic, offering both all-day comfort and trend-forward appeal."
SKU-BOT-1865,Anouk Pastel Pink Women's Cotton Skirts,bottomwear,Skirts,Anouk,Women,1099,4.0,Casual,Streetwear,Pastel Pink,Cotton,"Anouk pastel pink skirts crafted from premium cotton for women. Features a urban relaxed drape engineered with durable modern textures. Ideal for casual occasions. Styled in a streetwear aesthetic, offering both all-day comfort and trend-forward appeal."
SKU-TOP-1517,Forever 21 Mint Green Women's Cotton Crop Tops,topwear,Crop Tops,Forever 21,Women,1549,4.4,Beach;Party,Classic;Pastel,Mint Green,Cotton,"Forever 21 mint green crop tops crafted from premium cotton for women. Features a timeless quintessential design crafted for versatile everyday elegance. Ideal for beach, party occasions. Styled in a classic aesthetic, offering both all-day comfort and trend-forward appeal."
SKU-TOP-1598,Puma Charcoal Grey Women's Polyester Blouses,topwear,Blouses,Puma,Women,2499,3.9,Party,Minimalist,Charcoal Grey,Polyester,"Puma charcoal grey blouses crafted from premium polyester for women. Features a clean tailored silhouette with subtle contemporary accents. Ideal for party occasions. Styled in a minimalist aesthetic, offering both all-day comfort and trend-forward appeal."
SKU-TOP-1196,Titan White Men's Linen Kurtas,topwear,Kurtas,Titan,Men,2749,4.3,Gym,Streetwear;Vibrant,White,Linen,"Titan white kurtas crafted from premium linen for men. Features a urban relaxed drape engineered with durable modern textures. Ideal for gym occasions. Styled in a streetwear aesthetic, offering both all-day comfort and trend-forward appeal."
SKU-FOO-2278,Bata Burgundy Women's Leather Boots,footwear,Boots,Bata,Women,3399,4.3,Party,Classic;Streetwear,Burgundy,Leather,"Bata burgundy boots crafted from premium leather for women. Features a timeless quintessential design crafted for versatile everyday elegance. Ideal for party occasions. Styled in a classic aesthetic, offering both all-day comfort and trend-forward appeal."
SKU-TOP-1289,Tommy Hilfiger Pastel Pink Men's Cotton Kurtas,topwear,Kurtas,Tommy Hilfiger,Men,2399,4.3,Gym;Formal,Minimalist,Pastel Pink,Cotton,"Tommy Hilfiger pastel pink kurtas crafted from premium cotton for men. Features a clean tailored silhouette with subtle contemporary accents. Ideal for gym, formal occasions. Styled in a minimalist aesthetic, offering both all-day comfort and trend-forward appeal."
SKU-BOT-1951,HIGHLANDER White Men's Denim Jeans,bottomwear,Jeans,HIGHLANDER,Men,2599,4.1,Party,Vibrant;Classic,White,Denim,"HIGHLANDER white jeans crafted from premium denim for men. Features a eye-catching high-energy color palette suited for expressive moods. Ideal for party occasions. Styled in a vibrant aesthetic, offering both all-day comfort and trend-forward appeal."
SKU-ACC-3351,Mast & Harbour Maroon Men's Polyester Sunglasses,accessories,Sunglasses,Mast & Harbour,Men,2749,4.6,Casual;Formal,Classic;Streetwear,Maroon,Polyester,"Mast & Harbour maroon sunglasses crafted from premium polyester for men. Features a timeless quintessential design crafted for versatile everyday elegance. Ideal for casual, formal occasions. Styled in a classic aesthetic, offering both all-day comfort and trend-forward appeal."
SKU-FOO-2855,Carlton London White Women's Polyester Heels,footwear,Heels,Carlton London,Women,4099,4.6,Formal,Classic,White,Polyester,"Carlton London white heels crafted from premium polyester for women. Features a timeless quintessential design crafted for versatile everyday elegance. Ideal for formal occasions. Styled in a classic aesthetic, offering both all-day comfort and trend-forward appeal."
SKU-ACC-3382,WROGN Sky Blue Men's Polyester Sunglasses,accessories,Sunglasses,WROGN,Men,1849,3.9,Formal;Ethnic,Pastel,Sky Blue,Polyester,"WROGN sky blue sunglasses crafted from premium polyester for men. Features a soft muted hues providing a calm, breezy and sophisticated aesthetic. Ideal for formal, ethnic occasions. Styled in a pastel aesthetic, offering both all-day comfort and trend-forward appeal."
SKU-BOT-2121,Tokyo Talkies Sky Blue Women's Cotton Jeans,bottomwear,Jeans,Tokyo Talkies,Women,3849,4.6,Gym,Vibrant,Sky Blue,Cotton,"Tokyo Talkies sky blue jeans crafted from premium cotton for women. Features a eye-catching high-energy color palette suited for expressive moods. Ideal for gym occasions. Styled in a vibrant aesthetic, offering both all-day comfort and trend-forward appeal."
SKU-FOO-2573,Tokyo Talkies Mint Green Women's Cotton Flats,footwear,Flats,Tokyo Talkies,Women,2099,4.3,Casual;Ethnic,Streetwear;Vibrant,Mint Green,Cotton,"Tokyo Talkies mint green flats crafted from premium cotton for women. Features a urban relaxed drape engineered with durable modern textures. Ideal for casual, ethnic occasions. Styled in a streetwear aesthetic, offering both all-day comfort and trend-forward appeal."
SKU-TOP-1550,Sangria Tan Brown Women's Polyester Crop Tops,topwear,Crop Tops,Sangria,Women,1249,4.0,Party;Beach,Pastel,Tan Brown,Polyester,"Sangria tan brown crop tops crafted from premium polyester for women. Features a soft muted hues providing a calm, breezy and sophisticated aesthetic. Ideal for party, beach occasions. Styled in a pastel aesthetic, offering both all-day comfort and trend-forward appeal."
SKU-TOP-1157,Puma Beige Women's Linen Kurtas,topwear,Kurtas,Puma,Women,2699,4.9,Casual,Minimalist;Pastel,Beige,Linen,"Puma beige kurtas crafted from premium linen for women. Features a clean tailored silhouette with subtle contemporary accents. Ideal for casual occasions. Styled in a minimalist aesthetic, offering both all-day comfort and trend-forward appeal."
SKU-TOP-1420,VERO MODA Olive Green Women's Polyester Blazers,topwear,Blazers,VERO MODA,Women,4599,4.2,Party,Classic,Olive Green,Polyester,"VERO MODA olive green blazers crafted from premium polyester for women. Features a timeless quintessential design crafted for versatile everyday elegance. Ideal for party occasions. Styled in a classic aesthetic, offering both all-day comfort and trend-forward appeal."
SKU-BOT-1923,Nike Cream Men's Linen Trousers,bottomwear,Trousers,Nike,Men,3749,4.2,Ethnic;Formal,Streetwear,Cream,Linen,"Nike cream trousers crafted from premium linen for men. Features a urban relaxed drape engineered with durable modern textures. Ideal for ethnic, formal occasions. Styled in a streetwear aesthetic, offering both all-day comfort and trend-forward appeal."
SKU-FOO-2642,Anouk Olive Green Women's Leather Flats,footwear,Flats,Anouk,Women,699,4.7,Beach;Ethnic,Minimalist,Olive Green,Leather,"Anouk olive green flats crafted from premium leather for women. Features a clean tailored silhouette with subtle contemporary accents. Ideal for beach, ethnic occasions. Styled in a minimalist aesthetic, offering both all-day comfort and trend-forward appeal."
SKU-TOP-1478,Peter England Black Men's Linen Blazers,topwear,Blazers,Peter England,Men,5949,4.3,Gym,Pastel,Black,Linen,"Peter England black blazers crafted from premium linen for men. Features a soft muted hues providing a calm, breezy and sophisticated aesthetic. Ideal for gym occasions. Styled in a pastel aesthetic, offering both all-day comfort and trend-forward appeal."
SKU-FOO-2606,Ray-Ban Burgundy Unisex Cotton Sneakers,footwear,Sneakers,Ray-Ban,Unisex,2399,3.9,Formal,Minimalist,Burgundy,Cotton,"Ray-Ban burgundy sneakers crafted from premium cotton for all genders. Features a clean tailored silhouette with subtle contemporary accents. Ideal for formal occasions. Styled in a minimalist aesthetic, offering both all-day comfort and trend-forward appeal."
SKU-ACC-3270,Carlton London Black Women's Silk Earrings,accessories,Earrings,Carlton London,Women,1149,4.2,Ethnic;Party,Streetwear;Vibrant,Black,Silk,"Carlton London black earrings crafted from premium silk for women. Features a urban relaxed drape engineered with durable modern textures. Ideal for ethnic, party occasions. Styled in a streetwear aesthetic, offering both all-day comfort and trend-forward appeal."
SKU-FOO-2472,VERO MODA Maroon Women's Cotton Flats,footwear,Flats,VERO MODA,Women,499,4.0,Party;Gym,Vibrant,Maroon,Cotton,"VERO MODA maroon flats crafted from premium cotton for women. Features a eye-catching high-energy color palette suited for expressive moods. Ideal for party, gym occasions. Styled in a vibrant aesthetic, offering both all-day comfort and trend-forward appeal."
SKU-TOP-1554,DressBerry Sky Blue Women's Cotton Blazers,topwear,Blazers,DressBerry,Women,8999,4.3,Ethnic;Formal,Streetwear,Sky Blue,Cotton,"DressBerry sky blue blazers crafted from premium cotton for women. Features a urban relaxed drape engineered with durable modern textures. Ideal for ethnic, formal occasions. Styled in a streetwear aesthetic, offering both all-day comfort and trend-forward appeal."
SKU-BOT-2203,Bata Cream Women's Cotton Jeans,bottomwear,Jeans,Bata,Women,1199,4.2,Gym;Party,Minimalist,Cream,Cotton,"Bata cream jeans crafted from premium cotton for women. Features a clean tailored silhouette with subtle contemporary accents. Ideal for gym, party occasions. Styled in a minimalist aesthetic, offering both all-day comfort and trend-forward appeal."
SKU-TOP-1391,Anouk Sky Blue Women's Polyester Blouses,topwear,Blouses,Anouk,Women,1849,3.9,Gym,Vibrant;Streetwear,Sky Blue,Polyester,"Anouk sky blue blouses crafted from premium polyester for women. Features a eye-catching high-energy color palette suited for expressive moods. Ideal for gym occasions. Styled in a vibrant aesthetic, offering both all-day comfort and trend-forward appeal."
SKU-TOP-1579,WROGN Maroon Men's Silk Shirts,topwear,Shirts,WROGN,Men,1999,3.7,Gym,Classic;Vibrant,Maroon,Silk,"WROGN maroon shirts crafted from premium silk for men. Features a timeless quintessential design crafted for versatile everyday elegance. Ideal for gym occasions. Styled in a classic aesthetic, offering both all-day comfort and trend-forward appeal."
SKU-ACC-3314,ONLY Sky Blue Women's Cotton Bags,accessories,Bags,ONLY,Women,2049,4.4,Gym,Classic,Sky Blue,Cotton,"ONLY sky blue bags crafted from premium cotton for women. Features a timeless quintessential design crafted for versatile everyday elegance. Ideal for gym occasions. Styled in a classic aesthetic, offering both all-day comfort and trend-forward appeal."
SKU-ACC-3368,VERO MODA Tan Brown Women's Polyester Earrings,accessories,Earrings,VERO MODA,Women,1599,3.6,Party,Minimalist,Tan Brown,Polyester,"VERO MODA tan brown earrings crafted from premium polyester for women. Features a clean tailored silhouette with subtle contemporary accents. Ideal for party occasions. Styled in a minimalist aesthetic, offering both all-day comfort and trend-forward appeal."
SKU-ACC-3267,ONLY Mint Green Women's Leather Watches,accessories,Watches,ONLY,Women,5699,3.6,Casual,Streetwear;Vibrant,Mint Green,Leather,"ONLY mint green watches crafted from premium leather for women. Features a urban relaxed drape engineered with durable modern textures. Ideal for casual occasions. Styled in a streetwear aesthetic, offering both all-day comfort and trend-forward appeal."
SKU-BOT-1821,Fossil Olive Green Women's Denim Jeans,bottomwear,Jeans,Fossil,Women,1249,4.0,Beach;Party,Minimalist;Vibrant,Olive Green,Denim,"Fossil olive green jeans crafted from premium denim for women. Features a clean tailored silhouette with subtle contemporary accents. Ideal for beach, party occasions. Styled in a minimalist aesthetic, offering both all-day comfort and trend-forward appeal."
SKU-ACC-3486,VERO MODA Maroon Women's Leather Bags,accessories,Bags,VERO MODA,Women,3149,4.5,Party;Beach,Pastel,Maroon,Leather,"VERO MODA maroon bags crafted from premium leather for women. Features a soft muted hues providing a calm, breezy and sophisticated aesthetic. Ideal for party, beach occasions. Styled in a pastel aesthetic, offering both all-day comfort and trend-forward appeal."
SKU-BOT-2007,ONLY Tan Brown Women's Polyester Skirts,bottomwear,Skirts,ONLY,Women,2449,4.5,Gym,Streetwear;Vibrant,Tan Brown,Polyester,"ONLY tan brown skirts crafted from premium polyester for women. Features a urban relaxed drape engineered with durable modern textures. Ideal for gym occasions. Styled in a streetwear aesthetic, offering both all-day comfort and trend-forward appeal."
SKU-BOT-2249,Forever 21 Beige Women's Linen Trousers,bottomwear,Trousers,Forever 21,Women,3399,4.3,Casual;Gym,Vibrant,Beige,Linen,"Forever 21 beige trousers crafted from premium linen for women. Features a eye-catching high-energy color palette suited for expressive moods. Ideal for casual, gym occasions. Styled in a vibrant aesthetic, offering both all-day comfort and trend-forward appeal."
SKU-ACC-3059,Puma Tan Brown Men's Polyester Bags,accessories,Bags,Puma,Men,4499,4.3,Ethnic,Minimalist;Classic,Tan Brown,Polyester,"Puma tan brown bags crafted from premium polyester for men. Features a clean tailored silhouette with subtle contemporary accents. Ideal for ethnic occasions. Styled in a minimalist aesthetic, offering both all-day comfort and trend-forward appeal."
SKU-BOT-1665,Fossil Beige Women's Silk Skirts,bottomwear,Skirts,Fossil,Women,2499,4.0,Casual,Minimalist;Vibrant,Beige,Silk,"Fossil beige skirts crafted from premium silk for women. Features a clean tailored silhouette with subtle contemporary accents. Ideal for casual occasions. Styled in a minimalist aesthetic, offering both all-day comfort and trend-forward appeal."
SKU-ACC-3463,Mast & Harbour Mustard Yellow Men's Leather Belts,accessories,Belts,Mast & Harbour,Men,999,4.4,Formal,Minimalist;Pastel,Mustard Yellow,Leather,"Mast & Harbour mustard yellow belts crafted from premium leather for men. Features a clean tailored silhouette with subtle contemporary accents. Ideal for formal occasions. Styled in a minimalist aesthetic, offering both all-day comfort and trend-forward appeal."
SKU-TOP-1143,Tommy Hilfiger Cream Men's Cotton Blazers,topwear,Blazers,Tommy Hilfiger,Men,3749,3.6,Beach;Casual,Pastel;Minimalist,Cream,Cotton,"Tommy Hilfiger cream blazers crafted from premium cotton for men. Features a soft muted hues providing a calm, breezy and sophisticated aesthetic. Ideal for beach, casual occasions. Styled in a pastel aesthetic, offering both all-day comfort and trend-forward appeal."
SKU-ACC-3175,Ray-Ban Charcoal Grey Unisex Polyester Watches,accessories,Watches,Ray-Ban,Unisex,5899,3.9,Beach,Minimalist,Charcoal Grey,Polyester,"Ray-Ban charcoal grey watches crafted from premium polyester for all genders. Features a clean tailored silhouette with subtle contemporary accents. Ideal for beach occasions. Styled in a minimalist aesthetic, offering both all-day comfort and trend-forward appeal."
SKU-FOO-2826,Puma Black Women's Leather Flats,footwear,Flats,Puma,Women,2149,4.4,Ethnic;Beach,Minimalist;Pastel,Black,Leather,"Puma black flats crafted from premium leather for women. Features a clean tailored silhouette with subtle contemporary accents. Ideal for ethnic, beach occasions. Styled in a minimalist aesthetic, offering both all-day comfort and trend-forward appeal."
SKU-TOP-1422,Ray-Ban Black Unisex Cotton T-Shirts,topwear,T-Shirts,Ray-Ban,Unisex,849,4.8,Formal;Beach,Vibrant;Streetwear,Black,Cotton,"Ray-Ban black t-shirts crafted from premium cotton for all genders. Features a eye-catching high-energy color palette suited for expressive moods. Ideal for formal, beach occasions. Styled in a vibrant aesthetic, offering both all-day comfort and trend-forward appeal."
SKU-BOT-1800,DressBerry Mint Green Women's Cotton Chinos,bottomwear,Chinos,DressBerry,Women,2599,4.2,Party;Beach,Minimalist;Classic,Mint Green,Cotton,"DressBerry mint green chinos crafted from premium cotton for women. Features a clean tailored silhouette with subtle contemporary accents. Ideal for party, beach occasions. Styled in a minimalist aesthetic, offering both all-day comfort and trend-forward appeal."
SKU-TOP-1616,Mango Pastel Pink Women's Silk Blouses,topwear,Blouses,Mango,Women,1149,4.2,Beach;Gym,Minimalist,Pastel Pink,Silk,"Mango pastel pink blouses crafted from premium silk for women. Features a clean tailored silhouette with subtle contemporary accents. Ideal for beach, gym occasions. Styled in a minimalist aesthetic, offering both all-day comfort and trend-forward appeal."
SKU-FOO-2319,ONLY Pastel Pink Women's Polyester Heels,footwear,Heels,ONLY,Women,3899,4.0,Beach;Ethnic,Minimalist,Pastel Pink,Polyester,"ONLY pastel pink heels crafted from premium polyester for women. Features a clean tailored silhouette with subtle contemporary accents. Ideal for beach, ethnic occasions. Styled in a minimalist aesthetic, offering both all-day comfort and trend-forward appeal."
SKU-TOP-1296,Sangria Lavender Women's Cotton Blazers,topwear,Blazers,Sangria,Women,5699,4.0,Casual,Vibrant;Streetwear,Lavender,Cotton,"Sangria lavender blazers crafted from premium cotton for women. Features a eye-catching high-energy color palette suited for expressive moods. Ideal for casual occasions. Styled in a vibrant aesthetic, offering both all-day comfort and trend-forward appeal."
SKU-TOP-1402,DressBerry Terracotta Women's Linen Blazers,topwear,Blazers,DressBerry,Women,7699,4.0,Ethnic;Casual,Streetwear;Classic,Terracotta,Linen,"DressBerry terracotta blazers crafted from premium linen for women. Features a urban relaxed drape engineered with durable modern textures. Ideal for ethnic, casual occasions. Styled in a streetwear aesthetic, offering both all-day comfort and trend-forward appeal."
SKU-TOP-1089,Peter England Tan Brown Men's Cotton Blazers,topwear,Blazers,Peter England,Men,8299,4.0,Beach,Vibrant;Streetwear,Tan Brown,Cotton,"Peter England tan brown blazers crafted from premium cotton for men. Features a eye-catching high-energy color palette suited for expressive moods. Ideal for beach occasions. Styled in a vibrant aesthetic, offering both all-day comfort and trend-forward appeal."
SKU-ACC-3036,WROGN Pastel Pink Men's Leather Belts,accessories,Belts,WROGN,Men,1449,4.9,Beach;Formal,Streetwear,Pastel Pink,Leather,"WROGN pastel pink belts crafted from premium leather for men. Features a urban relaxed drape engineered with durable modern textures. Ideal for beach, formal occasions. Styled in a streetwear aesthetic, offering both all-day comfort and trend-forward appeal."
SKU-ACC-3460,Puma Sky Blue Women's Polyester Earrings,accessories,Earrings,Puma,Women,1149,4.4,Formal,Streetwear,Sky Blue,Polyester,"Puma sky blue earrings crafted from premium polyester for women. Features a urban relaxed drape engineered with durable modern textures. Ideal for formal occasions. Styled in a streetwear aesthetic, offering both all-day comfort and trend-forward appeal."
SKU-TOP-1132,Tokyo Talkies Mustard Yellow Women's Polyester Crop Tops,topwear,Crop Tops,Tokyo Talkies,Women,1699,4.2,Formal,Vibrant,Mustard Yellow,Polyester,"Tokyo Talkies mustard yellow crop tops crafted from premium polyester for women. Features a eye-catching high-energy color palette suited for expressive moods. Ideal for formal occasions. Styled in a vibrant aesthetic, offering both all-day comfort and trend-forward appeal."
SKU-FOO-2574,Nike Cream Men's Leather Loafers,footwear,Loafers,Nike,Men,4249,3.7,Gym,Streetwear;Classic,Cream,Leather,"Nike cream loafers crafted from premium leather for men. Features a urban relaxed drape engineered with durable modern textures. Ideal for gym occasions. Styled in a streetwear aesthetic, offering both all-day comfort and trend-forward appeal."
SKU-FOO-2563,Carlton London Mustard Yellow Women's Cotton Flats,footwear,Flats,Carlton London,Women,2199,3.4,Beach,Minimalist,Mustard Yellow,Cotton,"Carlton London mustard yellow flats crafted from premium cotton for women. Features a clean tailored silhouette with subtle contemporary accents. Ideal for beach occasions. Styled in a minimalist aesthetic, offering both all-day comfort and trend-forward appeal."
SKU-FOO-2829,Forever 21 Navy Blue Women's Polyester Boots,footwear,Boots,Forever 21,Women,4749,4.2,Party;Gym,Pastel,Navy Blue,Polyester,"Forever 21 navy blue boots crafted from premium polyester for women. Features a soft muted hues providing a calm, breezy and sophisticated aesthetic. Ideal for party, gym occasions. Styled in a pastel aesthetic, offering both all-day comfort and trend-forward appeal."
SKU-FOO-2403,Puma Navy Blue Women's Polyester Heels,footwear,Heels,Puma,Women,5149,4.6,Ethnic,Vibrant,Navy Blue,Polyester,"Puma navy blue heels crafted from premium polyester for women. Features a eye-catching high-energy color palette suited for expressive moods. Ideal for ethnic occasions. Styled in a vibrant aesthetic, offering both all-day comfort and trend-forward appeal."
SKU-ACC-3053,Louis Philippe Sky Blue Men's Polyester Belts,accessories,Belts,Louis Philippe,Men,1549,4.0,Casual;Gym,Vibrant;Pastel,Sky Blue,Polyester,"Louis Philippe sky blue belts crafted from premium polyester for men. Features a eye-catching high-energy color palette suited for expressive moods. Ideal for casual, gym occasions. Styled in a vibrant aesthetic, offering both all-day comfort and trend-forward appeal."
SKU-ACC-3168,Forever 21 Charcoal Grey Women's Polyester Belts,accessories,Belts,Forever 21,Women,1349,3.8,Casual,Classic,Charcoal Grey,Polyester,"Forever 21 charcoal grey belts crafted from premium polyester for women. Features a timeless quintessential design crafted for versatile everyday elegance. Ideal for casual occasions. Styled in a classic aesthetic, offering both all-day comfort and trend-forward appeal."
SKU-ACC-3002,Puma Olive Green Women's Polyester Earrings,accessories,Earrings,Puma,Women,1699,4.1,Beach;Party,Streetwear;Minimalist,Olive Green,Polyester,"Puma olive green earrings crafted from premium polyester for women. Features a urban relaxed drape engineered with durable modern textures. Ideal for beach, party occasions. Styled in a streetwear aesthetic, offering both all-day comfort and trend-forward appeal."
SKU-BOT-1725,Puma Terracotta Women's Cotton Skirts,bottomwear,Skirts,Puma,Women,1349,4.3,Ethnic;Casual,Classic,Terracotta,Cotton,"Puma terracotta skirts crafted from premium cotton for women. Features a timeless quintessential design crafted for versatile everyday elegance. Ideal for ethnic, casual occasions. Styled in a classic aesthetic, offering both all-day comfort and trend-forward appeal."
SKU-FOO-2315,WROGN Charcoal Grey Men's Leather Sneakers,footwear,Sneakers,WROGN,Men,6699,4.2,Gym,Classic;Pastel,Charcoal Grey,Leather,"WROGN charcoal grey sneakers crafted from premium leather for men. Features a timeless quintessential design crafted for versatile everyday elegance. Ideal for gym occasions. Styled in a classic aesthetic, offering both all-day comfort and trend-forward appeal."
SKU-FOO-2768,Fossil Charcoal Grey Women's Cotton Flats,footwear,Flats,Fossil,Women,549,4.1,Ethnic,Vibrant,Charcoal Grey,Cotton,"Fossil charcoal grey flats crafted from premium cotton for women. Features a eye-catching high-energy color palette suited for expressive moods. Ideal for ethnic occasions. Styled in a vibrant aesthetic, offering both all-day comfort and trend-forward appeal."
SKU-TOP-1270,Nike Olive Green Men's Cotton Blazers,topwear,Blazers,Nike,Men,4049,4.2,Formal,Pastel,Olive Green,Cotton,"Nike olive green blazers crafted from premium cotton for men. Features a soft muted hues providing a calm, breezy and sophisticated aesthetic. Ideal for formal occasions. Styled in a pastel aesthetic, offering both all-day comfort and trend-forward appeal."
SKU-FOO-2781,Anouk Olive Green Women's Leather Boots,footwear,Boots,Anouk,Women,5549,3.7,Gym;Ethnic,Classic,Olive Green,Leather,"Anouk olive green boots crafted from premium leather for women. Features a timeless quintessential design crafted for versatile everyday elegance. Ideal for gym, ethnic occasions. Styled in a classic aesthetic, offering both all-day comfort and trend-forward appeal."
SKU-ACC-3068,Fossil Pastel Pink Men's Leather Belts,accessories,Belts,Fossil,Men,549,4.2,Beach;Formal,Vibrant;Streetwear,Pastel Pink,Leather,"Fossil pastel pink belts crafted from premium leather for men. Features a eye-catching high-energy color palette suited for expressive moods. Ideal for beach, formal occasions. Styled in a vibrant aesthetic, offering both all-day comfort and trend-forward appeal."
SKU-FOO-2373,Roadster Sky Blue Men's Leather Boots,footwear,Boots,Roadster,Men,7549,3.7,Party,Vibrant,Sky Blue,Leather,"Roadster sky blue boots crafted from premium leather for men. Features a eye-catching high-energy color palette suited for expressive moods. Ideal for party occasions. Styled in a vibrant aesthetic, offering both all-day comfort and trend-forward appeal."
SKU-BOT-1918,Fossil Beige Women's Polyester Skirts,bottomwear,Skirts,Fossil,Women,2699,4.3,Formal,Vibrant,Beige,Polyester,"Fossil beige skirts crafted from premium polyester for women. Features a eye-catching high-energy color palette suited for expressive moods. Ideal for formal occasions. Styled in a vibrant aesthetic, offering both all-day comfort and trend-forward appeal."
SKU-FOO-2611,Mast & Harbour Mustard Yellow Men's Leather Loafers,footwear,Loafers,Mast & Harbour,Men,4199,4.1,Formal,Pastel,Mustard Yellow,Leather,"Mast & Harbour mustard yellow loafers crafted from premium leather for men. Features a soft muted hues providing a calm, breezy and sophisticated aesthetic. Ideal for formal occasions. Styled in a pastel aesthetic, offering both all-day comfort and trend-forward appeal."
SKU-FOO-2320,DressBerry Maroon Women's Polyester Heels,footwear,Heels,DressBerry,Women,1299,4.1,Formal;Casual,Streetwear,Maroon,Polyester,"DressBerry maroon heels crafted from premium polyester for women. Features a urban relaxed drape engineered with durable modern textures. Ideal for formal, casual occasions. Styled in a streetwear aesthetic, offering both all-day comfort and trend-forward appeal."
SKU-ACC-3139,Fossil Beige Women's Leather Belts,accessories,Belts,Fossil,Women,1299,3.8,Casual,Classic,Beige,Leather,"Fossil beige belts crafted from premium leather for women. Features a timeless quintessential design crafted for versatile everyday elegance. Ideal for casual occasions. Styled in a classic aesthetic, offering both all-day comfort and trend-forward appeal."
SKU-ACC-3022,HIGHLANDER Mustard Yellow Men's Leather Watches,accessories,Watches,HIGHLANDER,Men,1999,4.3,Casual;Formal,Minimalist;Vibrant,Mustard Yellow,Leather,"HIGHLANDER mustard yellow watches crafted from premium leather for men. Features a clean tailored silhouette with subtle contemporary accents. Ideal for casual, formal occasions. Styled in a minimalist aesthetic, offering both all-day comfort and trend-forward appeal."
SKU-FOO-2594,Peter England Cream Men's Polyester Loafers,footwear,Loafers,Peter England,Men,2999,4.5,Casual,Vibrant,Cream,Polyester,"Peter England cream loafers crafted from premium polyester for men. Features a eye-catching high-energy color palette suited for expressive moods. Ideal for casual occasions. Styled in a vibrant aesthetic, offering both all-day comfort and trend-forward appeal."
SKU-ACC-3491,Nike Navy Blue Men's Polyester Belts,accessories,Belts,Nike,Men,599,4.2,Formal,Classic,Navy Blue,Polyester,"Nike navy blue belts crafted from premium polyester for men. Features a timeless quintessential design crafted for versatile everyday elegance. Ideal for formal occasions. Styled in a classic aesthetic, offering both all-day comfort and trend-forward appeal."
SKU-TOP-1376,Fossil Mustard Yellow Men's Cotton Shirts,topwear,Shirts,Fossil,Men,2099,3.9,Casual,Classic,Mustard Yellow,Cotton,"Fossil mustard yellow shirts crafted from premium cotton for men. Features a timeless quintessential design crafted for versatile everyday elegance. Ideal for casual occasions. Styled in a classic aesthetic, offering both all-day comfort and trend-forward appeal."
SKU-TOP-1334,Fossil Pastel Pink Men's Silk Kurtas,topwear,Kurtas,Fossil,Men,2049,4.0,Party;Formal,Minimalist,Pastel Pink,Silk,"Fossil pastel pink kurtas crafted from premium silk for men. Features a clean tailored silhouette with subtle contemporary accents. Ideal for party, formal occasions. Styled in a minimalist aesthetic, offering both all-day comfort and trend-forward appeal."
SKU-FOO-2792,Anouk Maroon Women's Leather Flats,footwear,Flats,Anouk,Women,2199,4.2,Party;Ethnic,Minimalist,Maroon,Leather,"Anouk maroon flats crafted from premium leather for women. Features a clean tailored silhouette with subtle contemporary accents. Ideal for party, ethnic occasions. Styled in a minimalist aesthetic, offering both all-day comfort and trend-forward appeal."
SKU-ACC-3349,Casio Terracotta Unisex Polyester Bags,accessories,Bags,Casio,Unisex,3949,4.4,Formal;Beach,Pastel,Terracotta,Polyester,"Casio terracotta bags crafted from premium polyester for all genders. Features a soft muted hues providing a calm, breezy and sophisticated aesthetic. Ideal for formal, beach occasions. Styled in a pastel aesthetic, offering both all-day comfort and trend-forward appeal."
SKU-BOT-2119,Forever 21 Cream Women's Cotton Skirts,bottomwear,Skirts,Forever 21,Women,1799,4.3,Casual;Gym,Vibrant,Cream,Cotton,"Forever 21 cream skirts crafted from premium cotton for women. Features a eye-catching high-energy color palette suited for expressive moods. Ideal for casual, gym occasions. Styled in a vibrant aesthetic, offering both all-day comfort and trend-forward appeal."
SKU-FOO-2443,Sangria Mustard Yellow Women's Leather Sneakers,footwear,Sneakers,Sangria,Women,6599,4.3,Casual;Gym,Vibrant,Mustard Yellow,Leather,"Sangria mustard yellow sneakers crafted from premium leather for women. Features a eye-catching high-energy color palette suited for expressive moods. Ideal for casual, gym occasions. Styled in a vibrant aesthetic, offering both all-day comfort and trend-forward appeal."
SKU-BOT-1911,VERO MODA Terracotta Women's Silk Palazzos,bottomwear,Palazzos,VERO MODA,Women,2199,4.1,Gym,Vibrant;Classic,Terracotta,Silk,"VERO MODA terracotta palazzos crafted from premium silk for women. Features a eye-catching high-energy color palette suited for expressive moods. Ideal for gym occasions. Styled in a vibrant aesthetic, offering both all-day comfort and trend-forward appeal."
SKU-BOT-1777,Nike White Men's Cotton Jeans,bottomwear,Jeans,Nike,Men,2699,3.9,Gym,Pastel;Classic,White,Cotton,"Nike white jeans crafted from premium cotton for men. Features a soft muted hues providing a calm, breezy and sophisticated aesthetic. Ideal for gym occasions. Styled in a pastel aesthetic, offering both all-day comfort and trend-forward appeal."
SKU-FOO-2744,Carlton London Charcoal Grey Women's Leather Heels,footwear,Heels,Carlton London,Women,1549,4.6,Formal;Casual,Streetwear,Charcoal Grey,Leather,"Carlton London charcoal grey heels crafted from premium leather for women. Features a urban relaxed drape engineered with durable modern textures. Ideal for formal, casual occasions. Styled in a streetwear aesthetic, offering both all-day comfort and trend-forward appeal."
SKU-TOP-1329,Puma Maroon Women's Cotton Crop Tops,topwear,Crop Tops,Puma,Women,1599,4.4,Beach;Ethnic,Streetwear,Maroon,Cotton,"Puma maroon crop tops crafted from premium cotton for women. Features a urban relaxed drape engineered with durable modern textures. Ideal for beach, ethnic occasions. Styled in a streetwear aesthetic, offering both all-day comfort and trend-forward appeal."
SKU-FOO-2343,Nike Tan Brown Men's Cotton Sneakers,footwear,Sneakers,Nike,Men,6549,4.4,Ethnic,Streetwear,Tan Brown,Cotton,"Nike tan brown sneakers crafted from premium cotton for men. Features a urban relaxed drape engineered with durable modern textures. Ideal for ethnic occasions. Styled in a streetwear aesthetic, offering both all-day comfort and trend-forward appeal."
SKU-TOP-1321,Fossil Burgundy Men's Cotton Shirts,topwear,Shirts,Fossil,Men,1099,4.2,Party;Casual,Streetwear,Burgundy,Cotton,"Fossil burgundy shirts crafted from premium cotton for men. Features a urban relaxed drape engineered with durable modern textures. Ideal for party, casual occasions. Styled in a streetwear aesthetic, offering both all-day comfort and trend-forward appeal."
SKU-ACC-3011,Mango Beige Women's Leather Watches,accessories,Watches,Mango,Women,2399,3.6,Beach,Pastel,Beige,Leather,"Mango beige watches crafted from premium leather for women. Features a soft muted hues providing a calm, breezy and sophisticated aesthetic. Ideal for beach occasions. Styled in a pastel aesthetic, offering both all-day comfort and trend-forward appeal."
SKU-TOP-1013,Forever 21 Black Women's Cotton Crop Tops,topwear,Crop Tops,Forever 21,Women,1549,4.3,Gym;Party,Streetwear,Black,Cotton,"Forever 21 black crop tops crafted from premium cotton for women. Features a urban relaxed drape engineered with durable modern textures. Ideal for gym, party occasions. Styled in a streetwear aesthetic, offering both all-day comfort and trend-forward appeal."
SKU-BOT-1898,DressBerry Charcoal Grey Women's Denim Jeans,bottomwear,Jeans,DressBerry,Women,2399,4.3,Formal,Minimalist,Charcoal Grey,Denim,"DressBerry charcoal grey jeans crafted from premium denim for women. Features a clean tailored silhouette with subtle contemporary accents. Ideal for formal occasions. Styled in a minimalist aesthetic, offering both all-day comfort and trend-forward appeal."
SKU-TOP-1172,Forever 21 Maroon Women's Polyester Crop Tops,topwear,Crop Tops,Forever 21,Women,1099,3.9,Formal;Casual,Vibrant,Maroon,Polyester,"Forever 21 maroon crop tops crafted from premium polyester for women. Features a eye-catching high-energy color palette suited for expressive moods. Ideal for formal, casual occasions. Styled in a vibrant aesthetic, offering both all-day comfort and trend-forward appeal."
SKU-TOP-1261,Forever 21 Terracotta Women's Cotton Blouses,topwear,Blouses,Forever 21,Women,649,3.9,Party;Ethnic,Minimalist,Terracotta,Cotton,"Forever 21 terracotta blouses crafted from premium cotton for women. Features a clean tailored silhouette with subtle contemporary accents. Ideal for party, ethnic occasions. Styled in a minimalist aesthetic, offering both all-day comfort and trend-forward appeal."
SKU-ACC-3403,DressBerry Beige Women's Polyester Sunglasses,accessories,Sunglasses,DressBerry,Women,1549,4.0,Party;Casual,Classic;Streetwear,Beige,Polyester,"DressBerry beige sunglasses crafted from premium polyester for women. Features a timeless quintessential design crafted for versatile everyday elegance. Ideal for party, casual occasions. Styled in a classic aesthetic, offering both all-day comfort and trend-forward appeal."
SKU-BOT-1690,HRX by Hrithik Roshan Mint Green Men's Linen Chinos,bottomwear,Chinos,HRX by Hrithik Roshan,Men,1349,4.4,Beach,Pastel,Mint Green,Linen,"HRX by Hrithik Roshan mint green chinos crafted from premium linen for men. Features a soft muted hues providing a calm, breezy and sophisticated aesthetic. Ideal for beach occasions. Styled in a pastel aesthetic, offering both all-day comfort and trend-forward appeal."
SKU-BOT-1902,Puma Charcoal Grey Men's Denim Jeans,bottomwear,Jeans,Puma,Men,2499,4.1,Gym,Streetwear,Charcoal Grey,Denim,"Puma charcoal grey jeans crafted from premium denim for men. Features a urban relaxed drape engineered with durable modern textures. Ideal for gym occasions. Styled in a streetwear aesthetic, offering both all-day comfort and trend-forward appeal."
SKU-TOP-1259,Puma Lavender Women's Linen Shirts,topwear,Shirts,Puma,Women,1899,4.4,Casual;Beach,Vibrant,Lavender,Linen,"Puma lavender shirts crafted from premium linen for women. Features a eye-catching high-energy color palette suited for expressive moods. Ideal for casual, beach occasions. Styled in a vibrant aesthetic, offering both all-day comfort and trend-forward appeal."
SKU-BOT-1845,Sangria Mint Green Women's Linen Trousers,bottomwear,Trousers,Sangria,Women,2149,4.3,Gym;Party,Classic,Mint Green,Linen,"Sangria mint green trousers crafted from premium linen for women. Features a timeless quintessential design crafted for versatile everyday elegance. Ideal for gym, party occasions. Styled in a classic aesthetic, offering both all-day comfort and trend-forward appeal."
SKU-ACC-3303,Fossil Charcoal Grey Men's Polyester Belts,accessories,Belts,Fossil,Men,949,4.1,Ethnic,Vibrant,Charcoal Grey,Polyester,"Fossil charcoal grey belts crafted from premium polyester for men. Features a eye-catching high-energy color palette suited for expressive moods. Ideal for ethnic occasions. Styled in a vibrant aesthetic, offering both all-day comfort and trend-forward appeal."
SKU-TOP-1139,Nike Pastel Pink Unisex Polyester T-Shirts,topwear,T-Shirts,Nike,Unisex,1349,4.5,Ethnic;Beach,Classic,Pastel Pink,Polyester,"Nike pastel pink t-shirts crafted from premium polyester for all genders. Features a timeless quintessential design crafted for versatile everyday elegance. Ideal for ethnic, beach occasions. Styled in a classic aesthetic, offering both all-day comfort and trend-forward appeal."
SKU-TOP-1320,WROGN Sky Blue Men's Polyester T-Shirts,topwear,T-Shirts,WROGN,Men,549,4.2,Party,Minimalist;Classic,Sky Blue,Polyester,"WROGN sky blue t-shirts crafted from premium polyester for men. Features a clean tailored silhouette with subtle contemporary accents. Ideal for party occasions. Styled in a minimalist aesthetic, offering both all-day comfort and trend-forward appeal."
SKU-BOT-1654,Forever 21 Olive Green Women's Polyester Skirts,bottomwear,Skirts,Forever 21,Women,1899,3.8,Party,Minimalist;Vibrant,Olive Green,Polyester,"Forever 21 olive green skirts crafted from premium polyester for women. Features a clean tailored silhouette with subtle contemporary accents. Ideal for party occasions. Styled in a minimalist aesthetic, offering both all-day comfort and trend-forward appeal."
SKU-ACC-3203,Forever 21 Burgundy Women's Leather Bags,accessories,Bags,Forever 21,Women,3749,4.5,Party,Streetwear;Vibrant,Burgundy,Leather,"Forever 21 burgundy bags crafted from premium leather for women. Features a urban relaxed drape engineered with durable modern textures. Ideal for party occasions. Styled in a streetwear aesthetic, offering both all-day comfort and trend-forward appeal."
SKU-FOO-2815,HRX by Hrithik Roshan Pastel Pink Men's Polyester Sneakers,footwear,Sneakers,HRX by Hrithik Roshan,Men,2099,4.1,Ethnic,Pastel;Streetwear,Pastel Pink,Polyester,"HRX by Hrithik Roshan pastel pink sneakers crafted from premium polyester for men. Features a soft muted hues providing a calm, breezy and sophisticated aesthetic. Ideal for ethnic occasions. Styled in a pastel aesthetic, offering both all-day comfort and trend-forward appeal."
SKU-TOP-1559,Mast & Harbour Beige Men's Cotton T-Shirts,topwear,T-Shirts,Mast & Harbour,Men,1099,4.3,Casual,Classic,Beige,Cotton,"Mast & Harbour beige t-shirts crafted from premium cotton for men. Features a timeless quintessential design crafted for versatile everyday elegance. Ideal for casual occasions. Styled in a classic aesthetic, offering both all-day comfort and trend-forward appeal."
SKU-TOP-1140,Bata Mint Green Women's Linen Blazers,topwear,Blazers,Bata,Women,6099,3.8,Beach,Pastel,Mint Green,Linen,"Bata mint green blazers crafted from premium linen for women. Features a soft muted hues providing a calm, breezy and sophisticated aesthetic. Ideal for beach occasions. Styled in a pastel aesthetic, offering both all-day comfort and trend-forward appeal."
SKU-TOP-1113,Carlton London Mustard Yellow Women's Polyester T-Shirts,topwear,T-Shirts,Carlton London,Women,599,4.2,Party;Ethnic,Pastel;Minimalist,Mustard Yellow,Polyester,"Carlton London mustard yellow t-shirts crafted from premium polyester for women. Features a soft muted hues providing a calm, breezy and sophisticated aesthetic. Ideal for party, ethnic occasions. Styled in a pastel aesthetic, offering both all-day comfort and trend-forward appeal."
SKU-TOP-1532,Nike Olive Green Unisex Cotton T-Shirts,topwear,T-Shirts,Nike,Unisex,899,3.6,Formal;Party,Minimalist,Olive Green,Cotton,"Nike olive green t-shirts crafted from premium cotton for all genders. Features a clean tailored silhouette with subtle contemporary accents. Ideal for formal, party occasions. Styled in a minimalist aesthetic, offering both all-day comfort and trend-forward appeal."
SKU-TOP-1225,Sangria Mint Green Women's Polyester Crop Tops,topwear,Crop Tops,Sangria,Women,949,4.0,Formal,Classic;Vibrant,Mint Green,Polyester,"Sangria mint green crop tops crafted from premium polyester for women. Features a timeless quintessential design crafted for versatile everyday elegance. Ideal for formal occasions. Styled in a classic aesthetic, offering both all-day comfort and trend-forward appeal."
SKU-BOT-1724,Mast & Harbour Burgundy Men's Linen Chinos,bottomwear,Chinos,Mast & Harbour,Men,2549,4.5,Party;Casual,Streetwear;Classic,Burgundy,Linen,"Mast & Harbour burgundy chinos crafted from premium linen for men. Features a urban relaxed drape engineered with durable modern textures. Ideal for party, casual occasions. Styled in a streetwear aesthetic, offering both all-day comfort and trend-forward appeal."
SKU-ACC-3320,Anouk Cream Women's Leather Belts,accessories,Belts,Anouk,Women,449,3.8,Ethnic,Pastel,Cream,Leather,"Anouk cream belts crafted from premium leather for women. Features a soft muted hues providing a calm, breezy and sophisticated aesthetic. Ideal for ethnic occasions. Styled in a pastel aesthetic, offering both all-day comfort and trend-forward appeal."
SKU-ACC-3137,Anouk Lavender Women's Polyester Belts,accessories,Belts,Anouk,Women,1199,4.2,Casual;Ethnic,Pastel,Lavender,Polyester,"Anouk lavender belts crafted from premium polyester for women. Features a soft muted hues providing a calm, breezy and sophisticated aesthetic. Ideal for casual, ethnic occasions. Styled in a pastel aesthetic, offering both all-day comfort and trend-forward appeal."
SKU-FOO-2434,Nike Olive Green Men's Polyester Loafers,footwear,Loafers,Nike,Men,4199,4.0,Formal,Classic,Olive Green,Polyester,"Nike olive green loafers crafted from premium polyester for men. Features a timeless quintessential design crafted for versatile everyday elegance. Ideal for formal occasions. Styled in a classic aesthetic, offering both all-day comfort and trend-forward appeal."
SKU-TOP-1326,VERO MODA Charcoal Grey Women's Cotton Kurtas,topwear,Kurtas,VERO MODA,Women,899,3.8,Formal,Pastel,Charcoal Grey,Cotton,"VERO MODA charcoal grey kurtas crafted from premium cotton for women. Features a soft muted hues providing a calm, breezy and sophisticated aesthetic. Ideal for formal occasions. Styled in a pastel aesthetic, offering both all-day comfort and trend-forward appeal."
SKU-FOO-2324,Fastrack Mustard Yellow Unisex Cotton Sneakers,footwear,Sneakers,Fastrack,Unisex,2549,4.4,Ethnic,Vibrant,Mustard Yellow,Cotton,"Fastrack mustard yellow sneakers crafted from premium cotton for all genders. Features a eye-catching high-energy color palette suited for expressive moods. Ideal for ethnic occasions. Styled in a vibrant aesthetic, offering both all-day comfort and trend-forward appeal."
SKU-ACC-2940,Ray-Ban White Unisex Polyester Sunglasses,accessories,Sunglasses,Ray-Ban,Unisex,599,4.2,Beach;Formal,Minimalist;Pastel,White,Polyester,"Ray-Ban white sunglasses crafted from premium polyester for all genders. Features a clean tailored silhouette with subtle contemporary accents. Ideal for beach, formal occasions. Styled in a minimalist aesthetic, offering both all-day comfort and trend-forward appeal."
SKU-FOO-2459,Peter England Terracotta Men's Polyester Sneakers,footwear,Sneakers,Peter England,Men,4699,4.7,Casual,Minimalist,Terracotta,Polyester,"Peter England terracotta sneakers crafted from premium polyester for men. Features a clean tailored silhouette with subtle contemporary accents. Ideal for casual occasions. Styled in a minimalist aesthetic, offering both all-day comfort and trend-forward appeal."
SKU-ACC-2928,Louis Philippe Lavender Men's Polyester Belts,accessories,Belts,Louis Philippe,Men,649,4.1,Party,Minimalist,Lavender,Polyester,"Louis Philippe lavender belts crafted from premium polyester for men. Features a clean tailored silhouette with subtle contemporary accents. Ideal for party occasions. Styled in a minimalist aesthetic, offering both all-day comfort and trend-forward appeal."
SKU-ACC-3249,DressBerry Maroon Women's Leather Belts,accessories,Belts,DressBerry,Women,749,4.1,Gym,Pastel,Maroon,Leather,"DressBerry maroon belts crafted from premium leather for women. Features a soft muted hues providing a calm, breezy and sophisticated aesthetic. Ideal for gym occasions. Styled in a pastel aesthetic, offering both all-day comfort and trend-forward appeal."
SKU-BOT-1715,Carlton London Cream Women's Polyester Trousers,bottomwear,Trousers,Carlton London,Women,2699,4.2,Casual,Pastel,Cream,Polyester,"Carlton London cream trousers crafted from premium polyester for women. Features a soft muted hues providing a calm, breezy and sophisticated aesthetic. Ideal for casual occasions. Styled in a pastel aesthetic, offering both all-day comfort and trend-forward appeal."
SKU-BOT-1847,VERO MODA Mustard Yellow Women's Cotton Palazzos,bottomwear,Palazzos,VERO MODA,Women,2099,4.3,Beach;Formal,Classic,Mustard Yellow,Cotton,"VERO MODA mustard yellow palazzos crafted from premium cotton for women. Features a timeless quintessential design crafted for versatile everyday elegance. Ideal for beach, formal occasions. Styled in a classic aesthetic, offering both all-day comfort and trend-forward appeal."
SKU-TOP-1194,Louis Philippe Tan Brown Men's Linen Kurtas,topwear,Kurtas,Louis Philippe,Men,2199,3.8,Ethnic,Classic,Tan Brown,Linen,"Louis Philippe tan brown kurtas crafted from premium linen for men. Features a timeless quintessential design crafted for versatile everyday elegance. Ideal for ethnic occasions. Styled in a classic aesthetic, offering both all-day comfort and trend-forward appeal."
SKU-ACC-2926,Carlton London Sky Blue Women's Polyester Belts,accessories,Belts,Carlton London,Women,1899,3.9,Gym;Party,Pastel;Vibrant,Sky Blue,Polyester,"Carlton London sky blue belts crafted from premium polyester for women. Features a soft muted hues providing a calm, breezy and sophisticated aesthetic. Ideal for gym, party occasions. Styled in a pastel aesthetic, offering both all-day comfort and trend-forward appeal."
SKU-TOP-1574,Tommy Hilfiger White Men's Cotton T-Shirts,topwear,T-Shirts,Tommy Hilfiger,Men,599,4.1,Casual,Classic;Vibrant,White,Cotton,"Tommy Hilfiger white t-shirts crafted from premium cotton for men. Features a timeless quintessential design crafted for versatile everyday elegance. Ideal for casual occasions. Styled in a classic aesthetic, offering both all-day comfort and trend-forward appeal."
SKU-BOT-1947,ONLY Olive Green Women's Cotton Chinos,bottomwear,Chinos,ONLY,Women,2349,3.7,Formal;Beach,Minimalist,Olive Green,Cotton,"ONLY olive green chinos crafted from premium cotton for women. Features a clean tailored silhouette with subtle contemporary accents. Ideal for formal, beach occasions. Styled in a minimalist aesthetic, offering both all-day comfort and trend-forward appeal."
SKU-TOP-1504,Bata White Women's Cotton Shirts,topwear,Shirts,Bata,Women,2149,4.4,Gym;Ethnic,Vibrant;Streetwear,White,Cotton,"Bata white shirts crafted from premium cotton for women. Features a eye-catching high-energy color palette suited for expressive moods. Ideal for gym, ethnic occasions. Styled in a vibrant aesthetic, offering both all-day comfort and trend-forward appeal."
SKU-FOO-2808,HIGHLANDER Sky Blue Men's Polyester Loafers,footwear,Loafers,HIGHLANDER,Men,3999,4.4,Gym;Ethnic,Streetwear,Sky Blue,Polyester,"HIGHLANDER sky blue loafers crafted from premium polyester for men. Features a urban relaxed drape engineered with durable modern textures. Ideal for gym, ethnic occasions. Styled in a streetwear aesthetic, offering both all-day comfort and trend-forward appeal."
SKU-ACC-3408,Roadster Cream Unisex Polyester Watches,accessories,Watches,Roadster,Unisex,2599,4.5,Party;Formal,Minimalist,Cream,Polyester,"Roadster cream watches crafted from premium polyester for all genders. Features a clean tailored silhouette with subtle contemporary accents. Ideal for party, formal occasions. Styled in a minimalist aesthetic, offering both all-day comfort and trend-forward appeal."
SKU-BOT-1646,VERO MODA Sky Blue Women's Silk Palazzos,bottomwear,Palazzos,VERO MODA,Women,1999,4.1,Beach;Gym,Classic,Sky Blue,Silk,"VERO MODA sky blue palazzos crafted from premium silk for women. Features a timeless quintessential design crafted for versatile everyday elegance. Ideal for beach, gym occasions. Styled in a classic aesthetic, offering both all-day comfort and trend-forward appeal."
SKU-TOP-1004,WROGN Mint Green Men's Cotton Kurtas,topwear,Kurtas,WROGN,Men,1199,4.7,Party,Classic;Pastel,Mint Green,Cotton,"WROGN mint green kurtas crafted from premium cotton for men. Features a timeless quintessential design crafted for versatile everyday elegance. Ideal for party occasions. Styled in a classic aesthetic, offering both all-day comfort and trend-forward appeal."
SKU-FOO-2778,Nike Burgundy Men's Leather Boots,footwear,Boots,Nike,Men,2449,4.2,Party;Formal,Vibrant;Minimalist,Burgundy,Leather,"Nike burgundy boots crafted from premium leather for men. Features a eye-catching high-energy color palette suited for expressive moods. Ideal for party, formal occasions. Styled in a vibrant aesthetic, offering both all-day comfort and trend-forward appeal."
SKU-TOP-1468,Puma Charcoal Grey Women's Cotton Crop Tops,topwear,Crop Tops,Puma,Women,1049,4.5,Gym,Pastel;Minimalist,Charcoal Grey,Cotton,"Puma charcoal grey crop tops crafted from premium cotton for women. Features a soft muted hues providing a calm, breezy and sophisticated aesthetic. Ideal for gym occasions. Styled in a pastel aesthetic, offering both all-day comfort and trend-forward appeal."
SKU-FOO-2346,Carlton London White Women's Leather Heels,footwear,Heels,Carlton London,Women,2349,3.7,Party;Casual,Vibrant,White,Leather,"Carlton London white heels crafted from premium leather for women. Features a eye-catching high-energy color palette suited for expressive moods. Ideal for party, casual occasions. Styled in a vibrant aesthetic, offering both all-day comfort and trend-forward appeal."
SKU-TOP-1006,Puma Navy Blue Women's Cotton Crop Tops,topwear,Crop Tops,Puma,Women,899,4.1,Casual;Formal,Streetwear;Pastel,Navy Blue,Cotton,"Puma navy blue crop tops crafted from premium cotton for women. Features a urban relaxed drape engineered with durable modern textures. Ideal for casual, formal occasions. Styled in a streetwear aesthetic, offering both all-day comfort and trend-forward appeal."
SKU-ACC-3032,VERO MODA Black Women's Leather Belts,accessories,Belts,VERO MODA,Women,1849,3.9,Casual,Vibrant,Black,Leather,"VERO MODA black belts crafted from premium leather for women. Features a eye-catching high-energy color palette suited for expressive moods. Ideal for casual occasions. Styled in a vibrant aesthetic, offering both all-day comfort and trend-forward appeal."
SKU-BOT-1920,Tokyo Talkies Olive Green Women's Silk Skirts,bottomwear,Skirts,Tokyo Talkies,Women,2099,4.3,Formal,Streetwear,Olive Green,Silk,"Tokyo Talkies olive green skirts crafted from premium silk for women. Features a urban relaxed drape engineered with durable modern textures. Ideal for formal occasions. Styled in a streetwear aesthetic, offering both all-day comfort and trend-forward appeal."
SKU-TOP-1548,Carlton London Mustard Yellow Women's Polyester Blazers,topwear,Blazers,Carlton London,Women,5799,4.1,Ethnic;Beach,Streetwear;Minimalist,Mustard Yellow,Polyester,"Carlton London mustard yellow blazers crafted from premium polyester for women. Features a urban relaxed drape engineered with durable modern textures. Ideal for ethnic, beach occasions. Styled in a streetwear aesthetic, offering both all-day comfort and trend-forward appeal."
SKU-TOP-1229,VERO MODA Mustard Yellow Women's Polyester Crop Tops,topwear,Crop Tops,VERO MODA,Women,849,3.9,Casual,Pastel;Minimalist,Mustard Yellow,Polyester,"VERO MODA mustard yellow crop tops crafted from premium polyester for women. Features a soft muted hues providing a calm, breezy and sophisticated aesthetic. Ideal for casual occasions. Styled in a pastel aesthetic, offering both all-day comfort and trend-forward appeal."
SKU-BOT-2064,Nike Mint Green Men's Linen Chinos,bottomwear,Chinos,Nike,Men,2749,3.6,Ethnic;Casual,Vibrant;Pastel,Mint Green,Linen,"Nike mint green chinos crafted from premium linen for men. Features a eye-catching high-energy color palette suited for expressive moods. Ideal for ethnic, casual occasions. Styled in a vibrant aesthetic, offering both all-day comfort and trend-forward appeal."
SKU-TOP-1543,Anouk Mint Green Women's Cotton Crop Tops,topwear,Crop Tops,Anouk,Women,499,4.4,Beach;Gym,Pastel,Mint Green,Cotton,"Anouk mint green crop tops crafted from premium cotton for women. Features a soft muted hues providing a calm, breezy and sophisticated aesthetic. Ideal for beach, gym occasions. Styled in a pastel aesthetic, offering both all-day comfort and trend-forward appeal."
SKU-TOP-1243,Bata Black Women's Cotton Blouses,topwear,Blouses,Bata,Women,949,4.4,Beach,Pastel,Black,Cotton,"Bata black blouses crafted from premium cotton for women. Features a soft muted hues providing a calm, breezy and sophisticated aesthetic. Ideal for beach occasions. Styled in a pastel aesthetic, offering both all-day comfort and trend-forward appeal."
SKU-BOT-1899,HIGHLANDER Black Men's Denim Jeans,bottomwear,Jeans,HIGHLANDER,Men,1399,4.6,Casual,Classic,Black,Denim,"HIGHLANDER black jeans crafted from premium denim for men. Features a timeless quintessential design crafted for versatile everyday elegance. Ideal for casual occasions. Styled in a classic aesthetic, offering both all-day comfort and trend-forward appeal."
SKU-FOO-2755,Mast & Harbour Cream Men's Leather Loafers,footwear,Loafers,Mast & Harbour,Men,2949,4.4,Ethnic,Vibrant,Cream,Leather,"Mast & Harbour cream loafers crafted from premium leather for men. Features a eye-catching high-energy color palette suited for expressive moods. Ideal for ethnic occasions. Styled in a vibrant aesthetic, offering both all-day comfort and trend-forward appeal."
SKU-BOT-2161,VERO MODA Cream Women's Cotton Jeans,bottomwear,Jeans,VERO MODA,Women,1349,3.3,Party;Casual,Minimalist;Vibrant,Cream,Cotton,"VERO MODA cream jeans crafted from premium cotton for women. Features a clean tailored silhouette with subtle contemporary accents. Ideal for party, casual occasions. Styled in a minimalist aesthetic, offering both all-day comfort and trend-forward appeal."
SKU-FOO-2833,Titan White Men's Polyester Boots,footwear,Boots,Titan,Men,4499,4.5,Gym,Streetwear,White,Polyester,"Titan white boots crafted from premium polyester for men. Features a urban relaxed drape engineered with durable modern textures. Ideal for gym occasions. Styled in a streetwear aesthetic, offering both all-day comfort and trend-forward appeal."
SKU-FOO-2689,VERO MODA Olive Green Women's Polyester Boots,footwear,Boots,VERO MODA,Women,5799,4.3,Beach;Gym,Streetwear,Olive Green,Polyester,"VERO MODA olive green boots crafted from premium polyester for women. Features a urban relaxed drape engineered with durable modern textures. Ideal for beach, gym occasions. Styled in a streetwear aesthetic, offering both all-day comfort and trend-forward appeal."
SKU-FOO-2810,ONLY Black Women's Cotton Flats,footwear,Flats,ONLY,Women,2099,4.5,Party;Formal,Classic,Black,Cotton,"ONLY black flats crafted from premium cotton for women. Features a timeless quintessential design crafted for versatile everyday elegance. Ideal for party, formal occasions. Styled in a classic aesthetic, offering both all-day comfort and trend-forward appeal."
SKU-BOT-1843,ONLY Charcoal Grey Women's Linen Chinos,bottomwear,Chinos,ONLY,Women,999,3.8,Formal,Minimalist,Charcoal Grey,Linen,"ONLY charcoal grey chinos crafted from premium linen for women. Features a clean tailored silhouette with subtle contemporary accents. Ideal for formal occasions. Styled in a minimalist aesthetic, offering both all-day comfort and trend-forward appeal."
SKU-FOO-2374,VERO MODA Mustard Yellow Women's Polyester Heels,footwear,Heels,VERO MODA,Women,4399,3.6,Formal,Classic,Mustard Yellow,Polyester,"VERO MODA mustard yellow heels crafted from premium polyester for women. Features a timeless quintessential design crafted for versatile everyday elegance. Ideal for formal occasions. Styled in a classic aesthetic, offering both all-day comfort and trend-forward appeal."
SKU-ACC-3108,Converse Lavender Unisex Leather Bags,accessories,Bags,Converse,Unisex,4149,4.4,Casual,Streetwear,Lavender,Leather,"Converse lavender bags crafted from premium leather for all genders. Features a urban relaxed drape engineered with durable modern textures. Ideal for casual occasions. Styled in a streetwear aesthetic, offering both all-day comfort and trend-forward appeal."
SKU-ACC-3113,Roadster Burgundy Unisex Cotton Bags,accessories,Bags,Roadster,Unisex,3749,4.2,Formal;Gym,Pastel,Burgundy,Cotton,"Roadster burgundy bags crafted from premium cotton for all genders. Features a soft muted hues providing a calm, breezy and sophisticated aesthetic. Ideal for formal, gym occasions. Styled in a pastel aesthetic, offering both all-day comfort and trend-forward appeal."
SKU-FOO-2527,Tokyo Talkies Mint Green Women's Polyester Heels,footwear,Heels,Tokyo Talkies,Women,2749,4.9,Formal;Beach,Vibrant;Streetwear,Mint Green,Polyester,"Tokyo Talkies mint green heels crafted from premium polyester for women. Features a eye-catching high-energy color palette suited for expressive moods. Ideal for formal, beach occasions. Styled in a vibrant aesthetic, offering both all-day comfort and trend-forward appeal."
SKU-TOP-1277,Casio Pastel Pink Unisex Polyester T-Shirts,topwear,T-Shirts,Casio,Unisex,1549,4.3,Beach;Ethnic,Classic,Pastel Pink,Polyester,"Casio pastel pink t-shirts crafted from premium polyester for all genders. Features a timeless quintessential design crafted for versatile everyday elegance. Ideal for beach, ethnic occasions. Styled in a classic aesthetic, offering both all-day comfort and trend-forward appeal."
SKU-BOT-1662,Peter England Charcoal Grey Men's Linen Chinos,bottomwear,Chinos,Peter England,Men,1649,4.0,Gym,Pastel,Charcoal Grey,Linen,"Peter England charcoal grey chinos crafted from premium linen for men. Features a soft muted hues providing a calm, breezy and sophisticated aesthetic. Ideal for gym occasions. Styled in a pastel aesthetic, offering both all-day comfort and trend-forward appeal."
SKU-FOO-2827,Tokyo Talkies Sky Blue Women's Leather Heels,footwear,Heels,Tokyo Talkies,Women,3749,3.8,Ethnic;Formal,Vibrant,Sky Blue,Leather,"Tokyo Talkies sky blue heels crafted from premium leather for women. Features a eye-catching high-energy color palette suited for expressive moods. Ideal for ethnic, formal occasions. Styled in a vibrant aesthetic, offering both all-day comfort and trend-forward appeal."
SKU-ACC-3117,Anouk Black Women's Polyester Belts,accessories,Belts,Anouk,Women,1949,4.1,Casual,Streetwear,Black,Polyester,"Anouk black belts crafted from premium polyester for women. Features a urban relaxed drape engineered with durable modern textures. Ideal for casual occasions. Styled in a streetwear aesthetic, offering both all-day comfort and trend-forward appeal."
SKU-ACC-3358,Mango Tan Brown Women's Polyester Watches,accessories,Watches,Mango,Women,4199,4.3,Casual,Minimalist,Tan Brown,Polyester,"Mango tan brown watches crafted from premium polyester for women. Features a clean tailored silhouette with subtle contemporary accents. Ideal for casual occasions. Styled in a minimalist aesthetic, offering both all-day comfort and trend-forward appeal."
SKU-FOO-2859,Puma Mint Green Men's Polyester Loafers,footwear,Loafers,Puma,Men,1199,4.3,Beach,Classic,Mint Green,Polyester,"Puma mint green loafers crafted from premium polyester for men. Features a timeless quintessential design crafted for versatile everyday elegance. Ideal for beach occasions. Styled in a classic aesthetic, offering both all-day comfort and trend-forward appeal."
SKU-TOP-1315,Mango Mint Green Women's Polyester T-Shirts,topwear,T-Shirts,Mango,Women,1049,4.7,Party,Vibrant,Mint Green,Polyester,"Mango mint green t-shirts crafted from premium polyester for women. Features a eye-catching high-energy color palette suited for expressive moods. Ideal for party occasions. Styled in a vibrant aesthetic, offering both all-day comfort and trend-forward appeal."
SKU-FOO-2467,Nike Black Men's Polyester Boots,footwear,Boots,Nike,Men,6399,4.8,Formal;Gym,Pastel,Black,Polyester,"Nike black boots crafted from premium polyester for men. Features a soft muted hues providing a calm, breezy and sophisticated aesthetic. Ideal for formal, gym occasions. Styled in a pastel aesthetic, offering both all-day comfort and trend-forward appeal."
SKU-FOO-2344,WROGN Navy Blue Men's Leather Boots,footwear,Boots,WROGN,Men,7749,4.6,Gym,Pastel,Navy Blue,Leather,"WROGN navy blue boots crafted from premium leather for men. Features a soft muted hues providing a calm, breezy and sophisticated aesthetic. Ideal for gym occasions. Styled in a pastel aesthetic, offering both all-day comfort and trend-forward appeal."
SKU-FOO-2846,Tokyo Talkies Black Women's Polyester Heels,footwear,Heels,Tokyo Talkies,Women,2699,3.8,Ethnic,Classic,Black,Polyester,"Tokyo Talkies black heels crafted from premium polyester for women. Features a timeless quintessential design crafted for versatile everyday elegance. Ideal for ethnic occasions. Styled in a classic aesthetic, offering both all-day comfort and trend-forward appeal."
SKU-BOT-1692,Fossil Cream Men's Polyester Trousers,bottomwear,Trousers,Fossil,Men,1349,4.6,Ethnic,Minimalist,Cream,Polyester,"Fossil cream trousers crafted from premium polyester for men. Features a clean tailored silhouette with subtle contemporary accents. Ideal for ethnic occasions. Styled in a minimalist aesthetic, offering both all-day comfort and trend-forward appeal."
SKU-FOO-2542,Peter England Beige Men's Leather Loafers,footwear,Loafers,Peter England,Men,4049,4.8,Party,Streetwear,Beige,Leather,"Peter England beige loafers crafted from premium leather for men. Features a urban relaxed drape engineered with durable modern textures. Ideal for party occasions. Styled in a streetwear aesthetic, offering both all-day comfort and trend-forward appeal."
SKU-TOP-1613,Titan Tan Brown Men's Silk Kurtas,topwear,Kurtas,Titan,Men,1599,4.3,Ethnic,Classic,Tan Brown,Silk,"Titan tan brown kurtas crafted from premium silk for men. Features a timeless quintessential design crafted for versatile everyday elegance. Ideal for ethnic occasions. Styled in a classic aesthetic, offering both all-day comfort and trend-forward appeal."
SKU-TOP-1425,Bata Olive Green Women's Silk Shirts,topwear,Shirts,Bata,Women,699,4.4,Ethnic;Casual,Classic;Minimalist,Olive Green,Silk,"Bata olive green shirts crafted from premium silk for women. Features a timeless quintessential design crafted for versatile everyday elegance. Ideal for ethnic, casual occasions. Styled in a classic aesthetic, offering both all-day comfort and trend-forward appeal."
SKU-FOO-2578,Fossil Mint Green Men's Leather Boots,footwear,Boots,Fossil,Men,4449,4.6,Beach,Minimalist,Mint Green,Leather,"Fossil mint green boots crafted from premium leather for men. Features a clean tailored silhouette with subtle contemporary accents. Ideal for beach occasions. Styled in a minimalist aesthetic, offering both all-day comfort and trend-forward appeal."
SKU-TOP-1595,Bata Beige Women's Cotton T-Shirts,topwear,T-Shirts,Bata,Women,399,4.6,Casual,Streetwear,Beige,Cotton,"Bata beige t-shirts crafted from premium cotton for women. Features a urban relaxed drape engineered with durable modern textures. Ideal for casual occasions. Styled in a streetwear aesthetic, offering both all-day comfort and trend-forward appeal."
SKU-ACC-3476,Roadster White Men's Polyester Bags,accessories,Bags,Roadster,Men,2699,4.5,Ethnic;Formal,Vibrant,White,Polyester,"Roadster white bags crafted from premium polyester for men. Features a eye-catching high-energy color palette suited for expressive moods. Ideal for ethnic, formal occasions. Styled in a vibrant aesthetic, offering both all-day comfort and trend-forward appeal."
SKU-ACC-2951,Fastrack Beige Unisex Leather Bags,accessories,Bags,Fastrack,Unisex,4949,3.6,Casual,Pastel;Classic,Beige,Leather,"Fastrack beige bags crafted from premium leather for all genders. Features a soft muted hues providing a calm, breezy and sophisticated aesthetic. Ideal for casual occasions. Styled in a pastel aesthetic, offering both all-day comfort and trend-forward appeal."
SKU-TOP-1623,Puma Sky Blue Unisex Cotton T-Shirts,topwear,T-Shirts,Puma,Unisex,999,4.9,Casual;Party,Streetwear,Sky Blue,Cotton,"Puma sky blue t-shirts crafted from premium cotton for all genders. Features a urban relaxed drape engineered with durable modern textures. Ideal for casual, party occasions. Styled in a streetwear aesthetic, offering both all-day comfort and trend-forward appeal."
SKU-FOO-2806,VERO MODA Beige Women's Leather Heels,footwear,Heels,VERO MODA,Women,5299,3.6,Party,Minimalist,Beige,Leather,"VERO MODA beige heels crafted from premium leather for women. Features a clean tailored silhouette with subtle contemporary accents. Ideal for party occasions. Styled in a minimalist aesthetic, offering both all-day comfort and trend-forward appeal."
SKU-FOO-2494,Mango Sky Blue Women's Polyester Sneakers,footwear,Sneakers,Mango,Women,5099,4.3,Party;Gym,Classic;Pastel,Sky Blue,Polyester,"Mango sky blue sneakers crafted from premium polyester for women. Features a timeless quintessential design crafted for versatile everyday elegance. Ideal for party, gym occasions. Styled in a classic aesthetic, offering both all-day comfort and trend-forward appeal."
SKU-ACC-3239,Nike Lavender Unisex Polyester Sunglasses,accessories,Sunglasses,Nike,Unisex,1899,4.1,Casual;Ethnic,Streetwear,Lavender,Polyester,"Nike lavender sunglasses crafted from premium polyester for all genders. Features a urban relaxed drape engineered with durable modern textures. Ideal for casual, ethnic occasions. Styled in a streetwear aesthetic, offering both all-day comfort and trend-forward appeal."
SKU-TOP-1228,Sangria Tan Brown Women's Cotton Blouses,topwear,Blouses,Sangria,Women,899,3.8,Casual;Ethnic,Streetwear,Tan Brown,Cotton,"Sangria tan brown blouses crafted from premium cotton for women. Features a urban relaxed drape engineered with durable modern textures. Ideal for casual, ethnic occasions. Styled in a streetwear aesthetic, offering both all-day comfort and trend-forward appeal."
SKU-ACC-3323,Forever 21 Sky Blue Women's Silk Earrings,accessories,Earrings,Forever 21,Women,1549,4.4,Ethnic;Casual,Pastel,Sky Blue,Silk,"Forever 21 sky blue earrings crafted from premium silk for women. Features a soft muted hues providing a calm, breezy and sophisticated aesthetic. Ideal for ethnic, casual occasions. Styled in a pastel aesthetic, offering both all-day comfort and trend-forward appeal."
SKU-BOT-2170,Bata Mustard Yellow Women's Cotton Palazzos,bottomwear,Palazzos,Bata,Women,1199,4.5,Formal,Streetwear;Minimalist,Mustard Yellow,Cotton,"Bata mustard yellow palazzos crafted from premium cotton for women. Features a urban relaxed drape engineered with durable modern textures. Ideal for formal occasions. Styled in a streetwear aesthetic, offering both all-day comfort and trend-forward appeal."
SKU-ACC-3038,Puma Tan Brown Men's Leather Bags,accessories,Bags,Puma,Men,799,4.0,Formal;Gym,Vibrant,Tan Brown,Leather,"Puma tan brown bags crafted from premium leather for men. Features a eye-catching high-energy color palette suited for expressive moods. Ideal for formal, gym occasions. Styled in a vibrant aesthetic, offering both all-day comfort and trend-forward appeal."
SKU-FOO-2703,Carlton London Sky Blue Women's Leather Loafers,footwear,Loafers,Carlton London,Women,1749,4.4,Ethnic,Vibrant,Sky Blue,Leather,"Carlton London sky blue loafers crafted from premium leather for women. Features a eye-catching high-energy color palette suited for expressive moods. Ideal for ethnic occasions. Styled in a vibrant aesthetic, offering both all-day comfort and trend-forward appeal."
SKU-TOP-1067,ONLY Charcoal Grey Women's Linen Kurtas,topwear,Kurtas,ONLY,Women,1949,4.2,Ethnic,Minimalist;Vibrant,Charcoal Grey,Linen,"ONLY charcoal grey kurtas crafted from premium linen for women. Features a clean tailored silhouette with subtle contemporary accents. Ideal for ethnic occasions. Styled in a minimalist aesthetic, offering both all-day comfort and trend-forward appeal."
SKU-FOO-2418,Roadster Black Unisex Cotton Sneakers,footwear,Sneakers,Roadster,Unisex,6799,4.3,Ethnic,Pastel;Minimalist,Black,Cotton,"Roadster black sneakers crafted from premium cotton for all genders. Features a soft muted hues providing a calm, breezy and sophisticated aesthetic. Ideal for ethnic occasions. Styled in a pastel aesthetic, offering both all-day comfort and trend-forward appeal."
SKU-ACC-3255,Mast & Harbour Mustard Yellow Men's Polyester Watches,accessories,Watches,Mast & Harbour,Men,2199,3.8,Ethnic,Minimalist,Mustard Yellow,Polyester,"Mast & Harbour mustard yellow watches crafted from premium polyester for men. Features a clean tailored silhouette with subtle contemporary accents. Ideal for ethnic occasions. Styled in a minimalist aesthetic, offering both all-day comfort and trend-forward appeal."
SKU-TOP-1025,Mango Burgundy Women's Linen Shirts,topwear,Shirts,Mango,Women,2449,4.0,Gym;Ethnic,Streetwear,Burgundy,Linen,"Mango burgundy shirts crafted from premium linen for women. Features a urban relaxed drape engineered with durable modern textures. Ideal for gym, ethnic occasions. Styled in a streetwear aesthetic, offering both all-day comfort and trend-forward appeal."
SKU-BOT-2236,ONLY Terracotta Women's Cotton Trousers,bottomwear,Trousers,ONLY,Women,2749,4.8,Gym,Minimalist,Terracotta,Cotton,"ONLY terracotta trousers crafted from premium cotton for women. Features a clean tailored silhouette with subtle contemporary accents. Ideal for gym occasions. Styled in a minimalist aesthetic, offering both all-day comfort and trend-forward appeal."
SKU-ACC-3464,VERO MODA Navy Blue Women's Polyester Sunglasses,accessories,Sunglasses,VERO MODA,Women,3299,3.8,Ethnic,Vibrant;Pastel,Navy Blue,Polyester,"VERO MODA navy blue sunglasses crafted from premium polyester for women. Features a eye-catching high-energy color palette suited for expressive moods. Ideal for ethnic occasions. Styled in a vibrant aesthetic, offering both all-day comfort and trend-forward appeal."
SKU-TOP-1145,VERO MODA Mint Green Women's Linen Kurtas,topwear,Kurtas,VERO MODA,Women,3249,4.3,Gym,Minimalist,Mint Green,Linen,"VERO MODA mint green kurtas crafted from premium linen for women. Features a clean tailored silhouette with subtle contemporary accents. Ideal for gym occasions. Styled in a minimalist aesthetic, offering both all-day comfort and trend-forward appeal."
SKU-TOP-1537,Fossil Navy Blue Women's Cotton Kurtas,topwear,Kurtas,Fossil,Women,1599,3.9,Beach,Minimalist,Navy Blue,Cotton,"Fossil navy blue kurtas crafted from premium cotton for women. Features a clean tailored silhouette with subtle contemporary accents. Ideal for beach occasions. Styled in a minimalist aesthetic, offering both all-day comfort and trend-forward appeal."
SKU-BOT-1812,HRX by Hrithik Roshan Tan Brown Men's Cotton Chinos,bottomwear,Chinos,HRX by Hrithik Roshan,Men,1849,4.0,Party;Casual,Classic,Tan Brown,Cotton,"HRX by Hrithik Roshan tan brown chinos crafted from premium cotton for men. Features a timeless quintessential design crafted for versatile everyday elegance. Ideal for party, casual occasions. Styled in a classic aesthetic, offering both all-day comfort and trend-forward appeal."
SKU-FOO-2736,Fossil Cream Women's Leather Heels,footwear,Heels,Fossil,Women,2599,3.6,Ethnic;Gym,Vibrant,Cream,Leather,"Fossil cream heels crafted from premium leather for women. Features a eye-catching high-energy color palette suited for expressive moods. Ideal for ethnic, gym occasions. Styled in a vibrant aesthetic, offering both all-day comfort and trend-forward appeal."
SKU-FOO-2498,Bata Lavender Women's Leather Boots,footwear,Boots,Bata,Women,7549,4.6,Gym,Classic,Lavender,Leather,"Bata lavender boots crafted from premium leather for women. Features a timeless quintessential design crafted for versatile everyday elegance. Ideal for gym occasions. Styled in a classic aesthetic, offering both all-day comfort and trend-forward appeal."
SKU-TOP-1086,Sangria Maroon Women's Cotton Blouses,topwear,Blouses,Sangria,Women,2149,4.0,Beach,Vibrant;Pastel,Maroon,Cotton,"Sangria maroon blouses crafted from premium cotton for women. Features a eye-catching high-energy color palette suited for expressive moods. Ideal for beach occasions. Styled in a vibrant aesthetic, offering both all-day comfort and trend-forward appeal."
SKU-FOO-2255,Tokyo Talkies Sky Blue Women's Cotton Sneakers,footwear,Sneakers,Tokyo Talkies,Women,5499,4.6,Formal;Beach,Vibrant,Sky Blue,Cotton,"Tokyo Talkies sky blue sneakers crafted from premium cotton for women. Features a eye-catching high-energy color palette suited for expressive moods. Ideal for formal, beach occasions. Styled in a vibrant aesthetic, offering both all-day comfort and trend-forward appeal."
SKU-ACC-3208,Titan Lavender Men's Polyester Belts,accessories,Belts,Titan,Men,799,4.3,Beach;Gym,Vibrant,Lavender,Polyester,"Titan lavender belts crafted from premium polyester for men. Features a eye-catching high-energy color palette suited for expressive moods. Ideal for beach, gym occasions. Styled in a vibrant aesthetic, offering both all-day comfort and trend-forward appeal."
SKU-ACC-3362,Puma Terracotta Men's Leather Bags,accessories,Bags,Puma,Men,4449,3.7,Beach,Vibrant;Streetwear,Terracotta,Leather,"Puma terracotta bags crafted from premium leather for men. Features a eye-catching high-energy color palette suited for expressive moods. Ideal for beach occasions. Styled in a vibrant aesthetic, offering both all-day comfort and trend-forward appeal."
SKU-ACC-3067,Tommy Hilfiger Maroon Men's Leather Bags,accessories,Bags,Tommy Hilfiger,Men,1649,3.3,Ethnic,Vibrant,Maroon,Leather,"Tommy Hilfiger maroon bags crafted from premium leather for men. Features a eye-catching high-energy color palette suited for expressive moods. Ideal for ethnic occasions. Styled in a vibrant aesthetic, offering both all-day comfort and trend-forward appeal."
SKU-FOO-2670,Fastrack Lavender Unisex Cotton Sneakers,footwear,Sneakers,Fastrack,Unisex,3849,4.4,Casual,Vibrant,Lavender,Cotton,"Fastrack lavender sneakers crafted from premium cotton for all genders. Features a eye-catching high-energy color palette suited for expressive moods. Ideal for casual occasions. Styled in a vibrant aesthetic, offering both all-day comfort and trend-forward appeal."
SKU-TOP-1485,Titan Mustard Yellow Men's Silk Shirts,topwear,Shirts,Titan,Men,1749,3.9,Gym;Casual,Streetwear,Mustard Yellow,Silk,"Titan mustard yellow shirts crafted from premium silk for men. Features a urban relaxed drape engineered with durable modern textures. Ideal for gym, casual occasions. Styled in a streetwear aesthetic, offering both all-day comfort and trend-forward appeal."
SKU-ACC-3227,ONLY Lavender Women's Polyester Earrings,accessories,Earrings,ONLY,Women,949,4.7,Gym;Ethnic,Streetwear,Lavender,Polyester,"ONLY lavender earrings crafted from premium polyester for women. Features a urban relaxed drape engineered with durable modern textures. Ideal for gym, ethnic occasions. Styled in a streetwear aesthetic, offering both all-day comfort and trend-forward appeal."
SKU-ACC-3387,Bata Lavender Women's Silk Earrings,accessories,Earrings,Bata,Women,1449,4.1,Ethnic;Gym,Classic,Lavender,Silk,"Bata lavender earrings crafted from premium silk for women. Features a timeless quintessential design crafted for versatile everyday elegance. Ideal for ethnic, gym occasions. Styled in a classic aesthetic, offering both all-day comfort and trend-forward appeal."
SKU-BOT-1739,Tommy Hilfiger White Men's Cotton Chinos,bottomwear,Chinos,Tommy Hilfiger,Men,2949,4.8,Party;Gym,Pastel;Classic,White,Cotton,"Tommy Hilfiger white chinos crafted from premium cotton for men. Features a soft muted hues providing a calm, breezy and sophisticated aesthetic. Ideal for party, gym occasions. Styled in a pastel aesthetic, offering both all-day comfort and trend-forward appeal."
SKU-FOO-2771,VERO MODA Terracotta Women's Leather Heels,footwear,Heels,VERO MODA,Women,3649,4.2,Gym;Ethnic,Minimalist,Terracotta,Leather,"VERO MODA terracotta heels crafted from premium leather for women. Features a clean tailored silhouette with subtle contemporary accents. Ideal for gym, ethnic occasions. Styled in a minimalist aesthetic, offering both all-day comfort and trend-forward appeal."
SKU-ACC-3189,Sangria Sky Blue Women's Leather Bags,accessories,Bags,Sangria,Women,2149,4.0,Casual;Beach,Streetwear,Sky Blue,Leather,"Sangria sky blue bags crafted from premium leather for women. Features a urban relaxed drape engineered with durable modern textures. Ideal for casual, beach occasions. Styled in a streetwear aesthetic, offering both all-day comfort and trend-forward appeal."
SKU-ACC-3462,Titan Mint Green Men's Polyester Watches,accessories,Watches,Titan,Men,1999,4.5,Formal;Party,Pastel;Streetwear,Mint Green,Polyester,"Titan mint green watches crafted from premium polyester for men. Features a soft muted hues providing a calm, breezy and sophisticated aesthetic. Ideal for formal, party occasions. Styled in a pastel aesthetic, offering both all-day comfort and trend-forward appeal."
SKU-FOO-2743,Roadster Beige Men's Leather Boots,footwear,Boots,Roadster,Men,7899,4.2,Gym;Party,Minimalist,Beige,Leather,"Roadster beige boots crafted from premium leather for men. Features a clean tailored silhouette with subtle contemporary accents. Ideal for gym, party occasions. Styled in a minimalist aesthetic, offering both all-day comfort and trend-forward appeal."
SKU-TOP-1363,Fastrack Black Unisex Cotton T-Shirts,topwear,T-Shirts,Fastrack,Unisex,899,4.2,Party;Gym,Streetwear,Black,Cotton,"Fastrack black t-shirts crafted from premium cotton for all genders. Features a urban relaxed drape engineered with durable modern textures. Ideal for party, gym occasions. Styled in a streetwear aesthetic, offering both all-day comfort and trend-forward appeal."
SKU-BOT-1750,Tommy Hilfiger Lavender Men's Linen Chinos,bottomwear,Chinos,Tommy Hilfiger,Men,2699,3.7,Beach;Party,Streetwear,Lavender,Linen,"Tommy Hilfiger lavender chinos crafted from premium linen for men. Features a urban relaxed drape engineered with durable modern textures. Ideal for beach, party occasions. Styled in a streetwear aesthetic, offering both all-day comfort and trend-forward appeal."
SKU-ACC-3106,Anouk Cream Women's Silk Earrings,accessories,Earrings,Anouk,Women,399,4.8,Beach,Streetwear,Cream,Silk,"Anouk cream earrings crafted from premium silk for women. Features a urban relaxed drape engineered with durable modern textures. Ideal for beach occasions. Styled in a streetwear aesthetic, offering both all-day comfort and trend-forward appeal."
SKU-FOO-2647,ONLY Cream Women's Polyester Loafers,footwear,Loafers,ONLY,Women,2299,4.1,Ethnic;Casual,Streetwear;Minimalist,Cream,Polyester,"ONLY cream loafers crafted from premium polyester for women. Features a urban relaxed drape engineered with durable modern textures. Ideal for ethnic, casual occasions. Styled in a streetwear aesthetic, offering both all-day comfort and trend-forward appeal."
SKU-BOT-2027,Mango Terracotta Women's Silk Skirts,bottomwear,Skirts,Mango,Women,1849,4.2,Casual;Gym,Minimalist;Classic,Terracotta,Silk,"Mango terracotta skirts crafted from premium silk for women. Features a clean tailored silhouette with subtle contemporary accents. Ideal for casual, gym occasions. Styled in a minimalist aesthetic, offering both all-day comfort and trend-forward appeal."
SKU-BOT-2031,Louis Philippe White Men's Cotton Trousers,bottomwear,Trousers,Louis Philippe,Men,999,4.1,Party,Classic;Pastel,White,Cotton,"Louis Philippe white trousers crafted from premium cotton for men. Features a timeless quintessential design crafted for versatile everyday elegance. Ideal for party occasions. Styled in a classic aesthetic, offering both all-day comfort and trend-forward appeal."
SKU-FOO-2869,Forever 21 Mustard Yellow Women's Cotton Flats,footwear,Flats,Forever 21,Women,2299,3.8,Beach;Ethnic,Pastel,Mustard Yellow,Cotton,"Forever 21 mustard yellow flats crafted from premium cotton for women. Features a soft muted hues providing a calm, breezy and sophisticated aesthetic. Ideal for beach, ethnic occasions. Styled in a pastel aesthetic, offering both all-day comfort and trend-forward appeal."
SKU-FOO-2336,Nike Olive Green Unisex Cotton Sneakers,footwear,Sneakers,Nike,Unisex,2099,4.1,Formal,Classic,Olive Green,Cotton,"Nike olive green sneakers crafted from premium cotton for all genders. Features a timeless quintessential design crafted for versatile everyday elegance. Ideal for formal occasions. Styled in a classic aesthetic, offering both all-day comfort and trend-forward appeal."
SKU-ACC-3060,Anouk Terracotta Women's Silk Earrings,accessories,Earrings,Anouk,Women,449,4.3,Formal,Minimalist,Terracotta,Silk,"Anouk terracotta earrings crafted from premium silk for women. Features a clean tailored silhouette with subtle contemporary accents. Ideal for formal occasions. Styled in a minimalist aesthetic, offering both all-day comfort and trend-forward appeal."
SKU-ACC-2895,Converse Burgundy Unisex Polyester Sunglasses,accessories,Sunglasses,Converse,Unisex,2799,4.2,Ethnic,Classic,Burgundy,Polyester,"Converse burgundy sunglasses crafted from premium polyester for all genders. Features a timeless quintessential design crafted for versatile everyday elegance. Ideal for ethnic occasions. Styled in a classic aesthetic, offering both all-day comfort and trend-forward appeal."
SKU-BOT-1666,Mango Black Women's Silk Palazzos,bottomwear,Palazzos,Mango,Women,1849,4.2,Beach;Party,Minimalist,Black,Silk,"Mango black palazzos crafted from premium silk for women. Features a clean tailored silhouette with subtle contemporary accents. Ideal for beach, party occasions. Styled in a minimalist aesthetic, offering both all-day comfort and trend-forward appeal."
SKU-TOP-1365,Forever 21 Tan Brown Women's Polyester Crop Tops,topwear,Crop Tops,Forever 21,Women,649,4.4,Party,Pastel;Classic,Tan Brown,Polyester,"Forever 21 tan brown crop tops crafted from premium polyester for women. Features a soft muted hues providing a calm, breezy and sophisticated aesthetic. Ideal for party occasions. Styled in a pastel aesthetic, offering both all-day comfort and trend-forward appeal."
SKU-ACC-3293,Bata Mustard Yellow Women's Silk Earrings,accessories,Earrings,Bata,Women,699,4.2,Gym;Casual,Classic,Mustard Yellow,Silk,"Bata mustard yellow earrings crafted from premium silk for women. Features a timeless quintessential design crafted for versatile everyday elegance. Ideal for gym, casual occasions. Styled in a classic aesthetic, offering both all-day comfort and trend-forward appeal."
SKU-BOT-2240,VERO MODA Sky Blue Women's Cotton Chinos,bottomwear,Chinos,VERO MODA,Women,1649,4.8,Party;Casual,Streetwear;Minimalist,Sky Blue,Cotton,"VERO MODA sky blue chinos crafted from premium cotton for women. Features a urban relaxed drape engineered with durable modern textures. Ideal for party, casual occasions. Styled in a streetwear aesthetic, offering both all-day comfort and trend-forward appeal."
SKU-TOP-1078,Carlton London Cream Women's Linen Shirts,topwear,Shirts,Carlton London,Women,849,4.1,Gym,Streetwear,Cream,Linen,"Carlton London cream shirts crafted from premium linen for women. Features a urban relaxed drape engineered with durable modern textures. Ideal for gym occasions. Styled in a streetwear aesthetic, offering both all-day comfort and trend-forward appeal."
SKU-TOP-1028,Fossil White Women's Cotton Crop Tops,topwear,Crop Tops,Fossil,Women,1299,4.3,Ethnic;Gym,Pastel,White,Cotton,"Fossil white crop tops crafted from premium cotton for women. Features a soft muted hues providing a calm, breezy and sophisticated aesthetic. Ideal for ethnic, gym occasions. Styled in a pastel aesthetic, offering both all-day comfort and trend-forward appeal."
SKU-TOP-1474,ONLY Black Women's Linen Blazers,topwear,Blazers,ONLY,Women,7999,4.7,Ethnic,Pastel,Black,Linen,"ONLY black blazers crafted from premium linen for women. Features a soft muted hues providing a calm, breezy and sophisticated aesthetic. Ideal for ethnic occasions. Styled in a pastel aesthetic, offering both all-day comfort and trend-forward appeal."
SKU-TOP-1526,Fossil Sky Blue Men's Polyester T-Shirts,topwear,T-Shirts,Fossil,Men,1599,3.6,Formal,Streetwear,Sky Blue,Polyester,"Fossil sky blue t-shirts crafted from premium polyester for men. Features a urban relaxed drape engineered with durable modern textures. Ideal for formal occasions. Styled in a streetwear aesthetic, offering both all-day comfort and trend-forward appeal."
SKU-BOT-1726,Carlton London Black Women's Cotton Palazzos,bottomwear,Palazzos,Carlton London,Women,1899,4.1,Gym;Beach,Vibrant;Minimalist,Black,Cotton,"Carlton London black palazzos crafted from premium cotton for women. Features a eye-catching high-energy color palette suited for expressive moods. Ideal for gym, beach occasions. Styled in a vibrant aesthetic, offering both all-day comfort and trend-forward appeal."
SKU-TOP-1056,Puma Pastel Pink Women's Polyester Blazers,topwear,Blazers,Puma,Women,3549,4.5,Ethnic;Casual,Classic;Minimalist,Pastel Pink,Polyester,"Puma pastel pink blazers crafted from premium polyester for women. Features a timeless quintessential design crafted for versatile everyday elegance. Ideal for ethnic, casual occasions. Styled in a classic aesthetic, offering both all-day comfort and trend-forward appeal."
SKU-BOT-1639,Puma Mint Green Women's Cotton Skirts,bottomwear,Skirts,Puma,Women,1149,3.7,Casual,Streetwear,Mint Green,Cotton,"Puma mint green skirts crafted from premium cotton for women. Features a urban relaxed drape engineered with durable modern textures. Ideal for casual occasions. Styled in a streetwear aesthetic, offering both all-day comfort and trend-forward appeal."
SKU-TOP-1303,ONLY Charcoal Grey Women's Cotton T-Shirts,topwear,T-Shirts,ONLY,Women,1149,4.5,Party,Minimalist;Classic,Charcoal Grey,Cotton,"ONLY charcoal grey t-shirts crafted from premium cotton for women. Features a clean tailored silhouette with subtle contemporary accents. Ideal for party occasions. Styled in a minimalist aesthetic, offering both all-day comfort and trend-forward appeal."
SKU-BOT-1719,Tommy Hilfiger Mint Green Men's Polyester Trousers,bottomwear,Trousers,Tommy Hilfiger,Men,3899,4.1,Gym,Streetwear;Vibrant,Mint Green,Polyester,"Tommy Hilfiger mint green trousers crafted from premium polyester for men. Features a urban relaxed drape engineered with durable modern textures. Ideal for gym occasions. Styled in a streetwear aesthetic, offering both all-day comfort and trend-forward appeal."
SKU-FOO-2872,Tommy Hilfiger Mint Green Men's Leather Boots,footwear,Boots,Tommy Hilfiger,Men,5549,4.1,Party;Casual,Streetwear,Mint Green,Leather,"Tommy Hilfiger mint green boots crafted from premium leather for men. Features a urban relaxed drape engineered with durable modern textures. Ideal for party, casual occasions. Styled in a streetwear aesthetic, offering both all-day comfort and trend-forward appeal."
SKU-TOP-1625,Carlton London Burgundy Women's Cotton Crop Tops,topwear,Crop Tops,Carlton London,Women,499,4.8,Party,Minimalist;Streetwear,Burgundy,Cotton,"Carlton London burgundy crop tops crafted from premium cotton for women. Features a clean tailored silhouette with subtle contemporary accents. Ideal for party occasions. Styled in a minimalist aesthetic, offering both all-day comfort and trend-forward appeal."
SKU-TOP-1008,Anouk Burgundy Women's Polyester Crop Tops,topwear,Crop Tops,Anouk,Women,999,4.5,Gym;Ethnic,Pastel,Burgundy,Polyester,"Anouk burgundy crop tops crafted from premium polyester for women. Features a soft muted hues providing a calm, breezy and sophisticated aesthetic. Ideal for gym, ethnic occasions. Styled in a pastel aesthetic, offering both all-day comfort and trend-forward appeal."
SKU-FOO-2281,Fossil Beige Women's Polyester Heels,footwear,Heels,Fossil,Women,2399,4.2,Beach,Vibrant;Classic,Beige,Polyester,"Fossil beige heels crafted from premium polyester for women. Features a eye-catching high-energy color palette suited for expressive moods. Ideal for beach occasions. Styled in a vibrant aesthetic, offering both all-day comfort and trend-forward appeal."
SKU-BOT-1804,Forever 21 Pastel Pink Women's Cotton Trousers,bottomwear,Trousers,Forever 21,Women,3099,4.0,Ethnic;Beach,Streetwear,Pastel Pink,Cotton,"Forever 21 pastel pink trousers crafted from premium cotton for women. Features a urban relaxed drape engineered with durable modern textures. Ideal for ethnic, beach occasions. Styled in a streetwear aesthetic, offering both all-day comfort and trend-forward appeal."
SKU-BOT-2050,Tommy Hilfiger Olive Green Men's Cotton Chinos,bottomwear,Chinos,Tommy Hilfiger,Men,2199,4.7,Gym;Party,Classic,Olive Green,Cotton,"Tommy Hilfiger olive green chinos crafted from premium cotton for men. Features a timeless quintessential design crafted for versatile everyday elegance. Ideal for gym, party occasions. Styled in a classic aesthetic, offering both all-day comfort and trend-forward appeal."
SKU-TOP-1337,Carlton London Black Women's Polyester Blazers,topwear,Blazers,Carlton London,Women,4199,3.9,Casual,Minimalist,Black,Polyester,"Carlton London black blazers crafted from premium polyester for women. Features a clean tailored silhouette with subtle contemporary accents. Ideal for casual occasions. Styled in a minimalist aesthetic, offering both all-day comfort and trend-forward appeal."
SKU-FOO-2597,Puma Charcoal Grey Women's Cotton Flats,footwear,Flats,Puma,Women,1299,4.4,Beach,Vibrant,Charcoal Grey,Cotton,"Puma charcoal grey flats crafted from premium cotton for women. Features a eye-catching high-energy color palette suited for expressive moods. Ideal for beach occasions. Styled in a vibrant aesthetic, offering both all-day comfort and trend-forward appeal."
SKU-TOP-1048,Carlton London Terracotta Women's Cotton Crop Tops,topwear,Crop Tops,Carlton London,Women,1249,4.6,Formal,Minimalist,Terracotta,Cotton,"Carlton London terracotta crop tops crafted from premium cotton for women. Features a clean tailored silhouette with subtle contemporary accents. Ideal for formal occasions. Styled in a minimalist aesthetic, offering both all-day comfort and trend-forward appeal."
SKU-ACC-3153,Carlton London Beige Women's Leather Belts,accessories,Belts,Carlton London,Women,599,4.2,Formal,Minimalist,Beige,Leather,"Carlton London beige belts crafted from premium leather for women. Features a clean tailored silhouette with subtle contemporary accents. Ideal for formal occasions. Styled in a minimalist aesthetic, offering both all-day comfort and trend-forward appeal."
SKU-TOP-1107,Anouk Mustard Yellow Women's Cotton Blouses,topwear,Blouses,Anouk,Women,2099,4.9,Beach;Ethnic,Streetwear,Mustard Yellow,Cotton,"Anouk mustard yellow blouses crafted from premium cotton for women. Features a urban relaxed drape engineered with durable modern textures. Ideal for beach, ethnic occasions. Styled in a streetwear aesthetic, offering both all-day comfort and trend-forward appeal."
SKU-TOP-1350,Sangria Beige Women's Cotton Blazers,topwear,Blazers,Sangria,Women,4599,4.1,Gym,Minimalist;Classic,Beige,Cotton,"Sangria beige blazers crafted from premium cotton for women. Features a clean tailored silhouette with subtle contemporary accents. Ideal for gym occasions. Styled in a minimalist aesthetic, offering both all-day comfort and trend-forward appeal."
SKU-BOT-2080,Tokyo Talkies Mustard Yellow Women's Linen Chinos,bottomwear,Chinos,Tokyo Talkies,Women,2349,4.5,Casual,Streetwear,Mustard Yellow,Linen,"Tokyo Talkies mustard yellow chinos crafted from premium linen for women. Features a urban relaxed drape engineered with durable modern textures. Ideal for casual occasions. Styled in a streetwear aesthetic, offering both all-day comfort and trend-forward appeal."
SKU-TOP-1239,Tokyo Talkies Black Women's Cotton Blouses,topwear,Blouses,Tokyo Talkies,Women,1749,4.0,Casual,Pastel,Black,Cotton,"Tokyo Talkies black blouses crafted from premium cotton for women. Features a soft muted hues providing a calm, breezy and sophisticated aesthetic. Ideal for casual occasions. Styled in a pastel aesthetic, offering both all-day comfort and trend-forward appeal."
SKU-TOP-1214,Sangria Navy Blue Women's Cotton Blouses,topwear,Blouses,Sangria,Women,1499,4.4,Party,Classic,Navy Blue,Cotton,"Sangria navy blue blouses crafted from premium cotton for women. Features a timeless quintessential design crafted for versatile everyday elegance. Ideal for party occasions. Styled in a classic aesthetic, offering both all-day comfort and trend-forward appeal."
SKU-BOT-2145,Nike Terracotta Men's Denim Jeans,bottomwear,Jeans,Nike,Men,4449,4.1,Casual;Ethnic,Classic,Terracotta,Denim,"Nike terracotta jeans crafted from premium denim for men. Features a timeless quintessential design crafted for versatile everyday elegance. Ideal for casual, ethnic occasions. Styled in a classic aesthetic, offering both all-day comfort and trend-forward appeal."
SKU-ACC-3380,VERO MODA Beige Women's Leather Bags,accessories,Bags,VERO MODA,Women,4849,4.3,Beach,Minimalist,Beige,Leather,"VERO MODA beige bags crafted from premium leather for women. Features a clean tailored silhouette with subtle contemporary accents. Ideal for beach occasions. Styled in a minimalist aesthetic, offering both all-day comfort and trend-forward appeal."
SKU-FOO-2762,Roadster Terracotta Men's Cotton Sneakers,footwear,Sneakers,Roadster,Men,3199,4.5,Beach,Minimalist,Terracotta,Cotton,"Roadster terracotta sneakers crafted from premium cotton for men. Features a clean tailored silhouette with subtle contemporary accents. Ideal for beach occasions. Styled in a minimalist aesthetic, offering both all-day comfort and trend-forward appeal."
SKU-BOT-1794,VERO MODA Mint Green Women's Silk Skirts,bottomwear,Skirts,VERO MODA,Women,899,3.8,Beach;Party,Vibrant,Mint Green,Silk,"VERO MODA mint green skirts crafted from premium silk for women. Features a eye-catching high-energy color palette suited for expressive moods. Ideal for beach, party occasions. Styled in a vibrant aesthetic, offering both all-day comfort and trend-forward appeal."
SKU-BOT-2097,Puma Olive Green Men's Cotton Trousers,bottomwear,Trousers,Puma,Men,1749,4.2,Casual,Streetwear;Classic,Olive Green,Cotton,"Puma olive green trousers crafted from premium cotton for men. Features a urban relaxed drape engineered with durable modern textures. Ideal for casual occasions. Styled in a streetwear aesthetic, offering both all-day comfort and trend-forward appeal."
SKU-ACC-3207,VERO MODA Terracotta Women's Polyester Watches,accessories,Watches,VERO MODA,Women,2599,4.7,Gym,Vibrant;Classic,Terracotta,Polyester,"VERO MODA terracotta watches crafted from premium polyester for women. Features a eye-catching high-energy color palette suited for expressive moods. Ideal for gym occasions. Styled in a vibrant aesthetic, offering both all-day comfort and trend-forward appeal."
SKU-FOO-2740,Fossil Burgundy Women's Polyester Heels,footwear,Heels,Fossil,Women,3949,4.8,Gym;Party,Pastel,Burgundy,Polyester,"Fossil burgundy heels crafted from premium polyester for women. Features a soft muted hues providing a calm, breezy and sophisticated aesthetic. Ideal for gym, party occasions. Styled in a pastel aesthetic, offering both all-day comfort and trend-forward appeal."
SKU-ACC-3223,Vans Mint Green Unisex Polyester Watches,accessories,Watches,Vans,Unisex,1999,4.5,Party,Classic,Mint Green,Polyester,"Vans mint green watches crafted from premium polyester for all genders. Features a timeless quintessential design crafted for versatile everyday elegance. Ideal for party occasions. Styled in a classic aesthetic, offering both all-day comfort and trend-forward appeal."
SKU-TOP-1346,ONLY Sky Blue Women's Polyester Blouses,topwear,Blouses,ONLY,Women,999,4.3,Party,Pastel,Sky Blue,Polyester,"ONLY sky blue blouses crafted from premium polyester for women. Features a soft muted hues providing a calm, breezy and sophisticated aesthetic. Ideal for party occasions. Styled in a pastel aesthetic, offering both all-day comfort and trend-forward appeal."
SKU-TOP-1524,VERO MODA Terracotta Women's Cotton Kurtas,topwear,Kurtas,VERO MODA,Women,1749,4.4,Ethnic;Casual,Streetwear,Terracotta,Cotton,"VERO MODA terracotta kurtas crafted from premium cotton for women. Features a urban relaxed drape engineered with durable modern textures. Ideal for ethnic, casual occasions. Styled in a streetwear aesthetic, offering both all-day comfort and trend-forward appeal."
SKU-TOP-1233,ONLY Cream Women's Silk Kurtas,topwear,Kurtas,ONLY,Women,1199,4.2,Gym;Beach,Pastel;Vibrant,Cream,Silk,"ONLY cream kurtas crafted from premium silk for women. Features a soft muted hues providing a calm, breezy and sophisticated aesthetic. Ideal for gym, beach occasions. Styled in a pastel aesthetic, offering both all-day comfort and trend-forward appeal."
SKU-BOT-1645,Fossil Mustard Yellow Women's Cotton Chinos,bottomwear,Chinos,Fossil,Women,3249,4.1,Beach;Casual,Streetwear,Mustard Yellow,Cotton,"Fossil mustard yellow chinos crafted from premium cotton for women. Features a urban relaxed drape engineered with durable modern textures. Ideal for beach, casual occasions. Styled in a streetwear aesthetic, offering both all-day comfort and trend-forward appeal."
SKU-ACC-2918,Fossil Mustard Yellow Unisex Polyester Sunglasses,accessories,Sunglasses,Fossil,Unisex,1899,4.0,Gym,Vibrant,Mustard Yellow,Polyester,"Fossil mustard yellow sunglasses crafted from premium polyester for all genders. Features a eye-catching high-energy color palette suited for expressive moods. Ideal for gym occasions. Styled in a vibrant aesthetic, offering both all-day comfort and trend-forward appeal."
SKU-ACC-3171,HRX by Hrithik Roshan Beige Men's Leather Belts,accessories,Belts,HRX by Hrithik Roshan,Men,1099,4.5,Beach;Party,Pastel,Beige,Leather,"HRX by Hrithik Roshan beige belts crafted from premium leather for men. Features a soft muted hues providing a calm, breezy and sophisticated aesthetic. Ideal for beach, party occasions. Styled in a pastel aesthetic, offering both all-day comfort and trend-forward appeal."
SKU-FOO-2429,Forever 21 Mint Green Women's Cotton Flats,footwear,Flats,Forever 21,Women,1949,4.1,Formal,Classic;Vibrant,Mint Green,Cotton,"Forever 21 mint green flats crafted from premium cotton for women. Features a timeless quintessential design crafted for versatile everyday elegance. Ideal for formal occasions. Styled in a classic aesthetic, offering both all-day comfort and trend-forward appeal."
SKU-TOP-1534,Fossil Beige Women's Cotton Crop Tops,topwear,Crop Tops,Fossil,Women,1199,3.8,Gym,Pastel,Beige,Cotton,"Fossil beige crop tops crafted from premium cotton for women. Features a soft muted hues providing a calm, breezy and sophisticated aesthetic. Ideal for gym occasions. Styled in a pastel aesthetic, offering both all-day comfort and trend-forward appeal."
SKU-ACC-3172,HIGHLANDER Pastel Pink Men's Leather Bags,accessories,Bags,HIGHLANDER,Men,4049,4.2,Party;Gym,Minimalist,Pastel Pink,Leather,"HIGHLANDER pastel pink bags crafted from premium leather for men. Features a clean tailored silhouette with subtle contemporary accents. Ideal for party, gym occasions. Styled in a minimalist aesthetic, offering both all-day comfort and trend-forward appeal."
SKU-TOP-1604,Puma Navy Blue Men's Linen Shirts,topwear,Shirts,Puma,Men,1749,4.7,Party,Pastel,Navy Blue,Linen,"Puma navy blue shirts crafted from premium linen for men. Features a soft muted hues providing a calm, breezy and sophisticated aesthetic. Ideal for party occasions. Styled in a pastel aesthetic, offering both all-day comfort and trend-forward appeal."
SKU-FOO-2490,HRX by Hrithik Roshan Cream Men's Leather Boots,footwear,Boots,HRX by Hrithik Roshan,Men,6549,4.6,Gym,Pastel;Vibrant,Cream,Leather,"HRX by Hrithik Roshan cream boots crafted from premium leather for men. Features a soft muted hues providing a calm, breezy and sophisticated aesthetic. Ideal for gym occasions. Styled in a pastel aesthetic, offering both all-day comfort and trend-forward appeal."
SKU-FOO-2858,VERO MODA Charcoal Grey Women's Leather Loafers,footwear,Loafers,VERO MODA,Women,3099,4.1,Formal,Streetwear,Charcoal Grey,Leather,"VERO MODA charcoal grey loafers crafted from premium leather for women. Features a urban relaxed drape engineered with durable modern textures. Ideal for formal occasions. Styled in a streetwear aesthetic, offering both all-day comfort and trend-forward appeal."
SKU-FOO-2427,Fossil Olive Green Women's Leather Heels,footwear,Heels,Fossil,Women,5449,4.9,Gym,Vibrant,Olive Green,Leather,"Fossil olive green heels crafted from premium leather for women. Features a eye-catching high-energy color palette suited for expressive moods. Ideal for gym occasions. Styled in a vibrant aesthetic, offering both all-day comfort and trend-forward appeal."
SKU-BOT-2075,ONLY Black Women's Cotton Skirts,bottomwear,Skirts,ONLY,Women,1799,4.5,Formal;Casual,Streetwear,Black,Cotton,"ONLY black skirts crafted from premium cotton for women. Features a urban relaxed drape engineered with durable modern textures. Ideal for formal, casual occasions. Styled in a streetwear aesthetic, offering both all-day comfort and trend-forward appeal."
SKU-ACC-3006,Mast & Harbour Olive Green Men's Leather Belts,accessories,Belts,Mast & Harbour,Men,549,4.3,Casual,Streetwear,Olive Green,Leather,"Mast & Harbour olive green belts crafted from premium leather for men. Features a urban relaxed drape engineered with durable modern textures. Ideal for casual occasions. Styled in a streetwear aesthetic, offering both all-day comfort and trend-forward appeal."
SKU-TOP-1061,DressBerry Black Women's Polyester T-Shirts,topwear,T-Shirts,DressBerry,Women,1599,4.0,Beach;Gym,Vibrant;Minimalist,Black,Polyester,"DressBerry black t-shirts crafted from premium polyester for women. Features a eye-catching high-energy color palette suited for expressive moods. Ideal for beach, gym occasions. Styled in a vibrant aesthetic, offering both all-day comfort and trend-forward appeal."
SKU-ACC-2941,Peter England Lavender Men's Leather Bags,accessories,Bags,Peter England,Men,4299,4.3,Party,Classic,Lavender,Leather,"Peter England lavender bags crafted from premium leather for men. Features a timeless quintessential design crafted for versatile everyday elegance. Ideal for party occasions. Styled in a classic aesthetic, offering both all-day comfort and trend-forward appeal."
SKU-TOP-1093,ONLY Cream Women's Cotton Blouses,topwear,Blouses,ONLY,Women,2449,4.0,Beach;Formal,Minimalist,Cream,Cotton,"ONLY cream blouses crafted from premium cotton for women. Features a clean tailored silhouette with subtle contemporary accents. Ideal for beach, formal occasions. Styled in a minimalist aesthetic, offering both all-day comfort and trend-forward appeal."
SKU-BOT-1667,Fossil Mustard Yellow Women's Silk Palazzos,bottomwear,Palazzos,Fossil,Women,999,4.1,Ethnic,Minimalist;Streetwear,Mustard Yellow,Silk,"Fossil mustard yellow palazzos crafted from premium silk for women. Features a clean tailored silhouette with subtle contemporary accents. Ideal for ethnic occasions. Styled in a minimalist aesthetic, offering both all-day comfort and trend-forward appeal."
SKU-FOO-2721,Tommy Hilfiger Mint Green Men's Polyester Loafers,footwear,Loafers,Tommy Hilfiger,Men,1349,4.4,Gym,Classic,Mint Green,Polyester,"Tommy Hilfiger mint green loafers crafted from premium polyester for men. Features a timeless quintessential design crafted for versatile everyday elegance. Ideal for gym occasions. Styled in a classic aesthetic, offering both all-day comfort and trend-forward appeal."
SKU-ACC-3247,Ray-Ban Olive Green Unisex Polyester Sunglasses,accessories,Sunglasses,Ray-Ban,Unisex,549,3.9,Ethnic,Minimalist,Olive Green,Polyester,"Ray-Ban olive green sunglasses crafted from premium polyester for all genders. Features a clean tailored silhouette with subtle contemporary accents. Ideal for ethnic occasions. Styled in a minimalist aesthetic, offering both all-day comfort and trend-forward appeal."
SKU-TOP-1281,Fossil Pastel Pink Women's Polyester Crop Tops,topwear,Crop Tops,Fossil,Women,1049,4.2,Party,Classic;Minimalist,Pastel Pink,Polyester,"Fossil pastel pink crop tops crafted from premium polyester for women. Features a timeless quintessential design crafted for versatile everyday elegance. Ideal for party occasions. Styled in a classic aesthetic, offering both all-day comfort and trend-forward appeal."
SKU-FOO-2720,Bata Mustard Yellow Women's Leather Heels,footwear,Heels,Bata,Women,1699,4.0,Formal;Casual,Pastel;Minimalist,Mustard Yellow,Leather,"Bata mustard yellow heels crafted from premium leather for women. Features a soft muted hues providing a calm, breezy and sophisticated aesthetic. Ideal for formal, casual occasions. Styled in a pastel aesthetic, offering both all-day comfort and trend-forward appeal."
SKU-FOO-2726,Tokyo Talkies Sky Blue Women's Leather Heels,footwear,Heels,Tokyo Talkies,Women,1849,4.6,Beach,Vibrant,Sky Blue,Leather,"Tokyo Talkies sky blue heels crafted from premium leather for women. Features a eye-catching high-energy color palette suited for expressive moods. Ideal for beach occasions. Styled in a vibrant aesthetic, offering both all-day comfort and trend-forward appeal."
SKU-TOP-1360,Fossil Burgundy Women's Cotton Kurtas,topwear,Kurtas,Fossil,Women,2749,3.9,Party,Pastel,Burgundy,Cotton,"Fossil burgundy kurtas crafted from premium cotton for women. Features a soft muted hues providing a calm, breezy and sophisticated aesthetic. Ideal for party occasions. Styled in a pastel aesthetic, offering both all-day comfort and trend-forward appeal."
SKU-FOO-2749,Roadster Tan Brown Men's Leather Boots,footwear,Boots,Roadster,Men,5449,4.3,Formal,Vibrant,Tan Brown,Leather,"Roadster tan brown boots crafted from premium leather for men. Features a eye-catching high-energy color palette suited for expressive moods. Ideal for formal occasions. Styled in a vibrant aesthetic, offering both all-day comfort and trend-forward appeal."
SKU-FOO-2544,Anouk Terracotta Women's Cotton Flats,footwear,Flats,Anouk,Women,549,4.0,Party,Vibrant,Terracotta,Cotton,"Anouk terracotta flats crafted from premium cotton for women. Features a eye-catching high-energy color palette suited for expressive moods. Ideal for party occasions. Styled in a vibrant aesthetic, offering both all-day comfort and trend-forward appeal."
SKU-FOO-2398,Carlton London Mint Green Women's Leather Boots,footwear,Boots,Carlton London,Women,4249,3.9,Ethnic,Vibrant,Mint Green,Leather,"Carlton London mint green boots crafted from premium leather for women. Features a eye-catching high-energy color palette suited for expressive moods. Ideal for ethnic occasions. Styled in a vibrant aesthetic, offering both all-day comfort and trend-forward appeal."
SKU-FOO-2804,Fossil Cream Men's Polyester Loafers,footwear,Loafers,Fossil,Men,2199,3.7,Beach;Casual,Minimalist,Cream,Polyester,"Fossil cream loafers crafted from premium polyester for men. Features a clean tailored silhouette with subtle contemporary accents. Ideal for beach, casual occasions. Styled in a minimalist aesthetic, offering both all-day comfort and trend-forward appeal."
SKU-BOT-1848,ONLY Navy Blue Women's Polyester Skirts,bottomwear,Skirts,ONLY,Women,1449,4.9,Gym,Streetwear,Navy Blue,Polyester,"ONLY navy blue skirts crafted from premium polyester for women. Features a urban relaxed drape engineered with durable modern textures. Ideal for gym occasions. Styled in a streetwear aesthetic, offering both all-day comfort and trend-forward appeal."
SKU-BOT-2207,Puma Pastel Pink Women's Linen Chinos,bottomwear,Chinos,Puma,Women,2999,4.0,Gym,Minimalist,Pastel Pink,Linen,"Puma pastel pink chinos crafted from premium linen for women. Features a clean tailored silhouette with subtle contemporary accents. Ideal for gym occasions. Styled in a minimalist aesthetic, offering both all-day comfort and trend-forward appeal."
SKU-ACC-3263,WROGN Olive Green Men's Leather Belts,accessories,Belts,WROGN,Men,799,4.6,Casual;Gym,Classic,Olive Green,Leather,"WROGN olive green belts crafted from premium leather for men. Features a timeless quintessential design crafted for versatile everyday elegance. Ideal for casual, gym occasions. Styled in a classic aesthetic, offering both all-day comfort and trend-forward appeal."
SKU-BOT-1761,Carlton London Black Women's Polyester Skirts,bottomwear,Skirts,Carlton London,Women,1699,4.0,Ethnic,Streetwear;Minimalist,Black,Polyester,"Carlton London black skirts crafted from premium polyester for women. Features a urban relaxed drape engineered with durable modern textures. Ideal for ethnic occasions. Styled in a streetwear aesthetic, offering both all-day comfort and trend-forward appeal."
SKU-TOP-1111,WROGN Beige Men's Linen Shirts,topwear,Shirts,WROGN,Men,2549,3.5,Gym,Classic,Beige,Linen,"WROGN beige shirts crafted from premium linen for men. Features a timeless quintessential design crafted for versatile everyday elegance. Ideal for gym occasions. Styled in a classic aesthetic, offering both all-day comfort and trend-forward appeal."
SKU-TOP-1043,DressBerry Mint Green Women's Linen Kurtas,topwear,Kurtas,DressBerry,Women,2099,4.2,Casual;Party,Streetwear,Mint Green,Linen,"DressBerry mint green kurtas crafted from premium linen for women. Features a urban relaxed drape engineered with durable modern textures. Ideal for casual, party occasions. Styled in a streetwear aesthetic, offering both all-day comfort and trend-forward appeal."
SKU-TOP-1126,Roadster Mustard Yellow Unisex Cotton T-Shirts,topwear,T-Shirts,Roadster,Unisex,1099,4.9,Party;Casual,Classic;Vibrant,Mustard Yellow,Cotton,"Roadster mustard yellow t-shirts crafted from premium cotton for all genders. Features a timeless quintessential design crafted for versatile everyday elegance. Ideal for party, casual occasions. Styled in a classic aesthetic, offering both all-day comfort and trend-forward appeal."
SKU-TOP-1205,Louis Philippe Cream Men's Linen Shirts,topwear,Shirts,Louis Philippe,Men,1499,3.7,Party;Gym,Minimalist,Cream,Linen,"Louis Philippe cream shirts crafted from premium linen for men. Features a clean tailored silhouette with subtle contemporary accents. Ideal for party, gym occasions. Styled in a minimalist aesthetic, offering both all-day comfort and trend-forward appeal."
SKU-FOO-2474,Forever 21 Olive Green Women's Cotton Flats,footwear,Flats,Forever 21,Women,1899,4.2,Party,Streetwear;Minimalist,Olive Green,Cotton,"Forever 21 olive green flats crafted from premium cotton for women. Features a urban relaxed drape engineered with durable modern textures. Ideal for party occasions. Styled in a streetwear aesthetic, offering both all-day comfort and trend-forward appeal."
SKU-TOP-1053,Puma Beige Women's Cotton T-Shirts,topwear,T-Shirts,Puma,Women,549,4.0,Party,Streetwear,Beige,Cotton,"Puma beige t-shirts crafted from premium cotton for women. Features a urban relaxed drape engineered with durable modern textures. Ideal for party occasions. Styled in a streetwear aesthetic, offering both all-day comfort and trend-forward appeal."
SKU-TOP-1546,Anouk Sky Blue Women's Polyester Blazers,topwear,Blazers,Anouk,Women,6399,3.9,Formal,Streetwear,Sky Blue,Polyester,"Anouk sky blue blazers crafted from premium polyester for women. Features a urban relaxed drape engineered with durable modern textures. Ideal for formal occasions. Styled in a streetwear aesthetic, offering both all-day comfort and trend-forward appeal."
SKU-TOP-1069,Puma Mustard Yellow Women's Polyester T-Shirts,topwear,T-Shirts,Puma,Women,1599,4.3,Ethnic,Streetwear,Mustard Yellow,Polyester,"Puma mustard yellow t-shirts crafted from premium polyester for women. Features a urban relaxed drape engineered with durable modern textures. Ideal for ethnic occasions. Styled in a streetwear aesthetic, offering both all-day comfort and trend-forward appeal."
SKU-ACC-3224,DressBerry Mustard Yellow Women's Silk Earrings,accessories,Earrings,DressBerry,Women,649,4.1,Formal,Streetwear;Vibrant,Mustard Yellow,Silk,"DressBerry mustard yellow earrings crafted from premium silk for women. Features a urban relaxed drape engineered with durable modern textures. Ideal for formal occasions. Styled in a streetwear aesthetic, offering both all-day comfort and trend-forward appeal."
SKU-ACC-2952,Puma Beige Men's Cotton Bags,accessories,Bags,Puma,Men,2299,4.6,Party,Streetwear,Beige,Cotton,"Puma beige bags crafted from premium cotton for men. Features a urban relaxed drape engineered with durable modern textures. Ideal for party occasions. Styled in a streetwear aesthetic, offering both all-day comfort and trend-forward appeal."
SKU-ACC-3198,DressBerry Mint Green Women's Polyester Belts,accessories,Belts,DressBerry,Women,899,4.2,Party,Minimalist;Vibrant,Mint Green,Polyester,"DressBerry mint green belts crafted from premium polyester for women. Features a clean tailored silhouette with subtle contemporary accents. Ideal for party occasions. Styled in a minimalist aesthetic, offering both all-day comfort and trend-forward appeal."
SKU-ACC-2909,Tommy Hilfiger Lavender Men's Leather Watches,accessories,Watches,Tommy Hilfiger,Men,8849,3.8,Formal;Ethnic,Pastel,Lavender,Leather,"Tommy Hilfiger lavender watches crafted from premium leather for men. Features a soft muted hues providing a calm, breezy and sophisticated aesthetic. Ideal for formal, ethnic occasions. Styled in a pastel aesthetic, offering both all-day comfort and trend-forward appeal."
SKU-FOO-2425,Bata White Women's Polyester Loafers,footwear,Loafers,Bata,Women,1649,3.8,Party,Classic;Pastel,White,Polyester,"Bata white loafers crafted from premium polyester for women. Features a timeless quintessential design crafted for versatile everyday elegance. Ideal for party occasions. Styled in a classic aesthetic, offering both all-day comfort and trend-forward appeal."
SKU-TOP-1184,Mast & Harbour Burgundy Men's Polyester Blazers,topwear,Blazers,Mast & Harbour,Men,6449,4.4,Party,Pastel,Burgundy,Polyester,"Mast & Harbour burgundy blazers crafted from premium polyester for men. Features a soft muted hues providing a calm, breezy and sophisticated aesthetic. Ideal for party occasions. Styled in a pastel aesthetic, offering both all-day comfort and trend-forward appeal."
SKU-TOP-1138,ONLY Maroon Women's Cotton Crop Tops,topwear,Crop Tops,ONLY,Women,949,4.1,Party,Classic,Maroon,Cotton,"ONLY maroon crop tops crafted from premium cotton for women. Features a timeless quintessential design crafted for versatile everyday elegance. Ideal for party occasions. Styled in a classic aesthetic, offering both all-day comfort and trend-forward appeal."
SKU-BOT-1900,Carlton London Mint Green Women's Linen Chinos,bottomwear,Chinos,Carlton London,Women,2299,3.9,Party,Vibrant;Pastel,Mint Green,Linen,"Carlton London mint green chinos crafted from premium linen for women. Features a eye-catching high-energy color palette suited for expressive moods. Ideal for party occasions. Styled in a vibrant aesthetic, offering both all-day comfort and trend-forward appeal."
SKU-BOT-1797,VERO MODA White Women's Silk Palazzos,bottomwear,Palazzos,VERO MODA,Women,649,4.2,Formal,Classic,White,Silk,"VERO MODA white palazzos crafted from premium silk for women. Features a timeless quintessential design crafted for versatile everyday elegance. Ideal for formal occasions. Styled in a classic aesthetic, offering both all-day comfort and trend-forward appeal."
SKU-TOP-1133,Mango Mint Green Women's Cotton T-Shirts,topwear,T-Shirts,Mango,Women,399,3.8,Beach,Streetwear,Mint Green,Cotton,"Mango mint green t-shirts crafted from premium cotton for women. Features a urban relaxed drape engineered with durable modern textures. Ideal for beach occasions. Styled in a streetwear aesthetic, offering both all-day comfort and trend-forward appeal."
SKU-TOP-1081,Mango Cream Women's Polyester Blazers,topwear,Blazers,Mango,Women,3149,4.1,Beach,Classic;Pastel,Cream,Polyester,"Mango cream blazers crafted from premium polyester for women. Features a timeless quintessential design crafted for versatile everyday elegance. Ideal for beach occasions. Styled in a classic aesthetic, offering both all-day comfort and trend-forward appeal."
SKU-FOO-2587,Tokyo Talkies Charcoal Grey Women's Leather Loafers,footwear,Loafers,Tokyo Talkies,Women,3199,4.3,Casual,Classic,Charcoal Grey,Leather,"Tokyo Talkies charcoal grey loafers crafted from premium leather for women. Features a timeless quintessential design crafted for versatile everyday elegance. Ideal for casual occasions. Styled in a classic aesthetic, offering both all-day comfort and trend-forward appeal."
SKU-ACC-3158,Fastrack Mint Green Unisex Leather Watches,accessories,Watches,Fastrack,Unisex,5999,4.1,Beach,Vibrant;Pastel,Mint Green,Leather,"Fastrack mint green watches crafted from premium leather for all genders. Features a eye-catching high-energy color palette suited for expressive moods. Ideal for beach occasions. Styled in a vibrant aesthetic, offering both all-day comfort and trend-forward appeal."
SKU-BOT-1759,Titan Lavender Men's Denim Jeans,bottomwear,Jeans,Titan,Men,1849,3.9,Formal,Streetwear,Lavender,Denim,"Titan lavender jeans crafted from premium denim for men. Features a urban relaxed drape engineered with durable modern textures. Ideal for formal occasions. Styled in a streetwear aesthetic, offering both all-day comfort and trend-forward appeal."
SKU-TOP-1542,Anouk Tan Brown Women's Cotton Crop Tops,topwear,Crop Tops,Anouk,Women,1349,3.8,Formal;Ethnic,Pastel;Minimalist,Tan Brown,Cotton,"Anouk tan brown crop tops crafted from premium cotton for women. Features a soft muted hues providing a calm, breezy and sophisticated aesthetic. Ideal for formal, ethnic occasions. Styled in a pastel aesthetic, offering both all-day comfort and trend-forward appeal."
SKU-BOT-2020,Tommy Hilfiger Terracotta Men's Linen Trousers,bottomwear,Trousers,Tommy Hilfiger,Men,2849,4.3,Formal,Streetwear;Pastel,Terracotta,Linen,"Tommy Hilfiger terracotta trousers crafted from premium linen for men. Features a urban relaxed drape engineered with durable modern textures. Ideal for formal occasions. Styled in a streetwear aesthetic, offering both all-day comfort and trend-forward appeal."
SKU-FOO-2767,Nike Terracotta Men's Leather Sneakers,footwear,Sneakers,Nike,Men,4149,4.9,Ethnic,Streetwear,Terracotta,Leather,"Nike terracotta sneakers crafted from premium leather for men. Features a urban relaxed drape engineered with durable modern textures. Ideal for ethnic occasions. Styled in a streetwear aesthetic, offering both all-day comfort and trend-forward appeal."
SKU-BOT-1984,Anouk Olive Green Women's Denim Jeans,bottomwear,Jeans,Anouk,Women,1399,4.2,Party;Gym,Pastel,Olive Green,Denim,"Anouk olive green jeans crafted from premium denim for women. Features a soft muted hues providing a calm, breezy and sophisticated aesthetic. Ideal for party, gym occasions. Styled in a pastel aesthetic, offering both all-day comfort and trend-forward appeal."
SKU-ACC-3232,HRX by Hrithik Roshan White Men's Leather Bags,accessories,Bags,HRX by Hrithik Roshan,Men,3849,4.5,Party;Gym,Minimalist;Classic,White,Leather,"HRX by Hrithik Roshan white bags crafted from premium leather for men. Features a clean tailored silhouette with subtle contemporary accents. Ideal for party, gym occasions. Styled in a minimalist aesthetic, offering both all-day comfort and trend-forward appeal."
SKU-TOP-1166,Puma Burgundy Women's Polyester Blouses,topwear,Blouses,Puma,Women,1299,4.3,Beach;Gym,Classic,Burgundy,Polyester,"Puma burgundy blouses crafted from premium polyester for women. Features a timeless quintessential design crafted for versatile everyday elegance. Ideal for beach, gym occasions. Styled in a classic aesthetic, offering both all-day comfort and trend-forward appeal."
SKU-TOP-1249,Bata Sky Blue Women's Silk Blouses,topwear,Blouses,Bata,Women,2199,4.8,Formal;Casual,Vibrant,Sky Blue,Silk,"Bata sky blue blouses crafted from premium silk for women. Features a eye-catching high-energy color palette suited for expressive moods. Ideal for formal, casual occasions. Styled in a vibrant aesthetic, offering both all-day comfort and trend-forward appeal."
SKU-FOO-2332,Titan Cream Men's Polyester Boots,footwear,Boots,Titan,Men,3749,4.6,Casual,Classic;Pastel,Cream,Polyester,"Titan cream boots crafted from premium polyester for men. Features a timeless quintessential design crafted for versatile everyday elegance. Ideal for casual occasions. Styled in a classic aesthetic, offering both all-day comfort and trend-forward appeal."
SKU-TOP-1447,Puma Tan Brown Women's Cotton Crop Tops,topwear,Crop Tops,Puma,Women,899,4.3,Beach,Vibrant;Classic,Tan Brown,Cotton,"Puma tan brown crop tops crafted from premium cotton for women. Features a eye-catching high-energy color palette suited for expressive moods. Ideal for beach occasions. Styled in a vibrant aesthetic, offering both all-day comfort and trend-forward appeal."
SKU-FOO-2777,Sangria Mustard Yellow Women's Leather Boots,footwear,Boots,Sangria,Women,4549,4.0,Formal,Classic;Pastel,Mustard Yellow,Leather,"Sangria mustard yellow boots crafted from premium leather for women. Features a timeless quintessential design crafted for versatile everyday elegance. Ideal for formal occasions. Styled in a classic aesthetic, offering both all-day comfort and trend-forward appeal."
SKU-BOT-1859,VERO MODA Mustard Yellow Women's Cotton Skirts,bottomwear,Skirts,VERO MODA,Women,2449,4.0,Gym,Classic,Mustard Yellow,Cotton,"VERO MODA mustard yellow skirts crafted from premium cotton for women. Features a timeless quintessential design crafted for versatile everyday elegance. Ideal for gym occasions. Styled in a classic aesthetic, offering both all-day comfort and trend-forward appeal."
SKU-FOO-2359,DressBerry Charcoal Grey Women's Leather Heels,footwear,Heels,DressBerry,Women,1599,3.7,Casual;Party,Minimalist,Charcoal Grey,Leather,"DressBerry charcoal grey heels crafted from premium leather for women. Features a clean tailored silhouette with subtle contemporary accents. Ideal for casual, party occasions. Styled in a minimalist aesthetic, offering both all-day comfort and trend-forward appeal."
SKU-FOO-2862,Fossil Pastel Pink Women's Polyester Heels,footwear,Heels,Fossil,Women,1999,4.5,Gym;Casual,Streetwear,Pastel Pink,Polyester,"Fossil pastel pink heels crafted from premium polyester for women. Features a urban relaxed drape engineered with durable modern textures. Ideal for gym, casual occasions. Styled in a streetwear aesthetic, offering both all-day comfort and trend-forward appeal."
SKU-TOP-1098,ONLY Terracotta Women's Cotton Kurtas,topwear,Kurtas,ONLY,Women,1799,4.3,Ethnic,Vibrant,Terracotta,Cotton,"ONLY terracotta kurtas crafted from premium cotton for women. Features a eye-catching high-energy color palette suited for expressive moods. Ideal for ethnic occasions. Styled in a vibrant aesthetic, offering both all-day comfort and trend-forward appeal."
SKU-ACC-3308,Sangria Terracotta Women's Polyester Sunglasses,accessories,Sunglasses,Sangria,Women,2549,4.1,Gym;Ethnic,Pastel;Classic,Terracotta,Polyester,"Sangria terracotta sunglasses crafted from premium polyester for women. Features a soft muted hues providing a calm, breezy and sophisticated aesthetic. Ideal for gym, ethnic occasions. Styled in a pastel aesthetic, offering both all-day comfort and trend-forward appeal."
SKU-BOT-1806,Nike Tan Brown Men's Cotton Chinos,bottomwear,Chinos,Nike,Men,1549,4.1,Ethnic;Casual,Streetwear,Tan Brown,Cotton,"Nike tan brown chinos crafted from premium cotton for men. Features a urban relaxed drape engineered with durable modern textures. Ideal for ethnic, casual occasions. Styled in a streetwear aesthetic, offering both all-day comfort and trend-forward appeal."
SKU-BOT-1738,Puma Cream Men's Linen Chinos,bottomwear,Chinos,Puma,Men,2799,4.5,Party,Streetwear;Vibrant,Cream,Linen,"Puma cream chinos crafted from premium linen for men. Features a urban relaxed drape engineered with durable modern textures. Ideal for party occasions. Styled in a streetwear aesthetic, offering both all-day comfort and trend-forward appeal."
SKU-ACC-3101,ONLY Maroon Women's Silk Earrings,accessories,Earrings,ONLY,Women,599,4.3,Formal,Classic,Maroon,Silk,"ONLY maroon earrings crafted from premium silk for women. Features a timeless quintessential design crafted for versatile everyday elegance. Ideal for formal occasions. Styled in a classic aesthetic, offering both all-day comfort and trend-forward appeal."
SKU-ACC-2886,Louis Philippe Cream Men's Leather Watches,accessories,Watches,Louis Philippe,Men,6799,4.3,Ethnic,Classic,Cream,Leather,"Louis Philippe cream watches crafted from premium leather for men. Features a timeless quintessential design crafted for versatile everyday elegance. Ideal for ethnic occasions. Styled in a classic aesthetic, offering both all-day comfort and trend-forward appeal."
SKU-ACC-3001,Fastrack Tan Brown Unisex Leather Bags,accessories,Bags,Fastrack,Unisex,3849,4.0,Gym,Pastel,Tan Brown,Leather,"Fastrack tan brown bags crafted from premium leather for all genders. Features a soft muted hues providing a calm, breezy and sophisticated aesthetic. Ideal for gym occasions. Styled in a pastel aesthetic, offering both all-day comfort and trend-forward appeal."
SKU-TOP-1103,Nike White Men's Linen Kurtas,topwear,Kurtas,Nike,Men,2849,4.1,Party;Formal,Pastel,White,Linen,"Nike white kurtas crafted from premium linen for men. Features a soft muted hues providing a calm, breezy and sophisticated aesthetic. Ideal for party, formal occasions. Styled in a pastel aesthetic, offering both all-day comfort and trend-forward appeal."
SKU-TOP-1435,Anouk Navy Blue Women's Polyester Blouses,topwear,Blouses,Anouk,Women,2349,4.7,Ethnic;Formal,Minimalist,Navy Blue,Polyester,"Anouk navy blue blouses crafted from premium polyester for women. Features a clean tailored silhouette with subtle contemporary accents. Ideal for ethnic, formal occasions. Styled in a minimalist aesthetic, offering both all-day comfort and trend-forward appeal."
SKU-TOP-1075,DressBerry White Women's Silk Blouses,topwear,Blouses,DressBerry,Women,899,3.3,Party;Casual,Minimalist;Streetwear,White,Silk,"DressBerry white blouses crafted from premium silk for women. Features a clean tailored silhouette with subtle contemporary accents. Ideal for party, casual occasions. Styled in a minimalist aesthetic, offering both all-day comfort and trend-forward appeal."
SKU-TOP-1578,HIGHLANDER Charcoal Grey Men's Polyester T-Shirts,topwear,T-Shirts,HIGHLANDER,Men,1299,4.5,Party;Formal,Minimalist,Charcoal Grey,Polyester,"HIGHLANDER charcoal grey t-shirts crafted from premium polyester for men. Features a clean tailored silhouette with subtle contemporary accents. Ideal for party, formal occasions. Styled in a minimalist aesthetic, offering both all-day comfort and trend-forward appeal."
SKU-FOO-2847,Forever 21 Sky Blue Women's Leather Loafers,footwear,Loafers,Forever 21,Women,2799,4.6,Casual;Ethnic,Streetwear,Sky Blue,Leather,"Forever 21 sky blue loafers crafted from premium leather for women. Features a urban relaxed drape engineered with durable modern textures. Ideal for casual, ethnic occasions. Styled in a streetwear aesthetic, offering both all-day comfort and trend-forward appeal."
SKU-ACC-3313,Nike Beige Men's Leather Bags,accessories,Bags,Nike,Men,3949,4.3,Casual,Classic;Streetwear,Beige,Leather,"Nike beige bags crafted from premium leather for men. Features a timeless quintessential design crafted for versatile everyday elegance. Ideal for casual occasions. Styled in a classic aesthetic, offering both all-day comfort and trend-forward appeal."
SKU-BOT-2231,Tommy Hilfiger Beige Men's Cotton Jeans,bottomwear,Jeans,Tommy Hilfiger,Men,3799,4.0,Beach,Streetwear,Beige,Cotton,"Tommy Hilfiger beige jeans crafted from premium cotton for men. Features a urban relaxed drape engineered with durable modern textures. Ideal for beach occasions. Styled in a streetwear aesthetic, offering both all-day comfort and trend-forward appeal."
SKU-BOT-1919,Puma Olive Green Women's Denim Jeans,bottomwear,Jeans,Puma,Women,2549,4.0,Beach;Formal,Minimalist;Pastel,Olive Green,Denim,"Puma olive green jeans crafted from premium denim for women. Features a clean tailored silhouette with subtle contemporary accents. Ideal for beach, formal occasions. Styled in a minimalist aesthetic, offering both all-day comfort and trend-forward appeal."
SKU-FOO-2327,Peter England Pastel Pink Men's Leather Loafers,footwear,Loafers,Peter England,Men,2799,3.9,Gym;Beach,Vibrant,Pastel Pink,Leather,"Peter England pastel pink loafers crafted from premium leather for men. Features a eye-catching high-energy color palette suited for expressive moods. Ideal for gym, beach occasions. Styled in a vibrant aesthetic, offering both all-day comfort and trend-forward appeal."
SKU-ACC-3316,DressBerry Mustard Yellow Women's Polyester Watches,accessories,Watches,DressBerry,Women,5799,4.3,Ethnic,Pastel;Vibrant,Mustard Yellow,Polyester,"DressBerry mustard yellow watches crafted from premium polyester for women. Features a soft muted hues providing a calm, breezy and sophisticated aesthetic. Ideal for ethnic occasions. Styled in a pastel aesthetic, offering both all-day comfort and trend-forward appeal."
SKU-ACC-3287,Nike Pastel Pink Men's Leather Belts,accessories,Belts,Nike,Men,1799,4.5,Ethnic;Formal,Classic,Pastel Pink,Leather,"Nike pastel pink belts crafted from premium leather for men. Features a timeless quintessential design crafted for versatile everyday elegance. Ideal for ethnic, formal occasions. Styled in a classic aesthetic, offering both all-day comfort and trend-forward appeal."
SKU-ACC-3246,Titan Charcoal Grey Men's Leather Bags,accessories,Bags,Titan,Men,2049,4.2,Ethnic;Gym,Pastel,Charcoal Grey,Leather,"Titan charcoal grey bags crafted from premium leather for men. Features a soft muted hues providing a calm, breezy and sophisticated aesthetic. Ideal for ethnic, gym occasions. Styled in a pastel aesthetic, offering both all-day comfort and trend-forward appeal."
SKU-BOT-1763,Forever 21 Cream Women's Cotton Skirts,bottomwear,Skirts,Forever 21,Women,949,4.9,Beach,Classic,Cream,Cotton,"Forever 21 cream skirts crafted from premium cotton for women. Features a timeless quintessential design crafted for versatile everyday elegance. Ideal for beach occasions. Styled in a classic aesthetic, offering both all-day comfort and trend-forward appeal."
SKU-ACC-3116,Mango Navy Blue Women's Cotton Bags,accessories,Bags,Mango,Women,2199,4.0,Formal;Casual,Pastel,Navy Blue,Cotton,"Mango navy blue bags crafted from premium cotton for women. Features a soft muted hues providing a calm, breezy and sophisticated aesthetic. Ideal for formal, casual occasions. Styled in a pastel aesthetic, offering both all-day comfort and trend-forward appeal."
SKU-BOT-1990,Forever 21 Cream Women's Silk Skirts,bottomwear,Skirts,Forever 21,Women,2699,4.2,Formal,Classic,Cream,Silk,"Forever 21 cream skirts crafted from premium silk for women. Features a timeless quintessential design crafted for versatile everyday elegance. Ideal for formal occasions. Styled in a classic aesthetic, offering both all-day comfort and trend-forward appeal."
SKU-TOP-1389,HRX by Hrithik Roshan Sky Blue Men's Silk Kurtas,topwear,Kurtas,HRX by Hrithik Roshan,Men,2649,4.5,Beach,Streetwear,Sky Blue,Silk,"HRX by Hrithik Roshan sky blue kurtas crafted from premium silk for men. Features a urban relaxed drape engineered with durable modern textures. Ideal for beach occasions. Styled in a streetwear aesthetic, offering both all-day comfort and trend-forward appeal."
SKU-TOP-1236,Puma Cream Women's Silk Kurtas,topwear,Kurtas,Puma,Women,1499,4.4,Party;Formal,Classic,Cream,Silk,"Puma cream kurtas crafted from premium silk for women. Features a timeless quintessential design crafted for versatile everyday elegance. Ideal for party, formal occasions. Styled in a classic aesthetic, offering both all-day comfort and trend-forward appeal."
SKU-ACC-3495,Sangria Tan Brown Women's Polyester Sunglasses,accessories,Sunglasses,Sangria,Women,2099,3.8,Gym,Vibrant,Tan Brown,Polyester,"Sangria tan brown sunglasses crafted from premium polyester for women. Features a eye-catching high-energy color palette suited for expressive moods. Ideal for gym occasions. Styled in a vibrant aesthetic, offering both all-day comfort and trend-forward appeal."
SKU-TOP-1268,ONLY Terracotta Women's Polyester Crop Tops,topwear,Crop Tops,ONLY,Women,899,3.7,Gym;Formal,Streetwear,Terracotta,Polyester,"ONLY terracotta crop tops crafted from premium polyester for women. Features a urban relaxed drape engineered with durable modern textures. Ideal for gym, formal occasions. Styled in a streetwear aesthetic, offering both all-day comfort and trend-forward appeal."
SKU-FOO-2330,Bata Burgundy Women's Cotton Flats,footwear,Flats,Bata,Women,2199,4.4,Gym,Vibrant,Burgundy,Cotton,"Bata burgundy flats crafted from premium cotton for women. Features a eye-catching high-energy color palette suited for expressive moods. Ideal for gym occasions. Styled in a vibrant aesthetic, offering both all-day comfort and trend-forward appeal."
SKU-ACC-3304,Forever 21 Cream Women's Polyester Sunglasses,accessories,Sunglasses,Forever 21,Women,849,4.3,Gym,Vibrant;Pastel,Cream,Polyester,"Forever 21 cream sunglasses crafted from premium polyester for women. Features a eye-catching high-energy color palette suited for expressive moods. Ideal for gym occasions. Styled in a vibrant aesthetic, offering both all-day comfort and trend-forward appeal."
SKU-TOP-1118,Puma Navy Blue Women's Polyester Crop Tops,topwear,Crop Tops,Puma,Women,1349,3.8,Ethnic;Gym,Classic,Navy Blue,Polyester,"Puma navy blue crop tops crafted from premium polyester for women. Features a timeless quintessential design crafted for versatile everyday elegance. Ideal for ethnic, gym occasions. Styled in a classic aesthetic, offering both all-day comfort and trend-forward appeal."
SKU-TOP-1438,VERO MODA Maroon Women's Cotton Blouses,topwear,Blouses,VERO MODA,Women,599,3.7,Ethnic;Formal,Vibrant;Streetwear,Maroon,Cotton,"VERO MODA maroon blouses crafted from premium cotton for women. Features a eye-catching high-energy color palette suited for expressive moods. Ideal for ethnic, formal occasions. Styled in a vibrant aesthetic, offering both all-day comfort and trend-forward appeal."
SKU-BOT-1674,Mango Cream Women's Cotton Trousers,bottomwear,Trousers,Mango,Women,3599,4.1,Party;Beach,Vibrant,Cream,Cotton,"Mango cream trousers crafted from premium cotton for women. Features a eye-catching high-energy color palette suited for expressive moods. Ideal for party, beach occasions. Styled in a vibrant aesthetic, offering both all-day comfort and trend-forward appeal."
SKU-TOP-1250,Puma Sky Blue Women's Polyester Blouses,topwear,Blouses,Puma,Women,1349,4.3,Casual,Streetwear;Pastel,Sky Blue,Polyester,"Puma sky blue blouses crafted from premium polyester for women. Features a urban relaxed drape engineered with durable modern textures. Ideal for casual occasions. Styled in a streetwear aesthetic, offering both all-day comfort and trend-forward appeal."
SKU-ACC-3129,Puma Charcoal Grey Women's Polyester Sunglasses,accessories,Sunglasses,Puma,Women,949,4.5,Casual;Ethnic,Minimalist,Charcoal Grey,Polyester,"Puma charcoal grey sunglasses crafted from premium polyester for women. Features a clean tailored silhouette with subtle contemporary accents. Ideal for casual, ethnic occasions. Styled in a minimalist aesthetic, offering both all-day comfort and trend-forward appeal."
SKU-FOO-2575,Bata Maroon Women's Leather Flats,footwear,Flats,Bata,Women,599,4.4,Formal,Pastel,Maroon,Leather,"Bata maroon flats crafted from premium leather for women. Features a soft muted hues providing a calm, breezy and sophisticated aesthetic. Ideal for formal occasions. Styled in a pastel aesthetic, offering both all-day comfort and trend-forward appeal."
SKU-ACC-3497,Lavie Sport Tan Brown Unisex Leather Bags,accessories,Bags,Lavie Sport,Unisex,2549,4.1,Ethnic,Minimalist,Tan Brown,Leather,"Lavie Sport tan brown bags crafted from premium leather for all genders. Features a clean tailored silhouette with subtle contemporary accents. Ideal for ethnic occasions. Styled in a minimalist aesthetic, offering both all-day comfort and trend-forward appeal."
SKU-TOP-1095,DressBerry Cream Women's Polyester Blouses,topwear,Blouses,DressBerry,Women,1299,4.1,Beach;Casual,Classic;Streetwear,Cream,Polyester,"DressBerry cream blouses crafted from premium polyester for women. Features a timeless quintessential design crafted for versatile everyday elegance. Ideal for beach, casual occasions. Styled in a classic aesthetic, offering both all-day comfort and trend-forward appeal."
SKU-ACC-2898,Titan Beige Men's Leather Belts,accessories,Belts,Titan,Men,1299,4.8,Party,Vibrant;Minimalist,Beige,Leather,"Titan beige belts crafted from premium leather for men. Features a eye-catching high-energy color palette suited for expressive moods. Ideal for party occasions. Styled in a vibrant aesthetic, offering both all-day comfort and trend-forward appeal."
SKU-TOP-1034,Mango White Women's Cotton Shirts,topwear,Shirts,Mango,Women,2049,3.8,Gym;Party,Streetwear,White,Cotton,"Mango white shirts crafted from premium cotton for women. Features a urban relaxed drape engineered with durable modern textures. Ideal for gym, party occasions. Styled in a streetwear aesthetic, offering both all-day comfort and trend-forward appeal."
SKU-ACC-3135,Tokyo Talkies Beige Women's Leather Watches,accessories,Watches,Tokyo Talkies,Women,2349,4.1,Casual,Classic,Beige,Leather,"Tokyo Talkies beige watches crafted from premium leather for women. Features a timeless quintessential design crafted for versatile everyday elegance. Ideal for casual occasions. Styled in a classic aesthetic, offering both all-day comfort and trend-forward appeal."
SKU-ACC-3285,Roadster White Unisex Polyester Watches,accessories,Watches,Roadster,Unisex,6799,4.0,Beach;Casual,Streetwear,White,Polyester,"Roadster white watches crafted from premium polyester for all genders. Features a urban relaxed drape engineered with durable modern textures. Ideal for beach, casual occasions. Styled in a streetwear aesthetic, offering both all-day comfort and trend-forward appeal."
SKU-TOP-1449,Sangria Sky Blue Women's Polyester Crop Tops,topwear,Crop Tops,Sangria,Women,699,4.0,Formal,Classic,Sky Blue,Polyester,"Sangria sky blue crop tops crafted from premium polyester for women. Features a timeless quintessential design crafted for versatile everyday elegance. Ideal for formal occasions. Styled in a classic aesthetic, offering both all-day comfort and trend-forward appeal."
SKU-FOO-2470,DressBerry Tan Brown Women's Leather Flats,footwear,Flats,DressBerry,Women,2049,4.4,Formal,Minimalist,Tan Brown,Leather,"DressBerry tan brown flats crafted from premium leather for women. Features a clean tailored silhouette with subtle contemporary accents. Ideal for formal occasions. Styled in a minimalist aesthetic, offering both all-day comfort and trend-forward appeal."
SKU-FOO-2796,WROGN Cream Men's Cotton Sneakers,footwear,Sneakers,WROGN,Men,4649,3.9,Party;Formal,Minimalist;Pastel,Cream,Cotton,"WROGN cream sneakers crafted from premium cotton for men. Features a clean tailored silhouette with subtle contemporary accents. Ideal for party, formal occasions. Styled in a minimalist aesthetic, offering both all-day comfort and trend-forward appeal."
SKU-BOT-1717,Tommy Hilfiger Tan Brown Men's Denim Jeans,bottomwear,Jeans,Tommy Hilfiger,Men,2649,4.2,Gym;Casual,Vibrant,Tan Brown,Denim,"Tommy Hilfiger tan brown jeans crafted from premium denim for men. Features a eye-catching high-energy color palette suited for expressive moods. Ideal for gym, casual occasions. Styled in a vibrant aesthetic, offering both all-day comfort and trend-forward appeal."
SKU-ACC-2942,Louis Philippe Navy Blue Men's Polyester Watches,accessories,Watches,Louis Philippe,Men,2849,4.1,Formal;Casual,Classic,Navy Blue,Polyester,"Louis Philippe navy blue watches crafted from premium polyester for men. Features a timeless quintessential design crafted for versatile everyday elegance. Ideal for formal, casual occasions. Styled in a classic aesthetic, offering both all-day comfort and trend-forward appeal."
SKU-ACC-3176,HRX by Hrithik Roshan White Men's Polyester Sunglasses,accessories,Sunglasses,HRX by Hrithik Roshan,Men,849,4.9,Party,Pastel,White,Polyester,"HRX by Hrithik Roshan white sunglasses crafted from premium polyester for men. Features a soft muted hues providing a calm, breezy and sophisticated aesthetic. Ideal for party occasions. Styled in a pastel aesthetic, offering both all-day comfort and trend-forward appeal."
SKU-TOP-1001,Roadster Charcoal Grey Men's Linen Blazers,topwear,Blazers,Roadster,Men,4349,4.4,Casual,Classic,Charcoal Grey,Linen,"Roadster charcoal grey blazers crafted from premium linen for men. Features a timeless quintessential design crafted for versatile everyday elegance. Ideal for casual occasions. Styled in a classic aesthetic, offering both all-day comfort and trend-forward appeal."
SKU-TOP-1457,Mango Tan Brown Women's Polyester Crop Tops,topwear,Crop Tops,Mango,Women,1249,4.2,Gym;Casual,Streetwear;Vibrant,Tan Brown,Polyester,"Mango tan brown crop tops crafted from premium polyester for women. Features a urban relaxed drape engineered with durable modern textures. Ideal for gym, casual occasions. Styled in a streetwear aesthetic, offering both all-day comfort and trend-forward appeal."
SKU-BOT-2102,Tokyo Talkies Tan Brown Women's Cotton Palazzos,bottomwear,Palazzos,Tokyo Talkies,Women,1899,3.2,Gym;Ethnic,Pastel,Tan Brown,Cotton,"Tokyo Talkies tan brown palazzos crafted from premium cotton for women. Features a soft muted hues providing a calm, breezy and sophisticated aesthetic. Ideal for gym, ethnic occasions. Styled in a pastel aesthetic, offering both all-day comfort and trend-forward appeal."
SKU-BOT-2109,Titan Navy Blue Men's Cotton Jeans,bottomwear,Jeans,Titan,Men,4099,4.0,Gym,Vibrant;Pastel,Navy Blue,Cotton,"Titan navy blue jeans crafted from premium cotton for men. Features a eye-catching high-energy color palette suited for expressive moods. Ideal for gym occasions. Styled in a vibrant aesthetic, offering both all-day comfort and trend-forward appeal."
SKU-ACC-2883,Anouk White Women's Polyester Sunglasses,accessories,Sunglasses,Anouk,Women,2249,3.8,Ethnic,Pastel,White,Polyester,"Anouk white sunglasses crafted from premium polyester for women. Features a soft muted hues providing a calm, breezy and sophisticated aesthetic. Ideal for ethnic occasions. Styled in a pastel aesthetic, offering both all-day comfort and trend-forward appeal."
SKU-TOP-1083,Nike Terracotta Men's Linen Kurtas,topwear,Kurtas,Nike,Men,2799,4.7,Beach;Party,Pastel,Terracotta,Linen,"Nike terracotta kurtas crafted from premium linen for men. Features a soft muted hues providing a calm, breezy and sophisticated aesthetic. Ideal for beach, party occasions. Styled in a pastel aesthetic, offering both all-day comfort and trend-forward appeal."
SKU-FOO-2482,Mast & Harbour Black Men's Polyester Loafers,footwear,Loafers,Mast & Harbour,Men,3249,4.1,Gym,Classic,Black,Polyester,"Mast & Harbour black loafers crafted from premium polyester for men. Features a timeless quintessential design crafted for versatile everyday elegance. Ideal for gym occasions. Styled in a classic aesthetic, offering both all-day comfort and trend-forward appeal."
SKU-ACC-2977,Titan Charcoal Grey Men's Leather Bags,accessories,Bags,Titan,Men,3299,4.6,Beach;Ethnic,Classic;Vibrant,Charcoal Grey,Leather,"Titan charcoal grey bags crafted from premium leather for men. Features a timeless quintessential design crafted for versatile everyday elegance. Ideal for beach, ethnic occasions. Styled in a classic aesthetic, offering both all-day comfort and trend-forward appeal."
SKU-BOT-1677,Roadster Charcoal Grey Men's Linen Chinos,bottomwear,Chinos,Roadster,Men,2599,3.8,Party;Casual,Classic,Charcoal Grey,Linen,"Roadster charcoal grey chinos crafted from premium linen for men. Features a timeless quintessential design crafted for versatile everyday elegance. Ideal for party, casual occasions. Styled in a classic aesthetic, offering both all-day comfort and trend-forward appeal."
SKU-ACC-3043,Casio Maroon Unisex Cotton Bags,accessories,Bags,Casio,Unisex,4849,4.0,Gym,Vibrant,Maroon,Cotton,"Casio maroon bags crafted from premium cotton for all genders. Features a eye-catching high-energy color palette suited for expressive moods. Ideal for gym occasions. Styled in a vibrant aesthetic, offering both all-day comfort and trend-forward appeal."
SKU-ACC-3127,Roadster Navy Blue Unisex Leather Bags,accessories,Bags,Roadster,Unisex,1099,3.8,Formal;Gym,Vibrant,Navy Blue,Leather,"Roadster navy blue bags crafted from premium leather for all genders. Features a eye-catching high-energy color palette suited for expressive moods. Ideal for formal, gym occasions. Styled in a vibrant aesthetic, offering both all-day comfort and trend-forward appeal."
SKU-BOT-2047,Fossil Sky Blue Women's Silk Palazzos,bottomwear,Palazzos,Fossil,Women,999,4.4,Party,Minimalist;Streetwear,Sky Blue,Silk,"Fossil sky blue palazzos crafted from premium silk for women. Features a clean tailored silhouette with subtle contemporary accents. Ideal for party occasions. Styled in a minimalist aesthetic, offering both all-day comfort and trend-forward appeal."
SKU-FOO-2461,Titan Burgundy Men's Leather Loafers,footwear,Loafers,Titan,Men,3849,4.2,Ethnic,Streetwear;Classic,Burgundy,Leather,"Titan burgundy loafers crafted from premium leather for men. Features a urban relaxed drape engineered with durable modern textures. Ideal for ethnic occasions. Styled in a streetwear aesthetic, offering both all-day comfort and trend-forward appeal."
SKU-BOT-1771,Carlton London Olive Green Women's Denim Jeans,bottomwear,Jeans,Carlton London,Women,4199,4.4,Casual;Ethnic,Minimalist,Olive Green,Denim,"Carlton London olive green jeans crafted from premium denim for women. Features a clean tailored silhouette with subtle contemporary accents. Ideal for casual, ethnic occasions. Styled in a minimalist aesthetic, offering both all-day comfort and trend-forward appeal."
SKU-FOO-2669,Vans Sky Blue Unisex Polyester Sneakers,footwear,Sneakers,Vans,Unisex,4649,4.5,Formal;Casual,Streetwear,Sky Blue,Polyester,"Vans sky blue sneakers crafted from premium polyester for all genders. Features a urban relaxed drape engineered with durable modern textures. Ideal for formal, casual occasions. Styled in a streetwear aesthetic, offering both all-day comfort and trend-forward appeal."
SKU-ACC-3025,VERO MODA Tan Brown Women's Polyester Earrings,accessories,Earrings,VERO MODA,Women,649,3.2,Gym;Casual,Streetwear,Tan Brown,Polyester,"VERO MODA tan brown earrings crafted from premium polyester for women. Features a urban relaxed drape engineered with durable modern textures. Ideal for gym, casual occasions. Styled in a streetwear aesthetic, offering both all-day comfort and trend-forward appeal."
SKU-ACC-2964,Fossil Pastel Pink Women's Leather Bags,accessories,Bags,Fossil,Women,4399,4.4,Gym;Casual,Pastel,Pastel Pink,Leather,"Fossil pastel pink bags crafted from premium leather for women. Features a soft muted hues providing a calm, breezy and sophisticated aesthetic. Ideal for gym, casual occasions. Styled in a pastel aesthetic, offering both all-day comfort and trend-forward appeal."
SKU-TOP-1518,Bata Terracotta Women's Linen Kurtas,topwear,Kurtas,Bata,Women,2099,3.9,Ethnic;Gym,Classic,Terracotta,Linen,"Bata terracotta kurtas crafted from premium linen for women. Features a timeless quintessential design crafted for versatile everyday elegance. Ideal for ethnic, gym occasions. Styled in a classic aesthetic, offering both all-day comfort and trend-forward appeal."
SKU-BOT-1823,DressBerry Terracotta Women's Cotton Skirts,bottomwear,Skirts,DressBerry,Women,749,4.9,Beach,Classic;Minimalist,Terracotta,Cotton,"DressBerry terracotta skirts crafted from premium cotton for women. Features a timeless quintessential design crafted for versatile everyday elegance. Ideal for beach occasions. Styled in a classic aesthetic, offering both all-day comfort and trend-forward appeal."
SKU-TOP-1405,Mango Sky Blue Women's Polyester Blouses,topwear,Blouses,Mango,Women,1199,4.0,Formal,Classic,Sky Blue,Polyester,"Mango sky blue blouses crafted from premium polyester for women. Features a timeless quintessential design crafted for versatile everyday elegance. Ideal for formal occasions. Styled in a classic aesthetic, offering both all-day comfort and trend-forward appeal."
SKU-TOP-1385,Roadster Black Men's Linen Kurtas,topwear,Kurtas,Roadster,Men,1149,3.9,Ethnic;Beach,Minimalist,Black,Linen,"Roadster black kurtas crafted from premium linen for men. Features a clean tailored silhouette with subtle contemporary accents. Ideal for ethnic, beach occasions. Styled in a minimalist aesthetic, offering both all-day comfort and trend-forward appeal."
SKU-ACC-2992,Mango Navy Blue Women's Polyester Belts,accessories,Belts,Mango,Women,949,4.5,Casual,Pastel,Navy Blue,Polyester,"Mango navy blue belts crafted from premium polyester for women. Features a soft muted hues providing a calm, breezy and sophisticated aesthetic. Ideal for casual occasions. Styled in a pastel aesthetic, offering both all-day comfort and trend-forward appeal."
SKU-ACC-3425,Carlton London Lavender Women's Polyester Earrings,accessories,Earrings,Carlton London,Women,1449,3.7,Ethnic,Streetwear,Lavender,Polyester,"Carlton London lavender earrings crafted from premium polyester for women. Features a urban relaxed drape engineered with durable modern textures. Ideal for ethnic occasions. Styled in a streetwear aesthetic, offering both all-day comfort and trend-forward appeal."
SKU-TOP-1105,Puma Beige Women's Cotton Shirts,topwear,Shirts,Puma,Women,1899,4.1,Beach,Vibrant,Beige,Cotton,"Puma beige shirts crafted from premium cotton for women. Features a eye-catching high-energy color palette suited for expressive moods. Ideal for beach occasions. Styled in a vibrant aesthetic, offering both all-day comfort and trend-forward appeal."
SKU-FOO-2634,Louis Philippe Charcoal Grey Men's Leather Loafers,footwear,Loafers,Louis Philippe,Men,1849,4.6,Formal;Beach,Pastel,Charcoal Grey,Leather,"Louis Philippe charcoal grey loafers crafted from premium leather for men. Features a soft muted hues providing a calm, breezy and sophisticated aesthetic. Ideal for formal, beach occasions. Styled in a pastel aesthetic, offering both all-day comfort and trend-forward appeal."
SKU-ACC-3385,Puma Terracotta Unisex Polyester Sunglasses,accessories,Sunglasses,Puma,Unisex,549,4.2,Formal;Beach,Classic,Terracotta,Polyester,"Puma terracotta sunglasses crafted from premium polyester for all genders. Features a timeless quintessential design crafted for versatile everyday elegance. Ideal for formal, beach occasions. Styled in a classic aesthetic, offering both all-day comfort and trend-forward appeal."
SKU-BOT-1689,VERO MODA Olive Green Women's Silk Palazzos,bottomwear,Palazzos,VERO MODA,Women,849,4.4,Ethnic,Pastel,Olive Green,Silk,"VERO MODA olive green palazzos crafted from premium silk for women. Features a soft muted hues providing a calm, breezy and sophisticated aesthetic. Ideal for ethnic occasions. Styled in a pastel aesthetic, offering both all-day comfort and trend-forward appeal."
SKU-ACC-3211,Tokyo Talkies Beige Women's Polyester Watches,accessories,Watches,Tokyo Talkies,Women,3149,3.8,Gym,Pastel,Beige,Polyester,"Tokyo Talkies beige watches crafted from premium polyester for women. Features a soft muted hues providing a calm, breezy and sophisticated aesthetic. Ideal for gym occasions. Styled in a pastel aesthetic, offering both all-day comfort and trend-forward appeal."
SKU-BOT-1827,Mango Mint Green Women's Linen Trousers,bottomwear,Trousers,Mango,Women,2399,4.8,Ethnic;Gym,Vibrant,Mint Green,Linen,"Mango mint green trousers crafted from premium linen for women. Features a eye-catching high-energy color palette suited for expressive moods. Ideal for ethnic, gym occasions. Styled in a vibrant aesthetic, offering both all-day comfort and trend-forward appeal."
SKU-BOT-2241,Mango Mustard Yellow Women's Polyester Trousers,bottomwear,Trousers,Mango,Women,1099,4.1,Beach,Streetwear,Mustard Yellow,Polyester,"Mango mustard yellow trousers crafted from premium polyester for women. Features a urban relaxed drape engineered with durable modern textures. Ideal for beach occasions. Styled in a streetwear aesthetic, offering both all-day comfort and trend-forward appeal."
SKU-TOP-1063,Tokyo Talkies Terracotta Women's Linen Shirts,topwear,Shirts,Tokyo Talkies,Women,1149,3.8,Party,Streetwear,Terracotta,Linen,"Tokyo Talkies terracotta shirts crafted from premium linen for women. Features a urban relaxed drape engineered with durable modern textures. Ideal for party occasions. Styled in a streetwear aesthetic, offering both all-day comfort and trend-forward appeal."
SKU-FOO-2306,Tokyo Talkies Charcoal Grey Women's Cotton Flats,footwear,Flats,Tokyo Talkies,Women,599,3.9,Formal,Minimalist,Charcoal Grey,Cotton,"Tokyo Talkies charcoal grey flats crafted from premium cotton for women. Features a clean tailored silhouette with subtle contemporary accents. Ideal for formal occasions. Styled in a minimalist aesthetic, offering both all-day comfort and trend-forward appeal."
SKU-BOT-1853,Tokyo Talkies Pastel Pink Women's Cotton Palazzos,bottomwear,Palazzos,Tokyo Talkies,Women,749,4.0,Beach;Party,Pastel,Pastel Pink,Cotton,"Tokyo Talkies pastel pink palazzos crafted from premium cotton for women. Features a soft muted hues providing a calm, breezy and sophisticated aesthetic. Ideal for beach, party occasions. Styled in a pastel aesthetic, offering both all-day comfort and trend-forward appeal."
SKU-ACC-3321,Anouk Beige Women's Polyester Belts,accessories,Belts,Anouk,Women,399,4.4,Gym,Minimalist,Beige,Polyester,"Anouk beige belts crafted from premium polyester for women. Features a clean tailored silhouette with subtle contemporary accents. Ideal for gym occasions. Styled in a minimalist aesthetic, offering both all-day comfort and trend-forward appeal."
SKU-TOP-1177,Fossil Navy Blue Women's Silk Blouses,topwear,Blouses,Fossil,Women,1249,4.2,Gym,Classic;Streetwear,Navy Blue,Silk,"Fossil navy blue blouses crafted from premium silk for women. Features a timeless quintessential design crafted for versatile everyday elegance. Ideal for gym occasions. Styled in a classic aesthetic, offering both all-day comfort and trend-forward appeal."
SKU-FOO-2263,Mango Mint Green Women's Cotton Flats,footwear,Flats,Mango,Women,1899,4.4,Beach,Classic,Mint Green,Cotton,"Mango mint green flats crafted from premium cotton for women. Features a timeless quintessential design crafted for versatile everyday elegance. Ideal for beach occasions. Styled in a classic aesthetic, offering both all-day comfort and trend-forward appeal."
SKU-TOP-1224,WROGN White Men's Polyester Blazers,topwear,Blazers,WROGN,Men,6099,3.6,Formal,Minimalist;Vibrant,White,Polyester,"WROGN white blazers crafted from premium polyester for men. Features a clean tailored silhouette with subtle contemporary accents. Ideal for formal occasions. Styled in a minimalist aesthetic, offering both all-day comfort and trend-forward appeal."
SKU-TOP-1146,Puma Sky Blue Men's Silk Kurtas,topwear,Kurtas,Puma,Men,1849,4.5,Gym;Ethnic,Pastel;Minimalist,Sky Blue,Silk,"Puma sky blue kurtas crafted from premium silk for men. Features a soft muted hues providing a calm, breezy and sophisticated aesthetic. Ideal for gym, ethnic occasions. Styled in a pastel aesthetic, offering both all-day comfort and trend-forward appeal."
SKU-BOT-2089,Bata Lavender Women's Silk Palazzos,bottomwear,Palazzos,Bata,Women,899,4.1,Formal,Minimalist,Lavender,Silk,"Bata lavender palazzos crafted from premium silk for women. Features a clean tailored silhouette with subtle contemporary accents. Ideal for formal occasions. Styled in a minimalist aesthetic, offering both all-day comfort and trend-forward appeal."
SKU-TOP-1374,Nike Pastel Pink Men's Polyester T-Shirts,topwear,T-Shirts,Nike,Men,599,4.5,Beach,Streetwear,Pastel Pink,Polyester,"Nike pastel pink t-shirts crafted from premium polyester for men. Features a urban relaxed drape engineered with durable modern textures. Ideal for beach occasions. Styled in a streetwear aesthetic, offering both all-day comfort and trend-forward appeal."
SKU-FOO-2825,Anouk Black Women's Leather Loafers,footwear,Loafers,Anouk,Women,4749,4.3,Ethnic;Beach,Minimalist,Black,Leather,"Anouk black loafers crafted from premium leather for women. Features a clean tailored silhouette with subtle contemporary accents. Ideal for ethnic, beach occasions. Styled in a minimalist aesthetic, offering both all-day comfort and trend-forward appeal."
SKU-ACC-3110,ONLY Olive Green Women's Polyester Sunglasses,accessories,Sunglasses,ONLY,Women,1849,4.4,Beach,Streetwear,Olive Green,Polyester,"ONLY olive green sunglasses crafted from premium polyester for women. Features a urban relaxed drape engineered with durable modern textures. Ideal for beach occasions. Styled in a streetwear aesthetic, offering both all-day comfort and trend-forward appeal."
SKU-BOT-2143,Mango Black Women's Cotton Chinos,bottomwear,Chinos,Mango,Women,2399,4.1,Formal,Minimalist;Classic,Black,Cotton,"Mango black chinos crafted from premium cotton for women. Features a clean tailored silhouette with subtle contemporary accents. Ideal for formal occasions. Styled in a minimalist aesthetic, offering both all-day comfort and trend-forward appeal."
SKU-ACC-3393,Anouk Pastel Pink Women's Polyester Belts,accessories,Belts,Anouk,Women,1199,3.7,Gym;Ethnic,Minimalist,Pastel Pink,Polyester,"Anouk pastel pink belts crafted from premium polyester for women. Features a clean tailored silhouette with subtle contemporary accents. Ideal for gym, ethnic occasions. Styled in a minimalist aesthetic, offering both all-day comfort and trend-forward appeal."
SKU-ACC-3164,Casio Sky Blue Unisex Leather Bags,accessories,Bags,Casio,Unisex,1699,4.6,Party;Formal,Streetwear,Sky Blue,Leather,"Casio sky blue bags crafted from premium leather for all genders. Features a urban relaxed drape engineered with durable modern textures. Ideal for party, formal occasions. Styled in a streetwear aesthetic, offering both all-day comfort and trend-forward appeal."
SKU-FOO-2275,Puma Lavender Men's Polyester Loafers,footwear,Loafers,Puma,Men,2449,4.6,Ethnic,Minimalist,Lavender,Polyester,"Puma lavender loafers crafted from premium polyester for men. Features a clean tailored silhouette with subtle contemporary accents. Ideal for ethnic occasions. Styled in a minimalist aesthetic, offering both all-day comfort and trend-forward appeal."
SKU-FOO-2266,Bata Mustard Yellow Women's Leather Flats,footwear,Flats,Bata,Women,2249,3.7,Party,Minimalist,Mustard Yellow,Leather,"Bata mustard yellow flats crafted from premium leather for women. Features a clean tailored silhouette with subtle contemporary accents. Ideal for party occasions. Styled in a minimalist aesthetic, offering both all-day comfort and trend-forward appeal."
SKU-ACC-3234,Puma Lavender Women's Silk Earrings,accessories,Earrings,Puma,Women,899,4.5,Formal,Vibrant,Lavender,Silk,"Puma lavender earrings crafted from premium silk for women. Features a eye-catching high-energy color palette suited for expressive moods. Ideal for formal occasions. Styled in a vibrant aesthetic, offering both all-day comfort and trend-forward appeal."
SKU-ACC-2949,Tommy Hilfiger Mustard Yellow Men's Leather Belts,accessories,Belts,Tommy Hilfiger,Men,1849,4.6,Beach,Streetwear,Mustard Yellow,Leather,"Tommy Hilfiger mustard yellow belts crafted from premium leather for men. Features a urban relaxed drape engineered with durable modern textures. Ideal for beach occasions. Styled in a streetwear aesthetic, offering both all-day comfort and trend-forward appeal."
SKU-TOP-1010,VERO MODA Burgundy Women's Linen Blazers,topwear,Blazers,VERO MODA,Women,4649,4.4,Gym,Pastel,Burgundy,Linen,"VERO MODA burgundy blazers crafted from premium linen for women. Features a soft muted hues providing a calm, breezy and sophisticated aesthetic. Ideal for gym occasions. Styled in a pastel aesthetic, offering both all-day comfort and trend-forward appeal."
SKU-TOP-1450,Anouk Olive Green Women's Linen Blazers,topwear,Blazers,Anouk,Women,6399,3.8,Ethnic;Casual,Classic;Minimalist,Olive Green,Linen,"Anouk olive green blazers crafted from premium linen for women. Features a timeless quintessential design crafted for versatile everyday elegance. Ideal for ethnic, casual occasions. Styled in a classic aesthetic, offering both all-day comfort and trend-forward appeal."
SKU-FOO-2839,Puma Sky Blue Women's Leather Boots,footwear,Boots,Puma,Women,1999,4.2,Party,Streetwear,Sky Blue,Leather,"Puma sky blue boots crafted from premium leather for women. Features a urban relaxed drape engineered with durable modern textures. Ideal for party occasions. Styled in a streetwear aesthetic, offering both all-day comfort and trend-forward appeal."
SKU-BOT-1709,Sangria Navy Blue Women's Cotton Chinos,bottomwear,Chinos,Sangria,Women,2299,3.5,Ethnic,Streetwear;Classic,Navy Blue,Cotton,"Sangria navy blue chinos crafted from premium cotton for women. Features a urban relaxed drape engineered with durable modern textures. Ideal for ethnic occasions. Styled in a streetwear aesthetic, offering both all-day comfort and trend-forward appeal."
SKU-TOP-1256,ONLY Terracotta Women's Linen Kurtas,topwear,Kurtas,ONLY,Women,3249,4.0,Party,Vibrant,Terracotta,Linen,"ONLY terracotta kurtas crafted from premium linen for women. Features a eye-catching high-energy color palette suited for expressive moods. Ideal for party occasions. Styled in a vibrant aesthetic, offering both all-day comfort and trend-forward appeal."
SKU-BOT-1883,Bata Lavender Women's Linen Chinos,bottomwear,Chinos,Bata,Women,2849,4.0,Party,Vibrant,Lavender,Linen,"Bata lavender chinos crafted from premium linen for women. Features a eye-catching high-energy color palette suited for expressive moods. Ideal for party occasions. Styled in a vibrant aesthetic, offering both all-day comfort and trend-forward appeal."
SKU-FOO-2618,Puma Cream Men's Polyester Loafers,footwear,Loafers,Puma,Men,4899,3.9,Gym;Formal,Vibrant,Cream,Polyester,"Puma cream loafers crafted from premium polyester for men. Features a eye-catching high-energy color palette suited for expressive moods. Ideal for gym, formal occasions. Styled in a vibrant aesthetic, offering both all-day comfort and trend-forward appeal."
SKU-TOP-1390,DressBerry Beige Women's Cotton Blouses,topwear,Blouses,DressBerry,Women,2099,4.0,Formal,Classic,Beige,Cotton,"DressBerry beige blouses crafted from premium cotton for women. Features a timeless quintessential design crafted for versatile everyday elegance. Ideal for formal occasions. Styled in a classic aesthetic, offering both all-day comfort and trend-forward appeal."
SKU-ACC-3016,Peter England Cream Men's Polyester Sunglasses,accessories,Sunglasses,Peter England,Men,1799,4.1,Formal;Party,Minimalist,Cream,Polyester,"Peter England cream sunglasses crafted from premium polyester for men. Features a clean tailored silhouette with subtle contemporary accents. Ideal for formal, party occasions. Styled in a minimalist aesthetic, offering both all-day comfort and trend-forward appeal."
SKU-ACC-3396,VERO MODA Tan Brown Women's Polyester Earrings,accessories,Earrings,VERO MODA,Women,1599,3.7,Party,Pastel,Tan Brown,Polyester,"VERO MODA tan brown earrings crafted from premium polyester for women. Features a soft muted hues providing a calm, breezy and sophisticated aesthetic. Ideal for party occasions. Styled in a pastel aesthetic, offering both all-day comfort and trend-forward appeal."
SKU-FOO-2582,DressBerry Pastel Pink Women's Leather Heels,footwear,Heels,DressBerry,Women,1749,4.6,Party,Classic,Pastel Pink,Leather,"DressBerry pastel pink heels crafted from premium leather for women. Features a timeless quintessential design crafted for versatile everyday elegance. Ideal for party occasions. Styled in a classic aesthetic, offering both all-day comfort and trend-forward appeal."
SKU-BOT-1909,Sangria Mustard Yellow Women's Polyester Skirts,bottomwear,Skirts,Sangria,Women,1149,4.4,Casual,Classic,Mustard Yellow,Polyester,"Sangria mustard yellow skirts crafted from premium polyester for women. Features a timeless quintessential design crafted for versatile everyday elegance. Ideal for casual occasions. Styled in a classic aesthetic, offering both all-day comfort and trend-forward appeal."
SKU-BOT-1925,DressBerry Olive Green Women's Cotton Palazzos,bottomwear,Palazzos,DressBerry,Women,1949,4.6,Formal;Ethnic,Minimalist,Olive Green,Cotton,"DressBerry olive green palazzos crafted from premium cotton for women. Features a clean tailored silhouette with subtle contemporary accents. Ideal for formal, ethnic occasions. Styled in a minimalist aesthetic, offering both all-day comfort and trend-forward appeal."
SKU-BOT-1752,Peter England Navy Blue Men's Linen Trousers,bottomwear,Trousers,Peter England,Men,2799,3.7,Beach,Vibrant,Navy Blue,Linen,"Peter England navy blue trousers crafted from premium linen for men. Features a eye-catching high-energy color palette suited for expressive moods. Ideal for beach occasions. Styled in a vibrant aesthetic, offering both all-day comfort and trend-forward appeal."
SKU-ACC-2890,Converse Black Unisex Leather Bags,accessories,Bags,Converse,Unisex,4849,4.2,Beach,Vibrant,Black,Leather,"Converse black bags crafted from premium leather for all genders. Features a eye-catching high-energy color palette suited for expressive moods. Ideal for beach occasions. Styled in a vibrant aesthetic, offering both all-day comfort and trend-forward appeal."
SKU-TOP-1461,Fossil Tan Brown Men's Cotton Shirts,topwear,Shirts,Fossil,Men,849,4.9,Ethnic;Gym,Classic,Tan Brown,Cotton,"Fossil tan brown shirts crafted from premium cotton for men. Features a timeless quintessential design crafted for versatile everyday elegance. Ideal for ethnic, gym occasions. Styled in a classic aesthetic, offering both all-day comfort and trend-forward appeal."
SKU-FOO-2748,Nike White Men's Polyester Sneakers,footwear,Sneakers,Nike,Men,2399,4.4,Gym;Ethnic,Vibrant;Classic,White,Polyester,"Nike white sneakers crafted from premium polyester for men. Features a eye-catching high-energy color palette suited for expressive moods. Ideal for gym, ethnic occasions. Styled in a vibrant aesthetic, offering both all-day comfort and trend-forward appeal."
SKU-ACC-2948,DressBerry Pastel Pink Women's Leather Belts,accessories,Belts,DressBerry,Women,1199,4.2,Casual,Vibrant,Pastel Pink,Leather,"DressBerry pastel pink belts crafted from premium leather for women. Features a eye-catching high-energy color palette suited for expressive moods. Ideal for casual occasions. Styled in a vibrant aesthetic, offering both all-day comfort and trend-forward appeal."
SKU-BOT-2225,Puma Mustard Yellow Women's Cotton Skirts,bottomwear,Skirts,Puma,Women,2299,4.1,Formal,Pastel,Mustard Yellow,Cotton,"Puma mustard yellow skirts crafted from premium cotton for women. Features a soft muted hues providing a calm, breezy and sophisticated aesthetic. Ideal for formal occasions. Styled in a pastel aesthetic, offering both all-day comfort and trend-forward appeal."
SKU-BOT-2169,Anouk Burgundy Women's Polyester Skirts,bottomwear,Skirts,Anouk,Women,1149,4.4,Beach,Streetwear;Classic,Burgundy,Polyester,"Anouk burgundy skirts crafted from premium polyester for women. Features a urban relaxed drape engineered with durable modern textures. Ideal for beach occasions. Styled in a streetwear aesthetic, offering both all-day comfort and trend-forward appeal."
SKU-BOT-1959,VERO MODA Cream Women's Cotton Trousers,bottomwear,Trousers,VERO MODA,Women,2999,4.4,Casual,Pastel,Cream,Cotton,"VERO MODA cream trousers crafted from premium cotton for women. Features a soft muted hues providing a calm, breezy and sophisticated aesthetic. Ideal for casual occasions. Styled in a pastel aesthetic, offering both all-day comfort and trend-forward appeal."
SKU-TOP-1502,Vans Mint Green Unisex Cotton T-Shirts,topwear,T-Shirts,Vans,Unisex,749,4.9,Ethnic;Casual,Vibrant,Mint Green,Cotton,"Vans mint green t-shirts crafted from premium cotton for all genders. Features a eye-catching high-energy color palette suited for expressive moods. Ideal for ethnic, casual occasions. Styled in a vibrant aesthetic, offering both all-day comfort and trend-forward appeal."
SKU-FOO-2728,Carlton London Burgundy Women's Polyester Loafers,footwear,Loafers,Carlton London,Women,2249,4.5,Party;Ethnic,Streetwear,Burgundy,Polyester,"Carlton London burgundy loafers crafted from premium polyester for women. Features a urban relaxed drape engineered with durable modern textures. Ideal for party, ethnic occasions. Styled in a streetwear aesthetic, offering both all-day comfort and trend-forward appeal."
SKU-BOT-1740,Forever 21 Mint Green Women's Silk Palazzos,bottomwear,Palazzos,Forever 21,Women,949,4.6,Beach,Vibrant;Streetwear,Mint Green,Silk,"Forever 21 mint green palazzos crafted from premium silk for women. Features a eye-catching high-energy color palette suited for expressive moods. Ideal for beach occasions. Styled in a vibrant aesthetic, offering both all-day comfort and trend-forward appeal."
SKU-TOP-1041,Anouk Charcoal Grey Women's Cotton Shirts,topwear,Shirts,Anouk,Women,1149,4.5,Party,Pastel;Streetwear,Charcoal Grey,Cotton,"Anouk charcoal grey shirts crafted from premium cotton for women. Features a soft muted hues providing a calm, breezy and sophisticated aesthetic. Ideal for party occasions. Styled in a pastel aesthetic, offering both all-day comfort and trend-forward appeal."
SKU-BOT-1869,Tokyo Talkies Black Women's Cotton Jeans,bottomwear,Jeans,Tokyo Talkies,Women,4349,4.4,Gym,Minimalist,Black,Cotton,"Tokyo Talkies black jeans crafted from premium cotton for women. Features a clean tailored silhouette with subtle contemporary accents. Ideal for gym occasions. Styled in a minimalist aesthetic, offering both all-day comfort and trend-forward appeal."
SKU-BOT-1732,Bata Cream Women's Cotton Skirts,bottomwear,Skirts,Bata,Women,1599,3.9,Formal;Party,Streetwear,Cream,Cotton,"Bata cream skirts crafted from premium cotton for women. Features a urban relaxed drape engineered with durable modern textures. Ideal for formal, party occasions. Styled in a streetwear aesthetic, offering both all-day comfort and trend-forward appeal."
SKU-TOP-1540,Tommy Hilfiger Sky Blue Men's Cotton T-Shirts,topwear,T-Shirts,Tommy Hilfiger,Men,599,4.0,Ethnic;Gym,Vibrant;Streetwear,Sky Blue,Cotton,"Tommy Hilfiger sky blue t-shirts crafted from premium cotton for men. Features a eye-catching high-energy color palette suited for expressive moods. Ideal for ethnic, gym occasions. Styled in a vibrant aesthetic, offering both all-day comfort and trend-forward appeal."
SKU-BOT-2202,Roadster Tan Brown Men's Linen Chinos,bottomwear,Chinos,Roadster,Men,1299,4.0,Party;Ethnic,Classic;Pastel,Tan Brown,Linen,"Roadster tan brown chinos crafted from premium linen for men. Features a timeless quintessential design crafted for versatile everyday elegance. Ideal for party, ethnic occasions. Styled in a classic aesthetic, offering both all-day comfort and trend-forward appeal."
SKU-FOO-2340,Puma Mint Green Men's Polyester Loafers,footwear,Loafers,Puma,Men,4299,4.3,Formal,Minimalist;Pastel,Mint Green,Polyester,"Puma mint green loafers crafted from premium polyester for men. Features a clean tailored silhouette with subtle contemporary accents. Ideal for formal occasions. Styled in a minimalist aesthetic, offering both all-day comfort and trend-forward appeal."
SKU-BOT-1698,Fossil Cream Men's Cotton Jeans,bottomwear,Jeans,Fossil,Men,1849,3.8,Beach,Pastel,Cream,Cotton,"Fossil cream jeans crafted from premium cotton for men. Features a soft muted hues providing a calm, breezy and sophisticated aesthetic. Ideal for beach occasions. Styled in a pastel aesthetic, offering both all-day comfort and trend-forward appeal."
SKU-ACC-3345,Converse White Unisex Polyester Sunglasses,accessories,Sunglasses,Converse,Unisex,1149,3.4,Formal;Gym,Minimalist,White,Polyester,"Converse white sunglasses crafted from premium polyester for all genders. Features a clean tailored silhouette with subtle contemporary accents. Ideal for formal, gym occasions. Styled in a minimalist aesthetic, offering both all-day comfort and trend-forward appeal."
SKU-ACC-3088,Mango Mint Green Women's Silk Earrings,accessories,Earrings,Mango,Women,949,4.1,Formal;Beach,Vibrant,Mint Green,Silk,"Mango mint green earrings crafted from premium silk for women. Features a eye-catching high-energy color palette suited for expressive moods. Ideal for formal, beach occasions. Styled in a vibrant aesthetic, offering both all-day comfort and trend-forward appeal."
SKU-ACC-3077,ONLY Pastel Pink Women's Polyester Earrings,accessories,Earrings,ONLY,Women,1499,4.4,Casual,Classic,Pastel Pink,Polyester,"ONLY pastel pink earrings crafted from premium polyester for women. Features a timeless quintessential design crafted for versatile everyday elegance. Ideal for casual occasions. Styled in a classic aesthetic, offering both all-day comfort and trend-forward appeal."
SKU-FOO-2372,Anouk Mustard Yellow Women's Cotton Sneakers,footwear,Sneakers,Anouk,Women,3899,4.8,Formal,Classic,Mustard Yellow,Cotton,"Anouk mustard yellow sneakers crafted from premium cotton for women. Features a timeless quintessential design crafted for versatile everyday elegance. Ideal for formal occasions. Styled in a classic aesthetic, offering both all-day comfort and trend-forward appeal."
SKU-BOT-2146,ONLY Charcoal Grey Women's Cotton Palazzos,bottomwear,Palazzos,ONLY,Women,1799,4.2,Formal,Pastel,Charcoal Grey,Cotton,"ONLY charcoal grey palazzos crafted from premium cotton for women. Features a soft muted hues providing a calm, breezy and sophisticated aesthetic. Ideal for formal occasions. Styled in a pastel aesthetic, offering both all-day comfort and trend-forward appeal."
SKU-BOT-2032,Nike Terracotta Men's Cotton Chinos,bottomwear,Chinos,Nike,Men,3199,3.6,Formal;Ethnic,Minimalist,Terracotta,Cotton,"Nike terracotta chinos crafted from premium cotton for men. Features a clean tailored silhouette with subtle contemporary accents. Ideal for formal, ethnic occasions. Styled in a minimalist aesthetic, offering both all-day comfort and trend-forward appeal."
SKU-TOP-1373,HRX by Hrithik Roshan Cream Men's Silk Kurtas,topwear,Kurtas,HRX by Hrithik Roshan,Men,3399,4.7,Party;Casual,Pastel,Cream,Silk,"HRX by Hrithik Roshan cream kurtas crafted from premium silk for men. Features a soft muted hues providing a calm, breezy and sophisticated aesthetic. Ideal for party, casual occasions. Styled in a pastel aesthetic, offering both all-day comfort and trend-forward appeal."
SKU-BOT-1668,ONLY White Women's Polyester Trousers,bottomwear,Trousers,ONLY,Women,2399,4.7,Gym,Pastel;Streetwear,White,Polyester,"ONLY white trousers crafted from premium polyester for women. Features a soft muted hues providing a calm, breezy and sophisticated aesthetic. Ideal for gym occasions. Styled in a pastel aesthetic, offering both all-day comfort and trend-forward appeal."
SKU-FOO-2432,Puma Beige Women's Polyester Loafers,footwear,Loafers,Puma,Women,4649,4.5,Beach;Formal,Minimalist,Beige,Polyester,"Puma beige loafers crafted from premium polyester for women. Features a clean tailored silhouette with subtle contemporary accents. Ideal for beach, formal occasions. Styled in a minimalist aesthetic, offering both all-day comfort and trend-forward appeal."
SKU-ACC-3184,Anouk Burgundy Women's Leather Watches,accessories,Watches,Anouk,Women,5349,4.7,Beach,Minimalist,Burgundy,Leather,"Anouk burgundy watches crafted from premium leather for women. Features a clean tailored silhouette with subtle contemporary accents. Ideal for beach occasions. Styled in a minimalist aesthetic, offering both all-day comfort and trend-forward appeal."
SKU-TOP-1358,Anouk Lavender Women's Cotton Crop Tops,topwear,Crop Tops,Anouk,Women,549,4.1,Beach,Pastel,Lavender,Cotton,"Anouk lavender crop tops crafted from premium cotton for women. Features a soft muted hues providing a calm, breezy and sophisticated aesthetic. Ideal for beach occasions. Styled in a pastel aesthetic, offering both all-day comfort and trend-forward appeal."
SKU-BOT-1968,Anouk Burgundy Women's Polyester Palazzos,bottomwear,Palazzos,Anouk,Women,1399,4.8,Beach,Pastel,Burgundy,Polyester,"Anouk burgundy palazzos crafted from premium polyester for women. Features a soft muted hues providing a calm, breezy and sophisticated aesthetic. Ideal for beach occasions. Styled in a pastel aesthetic, offering both all-day comfort and trend-forward appeal."
SKU-BOT-1784,DressBerry Mint Green Women's Polyester Palazzos,bottomwear,Palazzos,DressBerry,Women,1799,4.4,Party,Vibrant,Mint Green,Polyester,"DressBerry mint green palazzos crafted from premium polyester for women. Features a eye-catching high-energy color palette suited for expressive moods. Ideal for party occasions. Styled in a vibrant aesthetic, offering both all-day comfort and trend-forward appeal."
SKU-BOT-1736,Puma White Men's Denim Jeans,bottomwear,Jeans,Puma,Men,2349,4.4,Beach;Party,Classic;Minimalist,White,Denim,"Puma white jeans crafted from premium denim for men. Features a timeless quintessential design crafted for versatile everyday elegance. Ideal for beach, party occasions. Styled in a classic aesthetic, offering both all-day comfort and trend-forward appeal."
SKU-FOO-2354,ONLY Mustard Yellow Women's Polyester Heels,footwear,Heels,ONLY,Women,2299,4.5,Gym;Ethnic,Minimalist,Mustard Yellow,Polyester,"ONLY mustard yellow heels crafted from premium polyester for women. Features a clean tailored silhouette with subtle contemporary accents. Ideal for gym, ethnic occasions. Styled in a minimalist aesthetic, offering both all-day comfort and trend-forward appeal."
SKU-BOT-2036,Tokyo Talkies Beige Women's Cotton Jeans,bottomwear,Jeans,Tokyo Talkies,Women,3599,4.8,Party;Formal,Vibrant,Beige,Cotton,"Tokyo Talkies beige jeans crafted from premium cotton for women. Features a eye-catching high-energy color palette suited for expressive moods. Ideal for party, formal occasions. Styled in a vibrant aesthetic, offering both all-day comfort and trend-forward appeal."
SKU-BOT-1971,Mango White Women's Polyester Palazzos,bottomwear,Palazzos,Mango,Women,899,4.2,Party;Formal,Minimalist,White,Polyester,"Mango white palazzos crafted from premium polyester for women. Features a clean tailored silhouette with subtle contemporary accents. Ideal for party, formal occasions. Styled in a minimalist aesthetic, offering both all-day comfort and trend-forward appeal."
SKU-TOP-1471,HRX by Hrithik Roshan Cream Men's Silk Shirts,topwear,Shirts,HRX by Hrithik Roshan,Men,749,4.1,Ethnic;Casual,Pastel;Classic,Cream,Silk,"HRX by Hrithik Roshan cream shirts crafted from premium silk for men. Features a soft muted hues providing a calm, breezy and sophisticated aesthetic. Ideal for ethnic, casual occasions. Styled in a pastel aesthetic, offering both all-day comfort and trend-forward appeal."
SKU-BOT-1656,Anouk Lavender Women's Polyester Trousers,bottomwear,Trousers,Anouk,Women,3449,4.2,Beach,Classic;Vibrant,Lavender,Polyester,"Anouk lavender trousers crafted from premium polyester for women. Features a timeless quintessential design crafted for versatile everyday elegance. Ideal for beach occasions. Styled in a classic aesthetic, offering both all-day comfort and trend-forward appeal."
SKU-ACC-3354,Puma Olive Green Unisex Leather Bags,accessories,Bags,Puma,Unisex,1299,3.7,Formal;Casual,Vibrant,Olive Green,Leather,"Puma olive green bags crafted from premium leather for all genders. Features a eye-catching high-energy color palette suited for expressive moods. Ideal for formal, casual occasions. Styled in a vibrant aesthetic, offering both all-day comfort and trend-forward appeal."
SKU-ACC-2910,Mango Sky Blue Women's Leather Watches,accessories,Watches,Mango,Women,1499,4.3,Casual;Party,Classic;Vibrant,Sky Blue,Leather,"Mango sky blue watches crafted from premium leather for women. Features a timeless quintessential design crafted for versatile everyday elegance. Ideal for casual, party occasions. Styled in a classic aesthetic, offering both all-day comfort and trend-forward appeal."
SKU-ACC-3331,Carlton London Terracotta Women's Leather Watches,accessories,Watches,Carlton London,Women,5149,4.1,Ethnic;Beach,Vibrant;Pastel,Terracotta,Leather,"Carlton London terracotta watches crafted from premium leather for women. Features a eye-catching high-energy color palette suited for expressive moods. Ideal for ethnic, beach occasions. Styled in a vibrant aesthetic, offering both all-day comfort and trend-forward appeal."
SKU-FOO-2397,ONLY Maroon Women's Leather Heels,footwear,Heels,ONLY,Women,2349,3.7,Party;Casual,Pastel,Maroon,Leather,"ONLY maroon heels crafted from premium leather for women. Features a soft muted hues providing a calm, breezy and sophisticated aesthetic. Ideal for party, casual occasions. Styled in a pastel aesthetic, offering both all-day comfort and trend-forward appeal."
SKU-FOO-2537,Anouk Terracotta Women's Polyester Loafers,footwear,Loafers,Anouk,Women,4949,4.4,Casual,Minimalist,Terracotta,Polyester,"Anouk terracotta loafers crafted from premium polyester for women. Features a clean tailored silhouette with subtle contemporary accents. Ideal for casual occasions. Styled in a minimalist aesthetic, offering both all-day comfort and trend-forward appeal."
SKU-ACC-2984,Lavie Sport Mustard Yellow Unisex Cotton Bags,accessories,Bags,Lavie Sport,Unisex,1249,4.5,Formal;Party,Minimalist,Mustard Yellow,Cotton,"Lavie Sport mustard yellow bags crafted from premium cotton for all genders. Features a clean tailored silhouette with subtle contemporary accents. Ideal for formal, party occasions. Styled in a minimalist aesthetic, offering both all-day comfort and trend-forward appeal."
SKU-ACC-3182,Puma Charcoal Grey Women's Silk Earrings,accessories,Earrings,Puma,Women,1599,4.1,Gym;Beach,Pastel;Classic,Charcoal Grey,Silk,"Puma charcoal grey earrings crafted from premium silk for women. Features a soft muted hues providing a calm, breezy and sophisticated aesthetic. Ideal for gym, beach occasions. Styled in a pastel aesthetic, offering both all-day comfort and trend-forward appeal."
SKU-FOO-2550,Nike Tan Brown Men's Leather Boots,footwear,Boots,Nike,Men,2449,4.6,Party,Classic,Tan Brown,Leather,"Nike tan brown boots crafted from premium leather for men. Features a timeless quintessential design crafted for versatile everyday elegance. Ideal for party occasions. Styled in a classic aesthetic, offering both all-day comfort and trend-forward appeal."
SKU-FOO-2329,Bata Charcoal Grey Women's Cotton Flats,footwear,Flats,Bata,Women,499,3.8,Ethnic;Party,Classic,Charcoal Grey,Cotton,"Bata charcoal grey flats crafted from premium cotton for women. Features a timeless quintessential design crafted for versatile everyday elegance. Ideal for ethnic, party occasions. Styled in a classic aesthetic, offering both all-day comfort and trend-forward appeal."
SKU-FOO-2257,Bata Burgundy Women's Leather Flats,footwear,Flats,Bata,Women,2149,4.8,Beach,Minimalist,Burgundy,Leather,"Bata burgundy flats crafted from premium leather for women. Features a clean tailored silhouette with subtle contemporary accents. Ideal for beach occasions. Styled in a minimalist aesthetic, offering both all-day comfort and trend-forward appeal."
SKU-ACC-3162,Mast & Harbour Black Men's Polyester Sunglasses,accessories,Sunglasses,Mast & Harbour,Men,2699,4.3,Casual;Beach,Streetwear;Pastel,Black,Polyester,"Mast & Harbour black sunglasses crafted from premium polyester for men. Features a urban relaxed drape engineered with durable modern textures. Ideal for casual, beach occasions. Styled in a streetwear aesthetic, offering both all-day comfort and trend-forward appeal."
SKU-FOO-2426,Puma Cream Men's Leather Loafers,footwear,Loafers,Puma,Men,2899,3.5,Party,Pastel,Cream,Leather,"Puma cream loafers crafted from premium leather for men. Features a soft muted hues providing a calm, breezy and sophisticated aesthetic. Ideal for party occasions. Styled in a pastel aesthetic, offering both all-day comfort and trend-forward appeal."
SKU-FOO-2465,Bata Burgundy Women's Polyester Heels,footwear,Heels,Bata,Women,2449,4.0,Party;Ethnic,Vibrant;Pastel,Burgundy,Polyester,"Bata burgundy heels crafted from premium polyester for women. Features a eye-catching high-energy color palette suited for expressive moods. Ideal for party, ethnic occasions. Styled in a vibrant aesthetic, offering both all-day comfort and trend-forward appeal."
SKU-FOO-2556,ONLY Pastel Pink Women's Cotton Flats,footwear,Flats,ONLY,Women,899,4.3,Casual,Pastel,Pastel Pink,Cotton,"ONLY pastel pink flats crafted from premium cotton for women. Features a soft muted hues providing a calm, breezy and sophisticated aesthetic. Ideal for casual occasions. Styled in a pastel aesthetic, offering both all-day comfort and trend-forward appeal."
SKU-ACC-3156,Puma Mint Green Women's Leather Belts,accessories,Belts,Puma,Women,1349,4.0,Party,Vibrant,Mint Green,Leather,"Puma mint green belts crafted from premium leather for women. Features a eye-catching high-energy color palette suited for expressive moods. Ideal for party occasions. Styled in a vibrant aesthetic, offering both all-day comfort and trend-forward appeal."
SKU-FOO-2251,ONLY Olive Green Women's Polyester Heels,footwear,Heels,ONLY,Women,5199,4.3,Beach,Streetwear,Olive Green,Polyester,"ONLY olive green heels crafted from premium polyester for women. Features a urban relaxed drape engineered with durable modern textures. Ideal for beach occasions. Styled in a streetwear aesthetic, offering both all-day comfort and trend-forward appeal."
SKU-FOO-2700,Peter England White Men's Polyester Boots,footwear,Boots,Peter England,Men,7499,4.3,Beach,Vibrant,White,Polyester,"Peter England white boots crafted from premium polyester for men. Features a eye-catching high-energy color palette suited for expressive moods. Ideal for beach occasions. Styled in a vibrant aesthetic, offering both all-day comfort and trend-forward appeal."
SKU-FOO-2253,Bata Olive Green Women's Cotton Flats,footwear,Flats,Bata,Women,1699,3.5,Beach;Gym,Minimalist,Olive Green,Cotton,"Bata olive green flats crafted from premium cotton for women. Features a clean tailored silhouette with subtle contemporary accents. Ideal for beach, gym occasions. Styled in a minimalist aesthetic, offering both all-day comfort and trend-forward appeal."
SKU-ACC-3426,Forever 21 Tan Brown Women's Polyester Earrings,accessories,Earrings,Forever 21,Women,1449,4.4,Gym;Beach,Classic,Tan Brown,Polyester,"Forever 21 tan brown earrings crafted from premium polyester for women. Features a timeless quintessential design crafted for versatile everyday elegance. Ideal for gym, beach occasions. Styled in a classic aesthetic, offering both all-day comfort and trend-forward appeal."
SKU-ACC-3319,Puma Navy Blue Women's Leather Watches,accessories,Watches,Puma,Women,3949,4.0,Formal,Classic,Navy Blue,Leather,"Puma navy blue watches crafted from premium leather for women. Features a timeless quintessential design crafted for versatile everyday elegance. Ideal for formal occasions. Styled in a classic aesthetic, offering both all-day comfort and trend-forward appeal."
SKU-BOT-2237,Puma Sky Blue Men's Cotton Chinos,bottomwear,Chinos,Puma,Men,1599,4.8,Casual,Vibrant,Sky Blue,Cotton,"Puma sky blue chinos crafted from premium cotton for men. Features a eye-catching high-energy color palette suited for expressive moods. Ideal for casual occasions. Styled in a vibrant aesthetic, offering both all-day comfort and trend-forward appeal."
SKU-BOT-1886,DressBerry Mint Green Women's Cotton Palazzos,bottomwear,Palazzos,DressBerry,Women,2049,4.8,Formal,Minimalist;Classic,Mint Green,Cotton,"DressBerry mint green palazzos crafted from premium cotton for women. Features a clean tailored silhouette with subtle contemporary accents. Ideal for formal occasions. Styled in a minimalist aesthetic, offering both all-day comfort and trend-forward appeal."
SKU-TOP-1080,Roadster Pastel Pink Men's Polyester T-Shirts,topwear,T-Shirts,Roadster,Men,1549,3.5,Beach;Casual,Pastel,Pastel Pink,Polyester,"Roadster pastel pink t-shirts crafted from premium polyester for men. Features a soft muted hues providing a calm, breezy and sophisticated aesthetic. Ideal for beach, casual occasions. Styled in a pastel aesthetic, offering both all-day comfort and trend-forward appeal."
SKU-BOT-2173,Bata Olive Green Women's Polyester Palazzos,bottomwear,Palazzos,Bata,Women,1849,4.2,Ethnic,Minimalist,Olive Green,Polyester,"Bata olive green palazzos crafted from premium polyester for women. Features a clean tailored silhouette with subtle contemporary accents. Ideal for ethnic occasions. Styled in a minimalist aesthetic, offering both all-day comfort and trend-forward appeal."
SKU-BOT-1815,Titan Charcoal Grey Men's Polyester Trousers,bottomwear,Trousers,Titan,Men,3199,4.6,Casual;Beach,Minimalist,Charcoal Grey,Polyester,"Titan charcoal grey trousers crafted from premium polyester for men. Features a clean tailored silhouette with subtle contemporary accents. Ideal for casual, beach occasions. Styled in a minimalist aesthetic, offering both all-day comfort and trend-forward appeal."
SKU-FOO-2853,Fossil Pastel Pink Women's Leather Heels,footwear,Heels,Fossil,Women,1899,3.8,Gym,Pastel,Pastel Pink,Leather,"Fossil pastel pink heels crafted from premium leather for women. Features a soft muted hues providing a calm, breezy and sophisticated aesthetic. Ideal for gym occasions. Styled in a pastel aesthetic, offering both all-day comfort and trend-forward appeal."
SKU-ACC-2971,HIGHLANDER Mint Green Men's Leather Belts,accessories,Belts,HIGHLANDER,Men,449,4.4,Party,Vibrant,Mint Green,Leather,"HIGHLANDER mint green belts crafted from premium leather for men. Features a eye-catching high-energy color palette suited for expressive moods. Ideal for party occasions. Styled in a vibrant aesthetic, offering both all-day comfort and trend-forward appeal."
SKU-BOT-1672,VERO MODA Pastel Pink Women's Silk Skirts,bottomwear,Skirts,VERO MODA,Women,2599,3.5,Formal;Gym,Streetwear,Pastel Pink,Silk,"VERO MODA pastel pink skirts crafted from premium silk for women. Features a urban relaxed drape engineered with durable modern textures. Ideal for formal, gym occasions. Styled in a streetwear aesthetic, offering both all-day comfort and trend-forward appeal."
SKU-ACC-3187,Roadster Burgundy Men's Polyester Sunglasses,accessories,Sunglasses,Roadster,Men,2799,3.7,Casual;Formal,Classic;Minimalist,Burgundy,Polyester,"Roadster burgundy sunglasses crafted from premium polyester for men. Features a timeless quintessential design crafted for versatile everyday elegance. Ideal for casual, formal occasions. Styled in a classic aesthetic, offering both all-day comfort and trend-forward appeal."
SKU-ACC-3442,Carlton London Lavender Women's Polyester Earrings,accessories,Earrings,Carlton London,Women,1449,4.7,Casual;Party,Streetwear,Lavender,Polyester,"Carlton London lavender earrings crafted from premium polyester for women. Features a urban relaxed drape engineered with durable modern textures. Ideal for casual, party occasions. Styled in a streetwear aesthetic, offering both all-day comfort and trend-forward appeal."
SKU-TOP-1058,Mango Terracotta Women's Silk Kurtas,topwear,Kurtas,Mango,Women,1149,4.1,Gym,Pastel,Terracotta,Silk,"Mango terracotta kurtas crafted from premium silk for women. Features a soft muted hues providing a calm, breezy and sophisticated aesthetic. Ideal for gym occasions. Styled in a pastel aesthetic, offering both all-day comfort and trend-forward appeal."
SKU-TOP-1134,Forever 21 Maroon Women's Cotton Crop Tops,topwear,Crop Tops,Forever 21,Women,1249,4.4,Casual;Beach,Minimalist,Maroon,Cotton,"Forever 21 maroon crop tops crafted from premium cotton for women. Features a clean tailored silhouette with subtle contemporary accents. Ideal for casual, beach occasions. Styled in a minimalist aesthetic, offering both all-day comfort and trend-forward appeal."
SKU-BOT-2141,HRX by Hrithik Roshan Burgundy Men's Cotton Chinos,bottomwear,Chinos,HRX by Hrithik Roshan,Men,2999,4.1,Formal,Pastel,Burgundy,Cotton,"HRX by Hrithik Roshan burgundy chinos crafted from premium cotton for men. Features a soft muted hues providing a calm, breezy and sophisticated aesthetic. Ideal for formal occasions. Styled in a pastel aesthetic, offering both all-day comfort and trend-forward appeal."
SKU-BOT-1934,Mango Beige Women's Cotton Chinos,bottomwear,Chinos,Mango,Women,1999,3.4,Beach,Vibrant;Streetwear,Beige,Cotton,"Mango beige chinos crafted from premium cotton for women. Features a eye-catching high-energy color palette suited for expressive moods. Ideal for beach occasions. Styled in a vibrant aesthetic, offering both all-day comfort and trend-forward appeal."
SKU-BOT-1929,Puma Olive Green Women's Polyester Palazzos,bottomwear,Palazzos,Puma,Women,699,4.7,Formal,Vibrant,Olive Green,Polyester,"Puma olive green palazzos crafted from premium polyester for women. Features a eye-catching high-energy color palette suited for expressive moods. Ideal for formal occasions. Styled in a vibrant aesthetic, offering both all-day comfort and trend-forward appeal."
SKU-BOT-1824,Peter England Mint Green Men's Cotton Chinos,bottomwear,Chinos,Peter England,Men,1349,4.1,Ethnic,Classic;Vibrant,Mint Green,Cotton,"Peter England mint green chinos crafted from premium cotton for men. Features a timeless quintessential design crafted for versatile everyday elegance. Ideal for ethnic occasions. Styled in a classic aesthetic, offering both all-day comfort and trend-forward appeal."
SKU-FOO-2433,Fossil Cream Women's Leather Heels,footwear,Heels,Fossil,Women,3349,4.5,Beach;Party,Classic,Cream,Leather,"Fossil cream heels crafted from premium leather for women. Features a timeless quintessential design crafted for versatile everyday elegance. Ideal for beach, party occasions. Styled in a classic aesthetic, offering both all-day comfort and trend-forward appeal."
SKU-FOO-2393,Carlton London Olive Green Women's Cotton Flats,footwear,Flats,Carlton London,Women,1099,4.9,Ethnic;Beach,Vibrant,Olive Green,Cotton,"Carlton London olive green flats crafted from premium cotton for women. Features a eye-catching high-energy color palette suited for expressive moods. Ideal for ethnic, beach occasions. Styled in a vibrant aesthetic, offering both all-day comfort and trend-forward appeal."
SKU-FOO-2532,Titan Charcoal Grey Men's Leather Sneakers,footwear,Sneakers,Titan,Men,1499,3.6,Gym,Minimalist,Charcoal Grey,Leather,"Titan charcoal grey sneakers crafted from premium leather for men. Features a clean tailored silhouette with subtle contemporary accents. Ideal for gym occasions. Styled in a minimalist aesthetic, offering both all-day comfort and trend-forward appeal."
SKU-BOT-2215,Sangria Mint Green Women's Linen Chinos,bottomwear,Chinos,Sangria,Women,1249,4.1,Formal,Streetwear,Mint Green,Linen,"Sangria mint green chinos crafted from premium linen for women. Features a urban relaxed drape engineered with durable modern textures. Ideal for formal occasions. Styled in a streetwear aesthetic, offering both all-day comfort and trend-forward appeal."
SKU-TOP-1505,Forever 21 Maroon Women's Polyester T-Shirts,topwear,T-Shirts,Forever 21,Women,799,4.0,Beach,Vibrant,Maroon,Polyester,"Forever 21 maroon t-shirts crafted from premium polyester for women. Features a eye-catching high-energy color palette suited for expressive moods. Ideal for beach occasions. Styled in a vibrant aesthetic, offering both all-day comfort and trend-forward appeal."
SKU-ACC-3470,Bata Mint Green Women's Polyester Earrings,accessories,Earrings,Bata,Women,999,4.1,Beach,Streetwear;Minimalist,Mint Green,Polyester,"Bata mint green earrings crafted from premium polyester for women. Features a urban relaxed drape engineered with durable modern textures. Ideal for beach occasions. Styled in a streetwear aesthetic, offering both all-day comfort and trend-forward appeal."
SKU-TOP-1348,VERO MODA Terracotta Women's Polyester Crop Tops,topwear,Crop Tops,VERO MODA,Women,1599,3.7,Beach;Party,Minimalist,Terracotta,Polyester,"VERO MODA terracotta crop tops crafted from premium polyester for women. Features a clean tailored silhouette with subtle contemporary accents. Ideal for beach, party occasions. Styled in a minimalist aesthetic, offering both all-day comfort and trend-forward appeal."
SKU-TOP-1387,Roadster Tan Brown Men's Linen Shirts,topwear,Shirts,Roadster,Men,1999,4.3,Casual,Minimalist,Tan Brown,Linen,"Roadster tan brown shirts crafted from premium linen for men. Features a clean tailored silhouette with subtle contemporary accents. Ideal for casual occasions. Styled in a minimalist aesthetic, offering both all-day comfort and trend-forward appeal."
SKU-BOT-2025,Mango Olive Green Women's Cotton Jeans,bottomwear,Jeans,Mango,Women,3649,4.8,Beach;Gym,Classic,Olive Green,Cotton,"Mango olive green jeans crafted from premium cotton for women. Features a timeless quintessential design crafted for versatile everyday elegance. Ideal for beach, gym occasions. Styled in a classic aesthetic, offering both all-day comfort and trend-forward appeal."
SKU-ACC-2959,Nike Mint Green Men's Polyester Watches,accessories,Watches,Nike,Men,4999,4.6,Ethnic,Minimalist;Streetwear,Mint Green,Polyester,"Nike mint green watches crafted from premium polyester for men. Features a clean tailored silhouette with subtle contemporary accents. Ideal for ethnic occasions. Styled in a minimalist aesthetic, offering both all-day comfort and trend-forward appeal."
SKU-FOO-2385,Fossil Pastel Pink Women's Cotton Flats,footwear,Flats,Fossil,Women,1249,4.5,Casual,Minimalist,Pastel Pink,Cotton,"Fossil pastel pink flats crafted from premium cotton for women. Features a clean tailored silhouette with subtle contemporary accents. Ideal for casual occasions. Styled in a minimalist aesthetic, offering both all-day comfort and trend-forward appeal."
SKU-BOT-1895,Bata Tan Brown Women's Polyester Palazzos,bottomwear,Palazzos,Bata,Women,1499,4.7,Party,Vibrant,Tan Brown,Polyester,"Bata tan brown palazzos crafted from premium polyester for women. Features a eye-catching high-energy color palette suited for expressive moods. Ideal for party occasions. Styled in a vibrant aesthetic, offering both all-day comfort and trend-forward appeal."
SKU-BOT-1829,Sangria Cream Women's Cotton Jeans,bottomwear,Jeans,Sangria,Women,3449,4.1,Ethnic;Gym,Classic;Pastel,Cream,Cotton,"Sangria cream jeans crafted from premium cotton for women. Features a timeless quintessential design crafted for versatile everyday elegance. Ideal for ethnic, gym occasions. Styled in a classic aesthetic, offering both all-day comfort and trend-forward appeal."
SKU-ACC-3435,ONLY White Women's Polyester Sunglasses,accessories,Sunglasses,ONLY,Women,2299,4.3,Casual;Party,Minimalist,White,Polyester,"ONLY white sunglasses crafted from premium polyester for women. Features a clean tailored silhouette with subtle contemporary accents. Ideal for casual, party occasions. Styled in a minimalist aesthetic, offering both all-day comfort and trend-forward appeal."
SKU-TOP-1476,Sangria Terracotta Women's Cotton Blouses,topwear,Blouses,Sangria,Women,2149,4.1,Beach,Vibrant,Terracotta,Cotton,"Sangria terracotta blouses crafted from premium cotton for women. Features a eye-catching high-energy color palette suited for expressive moods. Ideal for beach occasions. Styled in a vibrant aesthetic, offering both all-day comfort and trend-forward appeal."
SKU-FOO-2684,Mango Tan Brown Women's Leather Sneakers,footwear,Sneakers,Mango,Women,3249,4.3,Gym,Minimalist,Tan Brown,Leather,"Mango tan brown sneakers crafted from premium leather for women. Features a clean tailored silhouette with subtle contemporary accents. Ideal for gym occasions. Styled in a minimalist aesthetic, offering both all-day comfort and trend-forward appeal."
SKU-ACC-3141,Tokyo Talkies Pastel Pink Women's Polyester Sunglasses,accessories,Sunglasses,Tokyo Talkies,Women,1399,4.3,Ethnic,Pastel,Pastel Pink,Polyester,"Tokyo Talkies pastel pink sunglasses crafted from premium polyester for women. Features a soft muted hues providing a calm, breezy and sophisticated aesthetic. Ideal for ethnic occasions. Styled in a pastel aesthetic, offering both all-day comfort and trend-forward appeal."
SKU-ACC-3328,ONLY White Women's Leather Watches,accessories,Watches,ONLY,Women,4949,4.1,Ethnic,Vibrant;Minimalist,White,Leather,"ONLY white watches crafted from premium leather for women. Features a eye-catching high-energy color palette suited for expressive moods. Ideal for ethnic occasions. Styled in a vibrant aesthetic, offering both all-day comfort and trend-forward appeal."
SKU-ACC-3126,Sangria Beige Women's Polyester Watches,accessories,Watches,Sangria,Women,8049,4.4,Casual,Streetwear,Beige,Polyester,"Sangria beige watches crafted from premium polyester for women. Features a urban relaxed drape engineered with durable modern textures. Ideal for casual occasions. Styled in a streetwear aesthetic, offering both all-day comfort and trend-forward appeal."
SKU-ACC-3090,Forever 21 Olive Green Women's Polyester Sunglasses,accessories,Sunglasses,Forever 21,Women,2849,4.7,Beach,Minimalist;Pastel,Olive Green,Polyester,"Forever 21 olive green sunglasses crafted from premium polyester for women. Features a clean tailored silhouette with subtle contemporary accents. Ideal for beach occasions. Styled in a minimalist aesthetic, offering both all-day comfort and trend-forward appeal."
SKU-BOT-1653,ONLY Charcoal Grey Women's Polyester Trousers,bottomwear,Trousers,ONLY,Women,3699,4.1,Casual,Pastel,Charcoal Grey,Polyester,"ONLY charcoal grey trousers crafted from premium polyester for women. Features a soft muted hues providing a calm, breezy and sophisticated aesthetic. Ideal for casual occasions. Styled in a pastel aesthetic, offering both all-day comfort and trend-forward appeal."
SKU-TOP-1173,Forever 21 Olive Green Women's Polyester Blouses,topwear,Blouses,Forever 21,Women,2199,4.2,Beach,Classic,Olive Green,Polyester,"Forever 21 olive green blouses crafted from premium polyester for women. Features a timeless quintessential design crafted for versatile everyday elegance. Ideal for beach occasions. Styled in a classic aesthetic, offering both all-day comfort and trend-forward appeal."
SKU-FOO-2475,Carlton London Navy Blue Women's Cotton Flats,footwear,Flats,Carlton London,Women,999,3.9,Casual,Minimalist,Navy Blue,Cotton,"Carlton London navy blue flats crafted from premium cotton for women. Features a clean tailored silhouette with subtle contemporary accents. Ideal for casual occasions. Styled in a minimalist aesthetic, offering both all-day comfort and trend-forward appeal."
SKU-BOT-2150,Fossil Cream Women's Silk Skirts,bottomwear,Skirts,Fossil,Women,1499,3.9,Beach;Casual,Streetwear,Cream,Silk,"Fossil cream skirts crafted from premium silk for women. Features a urban relaxed drape engineered with durable modern textures. Ideal for beach, casual occasions. Styled in a streetwear aesthetic, offering both all-day comfort and trend-forward appeal."
SKU-TOP-1039,Sangria Burgundy Women's Polyester Blouses,topwear,Blouses,Sangria,Women,1199,3.7,Formal;Gym,Vibrant,Burgundy,Polyester,"Sangria burgundy blouses crafted from premium polyester for women. Features a eye-catching high-energy color palette suited for expressive moods. Ideal for formal, gym occasions. Styled in a vibrant aesthetic, offering both all-day comfort and trend-forward appeal."
SKU-FOO-2555,VERO MODA Terracotta Women's Leather Loafers,footwear,Loafers,VERO MODA,Women,3849,4.1,Gym;Ethnic,Pastel;Vibrant,Terracotta,Leather,"VERO MODA terracotta loafers crafted from premium leather for women. Features a soft muted hues providing a calm, breezy and sophisticated aesthetic. Ideal for gym, ethnic occasions. Styled in a pastel aesthetic, offering both all-day comfort and trend-forward appeal."
SKU-ACC-3386,Vans Charcoal Grey Unisex Polyester Sunglasses,accessories,Sunglasses,Vans,Unisex,3499,3.9,Ethnic,Pastel,Charcoal Grey,Polyester,"Vans charcoal grey sunglasses crafted from premium polyester for all genders. Features a soft muted hues providing a calm, breezy and sophisticated aesthetic. Ideal for ethnic occasions. Styled in a pastel aesthetic, offering both all-day comfort and trend-forward appeal."
SKU-BOT-1714,Bata Pastel Pink Women's Linen Chinos,bottomwear,Chinos,Bata,Women,1849,4.3,Casual,Minimalist,Pastel Pink,Linen,"Bata pastel pink chinos crafted from premium linen for women. Features a clean tailored silhouette with subtle contemporary accents. Ideal for casual occasions. Styled in a minimalist aesthetic, offering both all-day comfort and trend-forward appeal."
SKU-TOP-1091,HIGHLANDER Tan Brown Men's Linen Kurtas,topwear,Kurtas,HIGHLANDER,Men,3149,4.2,Beach;Formal,Streetwear,Tan Brown,Linen,"HIGHLANDER tan brown kurtas crafted from premium linen for men. Features a urban relaxed drape engineered with durable modern textures. Ideal for beach, formal occasions. Styled in a streetwear aesthetic, offering both all-day comfort and trend-forward appeal."
SKU-TOP-1167,Titan Terracotta Men's Cotton Kurtas,topwear,Kurtas,Titan,Men,2549,4.5,Formal;Ethnic,Minimalist,Terracotta,Cotton,"Titan terracotta kurtas crafted from premium cotton for men. Features a clean tailored silhouette with subtle contemporary accents. Ideal for formal, ethnic occasions. Styled in a minimalist aesthetic, offering both all-day comfort and trend-forward appeal."
SKU-BOT-2206,Bata White Women's Cotton Jeans,bottomwear,Jeans,Bata,Women,1399,4.2,Party;Formal,Minimalist,White,Cotton,"Bata white jeans crafted from premium cotton for women. Features a clean tailored silhouette with subtle contemporary accents. Ideal for party, formal occasions. Styled in a minimalist aesthetic, offering both all-day comfort and trend-forward appeal."
SKU-BOT-1876,Nike Olive Green Men's Linen Trousers,bottomwear,Trousers,Nike,Men,1849,4.8,Formal;Ethnic,Vibrant,Olive Green,Linen,"Nike olive green trousers crafted from premium linen for men. Features a eye-catching high-energy color palette suited for expressive moods. Ideal for formal, ethnic occasions. Styled in a vibrant aesthetic, offering both all-day comfort and trend-forward appeal."
SKU-TOP-1445,Fossil Pastel Pink Women's Cotton Blouses,topwear,Blouses,Fossil,Women,2299,3.7,Formal,Classic,Pastel Pink,Cotton,"Fossil pastel pink blouses crafted from premium cotton for women. Features a timeless quintessential design crafted for versatile everyday elegance. Ideal for formal occasions. Styled in a classic aesthetic, offering both all-day comfort and trend-forward appeal."
SKU-ACC-3152,Peter England Mint Green Men's Polyester Belts,accessories,Belts,Peter England,Men,1599,4.8,Party;Gym,Pastel,Mint Green,Polyester,"Peter England mint green belts crafted from premium polyester for men. Features a soft muted hues providing a calm, breezy and sophisticated aesthetic. Ideal for party, gym occasions. Styled in a pastel aesthetic, offering both all-day comfort and trend-forward appeal."
SKU-ACC-3292,Sangria Black Women's Polyester Earrings,accessories,Earrings,Sangria,Women,949,4.5,Ethnic;Formal,Pastel;Vibrant,Black,Polyester,"Sangria black earrings crafted from premium polyester for women. Features a soft muted hues providing a calm, breezy and sophisticated aesthetic. Ideal for ethnic, formal occasions. Styled in a pastel aesthetic, offering both all-day comfort and trend-forward appeal."
SKU-ACC-3484,Fastrack Sky Blue Unisex Polyester Sunglasses,accessories,Sunglasses,Fastrack,Unisex,1999,3.9,Ethnic;Casual,Streetwear,Sky Blue,Polyester,"Fastrack sky blue sunglasses crafted from premium polyester for all genders. Features a urban relaxed drape engineered with durable modern textures. Ideal for ethnic, casual occasions. Styled in a streetwear aesthetic, offering both all-day comfort and trend-forward appeal."
SKU-BOT-2094,HIGHLANDER Olive Green Men's Cotton Jeans,bottomwear,Jeans,HIGHLANDER,Men,3449,4.2,Party,Pastel,Olive Green,Cotton,"HIGHLANDER olive green jeans crafted from premium cotton for men. Features a soft muted hues providing a calm, breezy and sophisticated aesthetic. Ideal for party occasions. Styled in a pastel aesthetic, offering both all-day comfort and trend-forward appeal."
SKU-FOO-2828,Mango Black Women's Leather Heels,footwear,Heels,Mango,Women,1949,4.7,Gym,Streetwear;Classic,Black,Leather,"Mango black heels crafted from premium leather for women. Features a urban relaxed drape engineered with durable modern textures. Ideal for gym occasions. Styled in a streetwear aesthetic, offering both all-day comfort and trend-forward appeal."
SKU-BOT-2156,Mango Mint Green Women's Cotton Jeans,bottomwear,Jeans,Mango,Women,2299,4.6,Formal;Casual,Vibrant;Streetwear,Mint Green,Cotton,"Mango mint green jeans crafted from premium cotton for women. Features a eye-catching high-energy color palette suited for expressive moods. Ideal for formal, casual occasions. Styled in a vibrant aesthetic, offering both all-day comfort and trend-forward appeal."
SKU-FOO-2325,VERO MODA Tan Brown Women's Polyester Heels,footwear,Heels,VERO MODA,Women,5349,4.2,Beach;Gym,Pastel,Tan Brown,Polyester,"VERO MODA tan brown heels crafted from premium polyester for women. Features a soft muted hues providing a calm, breezy and sophisticated aesthetic. Ideal for beach, gym occasions. Styled in a pastel aesthetic, offering both all-day comfort and trend-forward appeal."
SKU-TOP-1217,Fossil White Women's Cotton Blouses,topwear,Blouses,Fossil,Women,1549,3.9,Party;Casual,Minimalist,White,Cotton,"Fossil white blouses crafted from premium cotton for women. Features a clean tailored silhouette with subtle contemporary accents. Ideal for party, casual occasions. Styled in a minimalist aesthetic, offering both all-day comfort and trend-forward appeal."
SKU-FOO-2351,Fossil White Women's Cotton Flats,footwear,Flats,Fossil,Women,1749,3.8,Ethnic,Vibrant,White,Cotton,"Fossil white flats crafted from premium cotton for women. Features a eye-catching high-energy color palette suited for expressive moods. Ideal for ethnic occasions. Styled in a vibrant aesthetic, offering both all-day comfort and trend-forward appeal."
SKU-TOP-1511,WROGN Olive Green Men's Polyester T-Shirts,topwear,T-Shirts,WROGN,Men,799,4.3,Ethnic,Streetwear,Olive Green,Polyester,"WROGN olive green t-shirts crafted from premium polyester for men. Features a urban relaxed drape engineered with durable modern textures. Ideal for ethnic occasions. Styled in a streetwear aesthetic, offering both all-day comfort and trend-forward appeal."
SKU-FOO-2681,HRX by Hrithik Roshan Pastel Pink Men's Leather Loafers,footwear,Loafers,HRX by Hrithik Roshan,Men,2749,4.3,Beach,Classic,Pastel Pink,Leather,"HRX by Hrithik Roshan pastel pink loafers crafted from premium leather for men. Features a timeless quintessential design crafted for versatile everyday elegance. Ideal for beach occasions. Styled in a classic aesthetic, offering both all-day comfort and trend-forward appeal."
SKU-TOP-1500,Carlton London Sky Blue Women's Polyester Crop Tops,topwear,Crop Tops,Carlton London,Women,1099,3.7,Gym,Classic,Sky Blue,Polyester,"Carlton London sky blue crop tops crafted from premium polyester for women. Features a timeless quintessential design crafted for versatile everyday elegance. Ideal for gym occasions. Styled in a classic aesthetic, offering both all-day comfort and trend-forward appeal."
SKU-ACC-3458,Sangria Maroon Women's Leather Bags,accessories,Bags,Sangria,Women,4549,4.3,Beach,Streetwear;Pastel,Maroon,Leather,"Sangria maroon bags crafted from premium leather for women. Features a urban relaxed drape engineered with durable modern textures. Ideal for beach occasions. Styled in a streetwear aesthetic, offering both all-day comfort and trend-forward appeal."
SKU-FOO-2857,Tommy Hilfiger Cream Men's Leather Loafers,footwear,Loafers,Tommy Hilfiger,Men,4099,4.7,Gym,Streetwear,Cream,Leather,"Tommy Hilfiger cream loafers crafted from premium leather for men. Features a urban relaxed drape engineered with durable modern textures. Ideal for gym occasions. Styled in a streetwear aesthetic, offering both all-day comfort and trend-forward appeal."
SKU-FOO-2389,Mango Pastel Pink Women's Polyester Loafers,footwear,Loafers,Mango,Women,4249,4.2,Party,Streetwear,Pastel Pink,Polyester,"Mango pastel pink loafers crafted from premium polyester for women. Features a urban relaxed drape engineered with durable modern textures. Ideal for party occasions. Styled in a streetwear aesthetic, offering both all-day comfort and trend-forward appeal."
SKU-FOO-2520,VERO MODA Pastel Pink Women's Leather Heels,footwear,Heels,VERO MODA,Women,1249,4.8,Formal;Ethnic,Minimalist;Classic,Pastel Pink,Leather,"VERO MODA pastel pink heels crafted from premium leather for women. Features a clean tailored silhouette with subtle contemporary accents. Ideal for formal, ethnic occasions. Styled in a minimalist aesthetic, offering both all-day comfort and trend-forward appeal."
SKU-FOO-2672,Roadster Terracotta Men's Polyester Loafers,footwear,Loafers,Roadster,Men,4899,4.1,Casual;Gym,Streetwear,Terracotta,Polyester,"Roadster terracotta loafers crafted from premium polyester for men. Features a urban relaxed drape engineered with durable modern textures. Ideal for casual, gym occasions. Styled in a streetwear aesthetic, offering both all-day comfort and trend-forward appeal."
SKU-TOP-1339,DressBerry Cream Women's Linen Kurtas,topwear,Kurtas,DressBerry,Women,3449,4.3,Formal;Gym,Minimalist,Cream,Linen,"DressBerry cream kurtas crafted from premium linen for women. Features a clean tailored silhouette with subtle contemporary accents. Ideal for formal, gym occasions. Styled in a minimalist aesthetic, offering both all-day comfort and trend-forward appeal."
SKU-ACC-3332,Titan Cream Men's Polyester Watches,accessories,Watches,Titan,Men,4149,4.2,Ethnic,Streetwear,Cream,Polyester,"Titan cream watches crafted from premium polyester for men. Features a urban relaxed drape engineered with durable modern textures. Ideal for ethnic occasions. Styled in a streetwear aesthetic, offering both all-day comfort and trend-forward appeal."
SKU-BOT-2189,Fossil Pastel Pink Women's Cotton Palazzos,bottomwear,Palazzos,Fossil,Women,1199,4.4,Formal,Pastel;Classic,Pastel Pink,Cotton,"Fossil pastel pink palazzos crafted from premium cotton for women. Features a soft muted hues providing a calm, breezy and sophisticated aesthetic. Ideal for formal occasions. Styled in a pastel aesthetic, offering both all-day comfort and trend-forward appeal."
SKU-TOP-1029,Converse Mustard Yellow Unisex Polyester T-Shirts,topwear,T-Shirts,Converse,Unisex,1199,4.0,Gym,Pastel,Mustard Yellow,Polyester,"Converse mustard yellow t-shirts crafted from premium polyester for all genders. Features a soft muted hues providing a calm, breezy and sophisticated aesthetic. Ideal for gym occasions. Styled in a pastel aesthetic, offering both all-day comfort and trend-forward appeal."
SKU-FOO-2541,Puma Sky Blue Women's Leather Heels,footwear,Heels,Puma,Women,3549,4.2,Party;Casual,Classic;Vibrant,Sky Blue,Leather,"Puma sky blue heels crafted from premium leather for women. Features a timeless quintessential design crafted for versatile everyday elegance. Ideal for party, casual occasions. Styled in a classic aesthetic, offering both all-day comfort and trend-forward appeal."
SKU-BOT-2218,Mast & Harbour Maroon Men's Linen Chinos,bottomwear,Chinos,Mast & Harbour,Men,1549,4.3,Formal,Streetwear;Classic,Maroon,Linen,"Mast & Harbour maroon chinos crafted from premium linen for men. Features a urban relaxed drape engineered with durable modern textures. Ideal for formal occasions. Styled in a streetwear aesthetic, offering both all-day comfort and trend-forward appeal."
SKU-ACC-3031,Ray-Ban Olive Green Unisex Polyester Sunglasses,accessories,Sunglasses,Ray-Ban,Unisex,2599,4.5,Casual;Ethnic,Vibrant,Olive Green,Polyester,"Ray-Ban olive green sunglasses crafted from premium polyester for all genders. Features a eye-catching high-energy color palette suited for expressive moods. Ideal for casual, ethnic occasions. Styled in a vibrant aesthetic, offering both all-day comfort and trend-forward appeal."
SKU-BOT-1795,Forever 21 Olive Green Women's Denim Jeans,bottomwear,Jeans,Forever 21,Women,1799,3.8,Ethnic;Gym,Classic;Vibrant,Olive Green,Denim,"Forever 21 olive green jeans crafted from premium denim for women. Features a timeless quintessential design crafted for versatile everyday elegance. Ideal for ethnic, gym occasions. Styled in a classic aesthetic, offering both all-day comfort and trend-forward appeal."
SKU-BOT-1946,Bata White Women's Linen Trousers,bottomwear,Trousers,Bata,Women,3449,3.8,Casual;Party,Streetwear,White,Linen,"Bata white trousers crafted from premium linen for women. Features a urban relaxed drape engineered with durable modern textures. Ideal for casual, party occasions. Styled in a streetwear aesthetic, offering both all-day comfort and trend-forward appeal."
SKU-FOO-2417,Anouk Navy Blue Women's Leather Heels,footwear,Heels,Anouk,Women,1599,4.2,Gym,Streetwear,Navy Blue,Leather,"Anouk navy blue heels crafted from premium leather for women. Features a urban relaxed drape engineered with durable modern textures. Ideal for gym occasions. Styled in a streetwear aesthetic, offering both all-day comfort and trend-forward appeal."
SKU-TOP-1170,Roadster Beige Men's Linen Kurtas,topwear,Kurtas,Roadster,Men,2599,3.9,Casual,Pastel,Beige,Linen,"Roadster beige kurtas crafted from premium linen for men. Features a soft muted hues providing a calm, breezy and sophisticated aesthetic. Ideal for casual occasions. Styled in a pastel aesthetic, offering both all-day comfort and trend-forward appeal."
SKU-ACC-3095,Anouk Mint Green Women's Polyester Belts,accessories,Belts,Anouk,Women,649,4.6,Beach,Minimalist,Mint Green,Polyester,"Anouk mint green belts crafted from premium polyester for women. Features a clean tailored silhouette with subtle contemporary accents. Ideal for beach occasions. Styled in a minimalist aesthetic, offering both all-day comfort and trend-forward appeal."
SKU-FOO-2677,Bata Beige Women's Leather Flats,footwear,Flats,Bata,Women,1199,4.6,Casual,Streetwear;Classic,Beige,Leather,"Bata beige flats crafted from premium leather for women. Features a urban relaxed drape engineered with durable modern textures. Ideal for casual occasions. Styled in a streetwear aesthetic, offering both all-day comfort and trend-forward appeal."
SKU-BOT-2198,Forever 21 Olive Green Women's Cotton Chinos,bottomwear,Chinos,Forever 21,Women,3199,4.4,Beach,Pastel;Classic,Olive Green,Cotton,"Forever 21 olive green chinos crafted from premium cotton for women. Features a soft muted hues providing a calm, breezy and sophisticated aesthetic. Ideal for beach occasions. Styled in a pastel aesthetic, offering both all-day comfort and trend-forward appeal."
SKU-FOO-2543,Mango Navy Blue Women's Leather Flats,footwear,Flats,Mango,Women,849,4.8,Gym;Casual,Minimalist;Streetwear,Navy Blue,Leather,"Mango navy blue flats crafted from premium leather for women. Features a clean tailored silhouette with subtle contemporary accents. Ideal for gym, casual occasions. Styled in a minimalist aesthetic, offering both all-day comfort and trend-forward appeal."
SKU-FOO-2254,Mast & Harbour Navy Blue Men's Polyester Boots,footwear,Boots,Mast & Harbour,Men,2099,4.3,Formal,Streetwear,Navy Blue,Polyester,"Mast & Harbour navy blue boots crafted from premium polyester for men. Features a urban relaxed drape engineered with durable modern textures. Ideal for formal occasions. Styled in a streetwear aesthetic, offering both all-day comfort and trend-forward appeal."
SKU-FOO-2277,Forever 21 Tan Brown Women's Polyester Heels,footwear,Heels,Forever 21,Women,3249,4.9,Formal;Party,Classic,Tan Brown,Polyester,"Forever 21 tan brown heels crafted from premium polyester for women. Features a timeless quintessential design crafted for versatile everyday elegance. Ideal for formal, party occasions. Styled in a classic aesthetic, offering both all-day comfort and trend-forward appeal."
SKU-BOT-1913,Anouk White Women's Polyester Trousers,bottomwear,Trousers,Anouk,Women,2199,4.3,Gym,Classic,White,Polyester,"Anouk white trousers crafted from premium polyester for women. Features a timeless quintessential design crafted for versatile everyday elegance. Ideal for gym occasions. Styled in a classic aesthetic, offering both all-day comfort and trend-forward appeal."
SKU-TOP-1492,Tokyo Talkies Terracotta Women's Polyester Blouses,topwear,Blouses,Tokyo Talkies,Women,1799,4.7,Casual,Vibrant,Terracotta,Polyester,"Tokyo Talkies terracotta blouses crafted from premium polyester for women. Features a eye-catching high-energy color palette suited for expressive moods. Ideal for casual occasions. Styled in a vibrant aesthetic, offering both all-day comfort and trend-forward appeal."
SKU-BOT-1954,VERO MODA Black Women's Cotton Jeans,bottomwear,Jeans,VERO MODA,Women,2949,4.7,Beach,Streetwear,Black,Cotton,"VERO MODA black jeans crafted from premium cotton for women. Features a urban relaxed drape engineered with durable modern textures. Ideal for beach occasions. Styled in a streetwear aesthetic, offering both all-day comfort and trend-forward appeal."
SKU-BOT-2098,HIGHLANDER Sky Blue Men's Cotton Jeans,bottomwear,Jeans,HIGHLANDER,Men,1749,3.5,Ethnic;Party,Streetwear;Minimalist,Sky Blue,Cotton,"HIGHLANDER sky blue jeans crafted from premium cotton for men. Features a urban relaxed drape engineered with durable modern textures. Ideal for ethnic, party occasions. Styled in a streetwear aesthetic, offering both all-day comfort and trend-forward appeal."
SKU-BOT-2033,Anouk Sky Blue Women's Polyester Palazzos,bottomwear,Palazzos,Anouk,Women,949,4.3,Party,Streetwear,Sky Blue,Polyester,"Anouk sky blue palazzos crafted from premium polyester for women. Features a urban relaxed drape engineered with durable modern textures. Ideal for party occasions. Styled in a streetwear aesthetic, offering both all-day comfort and trend-forward appeal."
SKU-TOP-1588,DressBerry Burgundy Women's Polyester Blazers,topwear,Blazers,DressBerry,Women,7049,3.9,Beach,Streetwear,Burgundy,Polyester,"DressBerry burgundy blazers crafted from premium polyester for women. Features a urban relaxed drape engineered with durable modern textures. Ideal for beach occasions. Styled in a streetwear aesthetic, offering both all-day comfort and trend-forward appeal."
SKU-BOT-1751,ONLY Pastel Pink Women's Cotton Jeans,bottomwear,Jeans,ONLY,Women,3599,3.9,Casual,Streetwear,Pastel Pink,Cotton,"ONLY pastel pink jeans crafted from premium cotton for women. Features a urban relaxed drape engineered with durable modern textures. Ideal for casual occasions. Styled in a streetwear aesthetic, offering both all-day comfort and trend-forward appeal."
SKU-BOT-1658,VERO MODA Mint Green Women's Polyester Palazzos,bottomwear,Palazzos,VERO MODA,Women,1899,4.2,Beach;Ethnic,Classic,Mint Green,Polyester,"VERO MODA mint green palazzos crafted from premium polyester for women. Features a timeless quintessential design crafted for versatile everyday elegance. Ideal for beach, ethnic occasions. Styled in a classic aesthetic, offering both all-day comfort and trend-forward appeal."
SKU-FOO-2867,Peter England Lavender Men's Polyester Boots,footwear,Boots,Peter England,Men,6299,4.6,Gym,Minimalist;Pastel,Lavender,Polyester,"Peter England lavender boots crafted from premium polyester for men. Features a clean tailored silhouette with subtle contemporary accents. Ideal for gym occasions. Styled in a minimalist aesthetic, offering both all-day comfort and trend-forward appeal."
SKU-TOP-1235,Mango Beige Women's Cotton Crop Tops,topwear,Crop Tops,Mango,Women,1099,4.9,Ethnic,Streetwear;Pastel,Beige,Cotton,"Mango beige crop tops crafted from premium cotton for women. Features a urban relaxed drape engineered with durable modern textures. Ideal for ethnic occasions. Styled in a streetwear aesthetic, offering both all-day comfort and trend-forward appeal."
SKU-BOT-1733,VERO MODA Lavender Women's Silk Skirts,bottomwear,Skirts,VERO MODA,Women,1599,4.3,Party;Formal,Streetwear,Lavender,Silk,"VERO MODA lavender skirts crafted from premium silk for women. Features a urban relaxed drape engineered with durable modern textures. Ideal for party, formal occasions. Styled in a streetwear aesthetic, offering both all-day comfort and trend-forward appeal."
SKU-ACC-3493,Louis Philippe White Men's Polyester Belts,accessories,Belts,Louis Philippe,Men,1799,4.0,Casual,Pastel;Streetwear,White,Polyester,"Louis Philippe white belts crafted from premium polyester for men. Features a soft muted hues providing a calm, breezy and sophisticated aesthetic. Ideal for casual occasions. Styled in a pastel aesthetic, offering both all-day comfort and trend-forward appeal."
SKU-BOT-2187,Mast & Harbour Lavender Men's Linen Trousers,bottomwear,Trousers,Mast & Harbour,Men,1349,3.9,Beach,Classic,Lavender,Linen,"Mast & Harbour lavender trousers crafted from premium linen for men. Features a timeless quintessential design crafted for versatile everyday elegance. Ideal for beach occasions. Styled in a classic aesthetic, offering both all-day comfort and trend-forward appeal."
SKU-BOT-2157,Fossil Mint Green Women's Cotton Palazzos,bottomwear,Palazzos,Fossil,Women,1299,4.0,Casual,Streetwear,Mint Green,Cotton,"Fossil mint green palazzos crafted from premium cotton for women. Features a urban relaxed drape engineered with durable modern textures. Ideal for casual occasions. Styled in a streetwear aesthetic, offering both all-day comfort and trend-forward appeal."
SKU-ACC-3454,VERO MODA Navy Blue Women's Leather Belts,accessories,Belts,VERO MODA,Women,699,3.9,Gym;Beach,Pastel;Vibrant,Navy Blue,Leather,"VERO MODA navy blue belts crafted from premium leather for women. Features a soft muted hues providing a calm, breezy and sophisticated aesthetic. Ideal for gym, beach occasions. Styled in a pastel aesthetic, offering both all-day comfort and trend-forward appeal."
SKU-BOT-2247,Titan Maroon Men's Cotton Jeans,bottomwear,Jeans,Titan,Men,2199,4.2,Beach;Gym,Classic,Maroon,Cotton,"Titan maroon jeans crafted from premium cotton for men. Features a timeless quintessential design crafted for versatile everyday elegance. Ideal for beach, gym occasions. Styled in a classic aesthetic, offering both all-day comfort and trend-forward appeal."
SKU-ACC-3449,Forever 21 Olive Green Women's Polyester Bags,accessories,Bags,Forever 21,Women,1399,3.9,Party;Casual,Pastel,Olive Green,Polyester,"Forever 21 olive green bags crafted from premium polyester for women. Features a soft muted hues providing a calm, breezy and sophisticated aesthetic. Ideal for party, casual occasions. Styled in a pastel aesthetic, offering both all-day comfort and trend-forward appeal."
SKU-BOT-1935,Mast & Harbour Tan Brown Men's Cotton Jeans,bottomwear,Jeans,Mast & Harbour,Men,1399,4.4,Gym,Pastel,Tan Brown,Cotton,"Mast & Harbour tan brown jeans crafted from premium cotton for men. Features a soft muted hues providing a calm, breezy and sophisticated aesthetic. Ideal for gym occasions. Styled in a pastel aesthetic, offering both all-day comfort and trend-forward appeal."
SKU-BOT-2210,DressBerry Olive Green Women's Denim Jeans,bottomwear,Jeans,DressBerry,Women,1749,4.8,Formal;Party,Minimalist,Olive Green,Denim,"DressBerry olive green jeans crafted from premium denim for women. Features a clean tailored silhouette with subtle contemporary accents. Ideal for formal, party occasions. Styled in a minimalist aesthetic, offering both all-day comfort and trend-forward appeal."
SKU-BOT-2066,Anouk Burgundy Women's Cotton Palazzos,bottomwear,Palazzos,Anouk,Women,2099,3.8,Casual,Vibrant;Pastel,Burgundy,Cotton,"Anouk burgundy palazzos crafted from premium cotton for women. Features a eye-catching high-energy color palette suited for expressive moods. Ideal for casual occasions. Styled in a vibrant aesthetic, offering both all-day comfort and trend-forward appeal."
SKU-FOO-2717,Carlton London Burgundy Women's Polyester Boots,footwear,Boots,Carlton London,Women,4349,4.3,Formal;Beach,Classic;Pastel,Burgundy,Polyester,"Carlton London burgundy boots crafted from premium polyester for women. Features a timeless quintessential design crafted for versatile everyday elegance. Ideal for formal, beach occasions. Styled in a classic aesthetic, offering both all-day comfort and trend-forward appeal."
SKU-TOP-1109,Peter England Black Men's Silk Shirts,topwear,Shirts,Peter England,Men,2999,4.3,Ethnic,Minimalist,Black,Silk,"Peter England black shirts crafted from premium silk for men. Features a clean tailored silhouette with subtle contemporary accents. Ideal for ethnic occasions. Styled in a minimalist aesthetic, offering both all-day comfort and trend-forward appeal."
SKU-BOT-2063,Sangria Black Women's Silk Skirts,bottomwear,Skirts,Sangria,Women,1599,4.6,Beach,Minimalist,Black,Silk,"Sangria black skirts crafted from premium silk for women. Features a clean tailored silhouette with subtle contemporary accents. Ideal for beach occasions. Styled in a minimalist aesthetic, offering both all-day comfort and trend-forward appeal."
SKU-TOP-1569,Carlton London White Women's Linen Kurtas,topwear,Kurtas,Carlton London,Women,1349,3.5,Gym,Classic,White,Linen,"Carlton London white kurtas crafted from premium linen for women. Features a timeless quintessential design crafted for versatile everyday elegance. Ideal for gym occasions. Styled in a classic aesthetic, offering both all-day comfort and trend-forward appeal."
SKU-BOT-2168,Mango Olive Green Women's Cotton Palazzos,bottomwear,Palazzos,Mango,Women,849,4.4,Party;Beach,Pastel;Vibrant,Olive Green,Cotton,"Mango olive green palazzos crafted from premium cotton for women. Features a soft muted hues providing a calm, breezy and sophisticated aesthetic. Ideal for party, beach occasions. Styled in a pastel aesthetic, offering both all-day comfort and trend-forward appeal."
SKU-BOT-2175,Puma Mustard Yellow Women's Linen Trousers,bottomwear,Trousers,Puma,Women,1549,3.9,Party;Beach,Vibrant,Mustard Yellow,Linen,"Puma mustard yellow trousers crafted from premium linen for women. Features a eye-catching high-energy color palette suited for expressive moods. Ideal for party, beach occasions. Styled in a vibrant aesthetic, offering both all-day comfort and trend-forward appeal."
SKU-FOO-2589,Sangria Olive Green Women's Polyester Heels,footwear,Heels,Sangria,Women,3199,3.9,Beach;Casual,Streetwear;Vibrant,Olive Green,Polyester,"Sangria olive green heels crafted from premium polyester for women. Features a urban relaxed drape engineered with durable modern textures. Ideal for beach, casual occasions. Styled in a streetwear aesthetic, offering both all-day comfort and trend-forward appeal."
SKU-FOO-2508,DressBerry Mustard Yellow Women's Cotton Flats,footwear,Flats,DressBerry,Women,949,4.5,Ethnic,Vibrant,Mustard Yellow,Cotton,"DressBerry mustard yellow flats crafted from premium cotton for women. Features a eye-catching high-energy color palette suited for expressive moods. Ideal for ethnic occasions. Styled in a vibrant aesthetic, offering both all-day comfort and trend-forward appeal."
SKU-FOO-2493,Carlton London Navy Blue Women's Polyester Loafers,footwear,Loafers,Carlton London,Women,3649,4.0,Casual,Vibrant,Navy Blue,Polyester,"Carlton London navy blue loafers crafted from premium polyester for women. Features a eye-catching high-energy color palette suited for expressive moods. Ideal for casual occasions. Styled in a vibrant aesthetic, offering both all-day comfort and trend-forward appeal."
SKU-BOT-1891,HRX by Hrithik Roshan Sky Blue Men's Cotton Jeans,bottomwear,Jeans,HRX by Hrithik Roshan,Men,3899,4.5,Casual,Vibrant,Sky Blue,Cotton,"HRX by Hrithik Roshan sky blue jeans crafted from premium cotton for men. Features a eye-catching high-energy color palette suited for expressive moods. Ideal for casual occasions. Styled in a vibrant aesthetic, offering both all-day comfort and trend-forward appeal."
SKU-BOT-1948,Sangria Navy Blue Women's Silk Skirts,bottomwear,Skirts,Sangria,Women,1349,4.0,Beach,Pastel,Navy Blue,Silk,"Sangria navy blue skirts crafted from premium silk for women. Features a soft muted hues providing a calm, breezy and sophisticated aesthetic. Ideal for beach occasions. Styled in a pastel aesthetic, offering both all-day comfort and trend-forward appeal."
SKU-BOT-2049,DressBerry Pastel Pink Women's Polyester Skirts,bottomwear,Skirts,DressBerry,Women,2449,4.7,Party;Formal,Pastel,Pastel Pink,Polyester,"DressBerry pastel pink skirts crafted from premium polyester for women. Features a soft muted hues providing a calm, breezy and sophisticated aesthetic. Ideal for party, formal occasions. Styled in a pastel aesthetic, offering both all-day comfort and trend-forward appeal."
SKU-ACC-3058,Fossil Black Unisex Polyester Sunglasses,accessories,Sunglasses,Fossil,Unisex,2099,4.5,Ethnic,Classic,Black,Polyester,"Fossil black sunglasses crafted from premium polyester for all genders. Features a timeless quintessential design crafted for versatile everyday elegance. Ideal for ethnic occasions. Styled in a classic aesthetic, offering both all-day comfort and trend-forward appeal."
SKU-BOT-1885,Puma Pastel Pink Men's Linen Chinos,bottomwear,Chinos,Puma,Men,2449,4.4,Beach,Classic,Pastel Pink,Linen,"Puma pastel pink chinos crafted from premium linen for men. Features a timeless quintessential design crafted for versatile everyday elegance. Ideal for beach occasions. Styled in a classic aesthetic, offering both all-day comfort and trend-forward appeal."
SKU-TOP-1144,Tokyo Talkies Mustard Yellow Women's Polyester Crop Tops,topwear,Crop Tops,Tokyo Talkies,Women,1349,4.3,Ethnic,Pastel,Mustard Yellow,Polyester,"Tokyo Talkies mustard yellow crop tops crafted from premium polyester for women. Features a soft muted hues providing a calm, breezy and sophisticated aesthetic. Ideal for ethnic occasions. Styled in a pastel aesthetic, offering both all-day comfort and trend-forward appeal."
SKU-ACC-3453,HRX by Hrithik Roshan Lavender Men's Polyester Belts,accessories,Belts,HRX by Hrithik Roshan,Men,1149,4.2,Casual,Streetwear,Lavender,Polyester,"HRX by Hrithik Roshan lavender belts crafted from premium polyester for men. Features a urban relaxed drape engineered with durable modern textures. Ideal for casual occasions. Styled in a streetwear aesthetic, offering both all-day comfort and trend-forward appeal."
SKU-BOT-1851,Tommy Hilfiger Sky Blue Men's Linen Trousers,bottomwear,Trousers,Tommy Hilfiger,Men,1749,4.0,Casual;Ethnic,Streetwear,Sky Blue,Linen,"Tommy Hilfiger sky blue trousers crafted from premium linen for men. Features a urban relaxed drape engineered with durable modern textures. Ideal for casual, ethnic occasions. Styled in a streetwear aesthetic, offering both all-day comfort and trend-forward appeal."
SKU-BOT-1718,Nike Olive Green Men's Polyester Trousers,bottomwear,Trousers,Nike,Men,3599,4.3,Ethnic;Party,Minimalist,Olive Green,Polyester,"Nike olive green trousers crafted from premium polyester for men. Features a clean tailored silhouette with subtle contemporary accents. Ideal for ethnic, party occasions. Styled in a minimalist aesthetic, offering both all-day comfort and trend-forward appeal."
SKU-ACC-3372,Sangria Beige Women's Cotton Bags,accessories,Bags,Sangria,Women,4699,4.0,Gym,Classic,Beige,Cotton,"Sangria beige bags crafted from premium cotton for women. Features a timeless quintessential design crafted for versatile everyday elegance. Ideal for gym occasions. Styled in a classic aesthetic, offering both all-day comfort and trend-forward appeal."
SKU-TOP-1265,Mango Terracotta Women's Silk Blouses,topwear,Blouses,Mango,Women,849,4.1,Gym;Formal,Pastel,Terracotta,Silk,"Mango terracotta blouses crafted from premium silk for women. Features a soft muted hues providing a calm, breezy and sophisticated aesthetic. Ideal for gym, formal occasions. Styled in a pastel aesthetic, offering both all-day comfort and trend-forward appeal."
SKU-TOP-1076,Forever 21 Sky Blue Women's Polyester Crop Tops,topwear,Crop Tops,Forever 21,Women,1349,4.5,Ethnic,Pastel;Minimalist,Sky Blue,Polyester,"Forever 21 sky blue crop tops crafted from premium polyester for women. Features a soft muted hues providing a calm, breezy and sophisticated aesthetic. Ideal for ethnic occasions. Styled in a pastel aesthetic, offering both all-day comfort and trend-forward appeal."
SKU-TOP-1396,VERO MODA Mustard Yellow Women's Cotton Crop Tops,topwear,Crop Tops,VERO MODA,Women,1399,4.0,Ethnic,Streetwear,Mustard Yellow,Cotton,"VERO MODA mustard yellow crop tops crafted from premium cotton for women. Features a urban relaxed drape engineered with durable modern textures. Ideal for ethnic occasions. Styled in a streetwear aesthetic, offering both all-day comfort and trend-forward appeal."
SKU-ACC-3118,DressBerry Lavender Women's Silk Earrings,accessories,Earrings,DressBerry,Women,949,3.9,Formal,Minimalist;Classic,Lavender,Silk,"DressBerry lavender earrings crafted from premium silk for women. Features a clean tailored silhouette with subtle contemporary accents. Ideal for formal occasions. Styled in a minimalist aesthetic, offering both all-day comfort and trend-forward appeal."
SKU-ACC-3336,Sangria Olive Green Women's Polyester Belts,accessories,Belts,Sangria,Women,499,4.4,Beach;Casual,Minimalist,Olive Green,Polyester,"Sangria olive green belts crafted from premium polyester for women. Features a clean tailored silhouette with subtle contemporary accents. Ideal for beach, casual occasions. Styled in a minimalist aesthetic, offering both all-day comfort and trend-forward appeal."
SKU-TOP-1397,DressBerry Cream Women's Cotton Blouses,topwear,Blouses,DressBerry,Women,1949,3.6,Beach,Classic,Cream,Cotton,"DressBerry cream blouses crafted from premium cotton for women. Features a timeless quintessential design crafted for versatile everyday elegance. Ideal for beach occasions. Styled in a classic aesthetic, offering both all-day comfort and trend-forward appeal."
SKU-FOO-2366,Tokyo Talkies Cream Women's Cotton Sneakers,footwear,Sneakers,Tokyo Talkies,Women,6149,4.1,Ethnic,Pastel,Cream,Cotton,"Tokyo Talkies cream sneakers crafted from premium cotton for women. Features a soft muted hues providing a calm, breezy and sophisticated aesthetic. Ideal for ethnic occasions. Styled in a pastel aesthetic, offering both all-day comfort and trend-forward appeal."
SKU-ACC-3078,Tommy Hilfiger Navy Blue Men's Polyester Belts,accessories,Belts,Tommy Hilfiger,Men,749,4.6,Gym,Pastel,Navy Blue,Polyester,"Tommy Hilfiger navy blue belts crafted from premium polyester for men. Features a soft muted hues providing a calm, breezy and sophisticated aesthetic. Ideal for gym occasions. Styled in a pastel aesthetic, offering both all-day comfort and trend-forward appeal."
SKU-ACC-2904,Nike Beige Unisex Leather Watches,accessories,Watches,Nike,Unisex,7399,4.3,Formal;Casual,Classic,Beige,Leather,"Nike beige watches crafted from premium leather for all genders. Features a timeless quintessential design crafted for versatile everyday elegance. Ideal for formal, casual occasions. Styled in a classic aesthetic, offering both all-day comfort and trend-forward appeal."
SKU-TOP-1596,Anouk Navy Blue Women's Linen Blazers,topwear,Blazers,Anouk,Women,7749,4.0,Beach;Ethnic,Classic;Vibrant,Navy Blue,Linen,"Anouk navy blue blazers crafted from premium linen for women. Features a timeless quintessential design crafted for versatile everyday elegance. Ideal for beach, ethnic occasions. Styled in a classic aesthetic, offering both all-day comfort and trend-forward appeal."
SKU-FOO-2297,Vans Black Unisex Leather Sneakers,footwear,Sneakers,Vans,Unisex,3149,4.5,Formal,Vibrant,Black,Leather,"Vans black sneakers crafted from premium leather for all genders. Features a eye-catching high-energy color palette suited for expressive moods. Ideal for formal occasions. Styled in a vibrant aesthetic, offering both all-day comfort and trend-forward appeal."
SKU-FOO-2822,Tokyo Talkies White Women's Polyester Heels,footwear,Heels,Tokyo Talkies,Women,3199,4.2,Party,Streetwear,White,Polyester,"Tokyo Talkies white heels crafted from premium polyester for women. Features a urban relaxed drape engineered with durable modern textures. Ideal for party occasions. Styled in a streetwear aesthetic, offering both all-day comfort and trend-forward appeal."
SKU-BOT-1873,WROGN Terracotta Men's Cotton Jeans,bottomwear,Jeans,WROGN,Men,4149,3.7,Casual,Classic;Vibrant,Terracotta,Cotton,"WROGN terracotta jeans crafted from premium cotton for men. Features a timeless quintessential design crafted for versatile everyday elegance. Ideal for casual occasions. Styled in a classic aesthetic, offering both all-day comfort and trend-forward appeal."
SKU-FOO-2549,Nike Black Men's Leather Sneakers,footwear,Sneakers,Nike,Men,2699,4.5,Beach;Casual,Pastel,Black,Leather,"Nike black sneakers crafted from premium leather for men. Features a soft muted hues providing a calm, breezy and sophisticated aesthetic. Ideal for beach, casual occasions. Styled in a pastel aesthetic, offering both all-day comfort and trend-forward appeal."
SKU-TOP-1037,Tommy Hilfiger Terracotta Men's Cotton Blazers,topwear,Blazers,Tommy Hilfiger,Men,8649,4.3,Formal,Vibrant;Streetwear,Terracotta,Cotton,"Tommy Hilfiger terracotta blazers crafted from premium cotton for men. Features a eye-catching high-energy color palette suited for expressive moods. Ideal for formal occasions. Styled in a vibrant aesthetic, offering both all-day comfort and trend-forward appeal."
SKU-ACC-3274,Carlton London Terracotta Women's Leather Watches,accessories,Watches,Carlton London,Women,3899,4.2,Ethnic,Classic;Pastel,Terracotta,Leather,"Carlton London terracotta watches crafted from premium leather for women. Features a timeless quintessential design crafted for versatile everyday elegance. Ideal for ethnic occasions. Styled in a classic aesthetic, offering both all-day comfort and trend-forward appeal."
SKU-ACC-3124,Roadster White Men's Polyester Watches,accessories,Watches,Roadster,Men,7899,4.1,Beach;Gym,Minimalist;Pastel,White,Polyester,"Roadster white watches crafted from premium polyester for men. Features a clean tailored silhouette with subtle contemporary accents. Ideal for beach, gym occasions. Styled in a minimalist aesthetic, offering both all-day comfort and trend-forward appeal."
SKU-BOT-1978,DressBerry Beige Women's Cotton Skirts,bottomwear,Skirts,DressBerry,Women,2449,3.4,Gym,Minimalist;Vibrant,Beige,Cotton,"DressBerry beige skirts crafted from premium cotton for women. Features a clean tailored silhouette with subtle contemporary accents. Ideal for gym occasions. Styled in a minimalist aesthetic, offering both all-day comfort and trend-forward appeal."
SKU-FOO-2572,Nike Navy Blue Unisex Leather Sneakers,footwear,Sneakers,Nike,Unisex,2499,3.8,Ethnic,Classic;Vibrant,Navy Blue,Leather,"Nike navy blue sneakers crafted from premium leather for all genders. Features a timeless quintessential design crafted for versatile everyday elegance. Ideal for ethnic occasions. Styled in a classic aesthetic, offering both all-day comfort and trend-forward appeal."
SKU-BOT-2123,Sangria Terracotta Women's Polyester Palazzos,bottomwear,Palazzos,Sangria,Women,2149,4.4,Ethnic;Gym,Minimalist,Terracotta,Polyester,"Sangria terracotta palazzos crafted from premium polyester for women. Features a clean tailored silhouette with subtle contemporary accents. Ideal for ethnic, gym occasions. Styled in a minimalist aesthetic, offering both all-day comfort and trend-forward appeal."
SKU-ACC-2893,Tommy Hilfiger Mustard Yellow Men's Leather Belts,accessories,Belts,Tommy Hilfiger,Men,1699,4.0,Ethnic;Gym,Classic;Pastel,Mustard Yellow,Leather,"Tommy Hilfiger mustard yellow belts crafted from premium leather for men. Features a timeless quintessential design crafted for versatile everyday elegance. Ideal for ethnic, gym occasions. Styled in a classic aesthetic, offering both all-day comfort and trend-forward appeal."
SKU-BOT-1676,ONLY Black Women's Polyester Skirts,bottomwear,Skirts,ONLY,Women,1349,3.9,Formal,Vibrant,Black,Polyester,"ONLY black skirts crafted from premium polyester for women. Features a eye-catching high-energy color palette suited for expressive moods. Ideal for formal occasions. Styled in a vibrant aesthetic, offering both all-day comfort and trend-forward appeal."
SKU-BOT-1729,HRX by Hrithik Roshan Terracotta Men's Linen Chinos,bottomwear,Chinos,HRX by Hrithik Roshan,Men,1649,4.0,Beach,Classic;Vibrant,Terracotta,Linen,"HRX by Hrithik Roshan terracotta chinos crafted from premium linen for men. Features a timeless quintessential design crafted for versatile everyday elegance. Ideal for beach occasions. Styled in a classic aesthetic, offering both all-day comfort and trend-forward appeal."
SKU-TOP-1413,Roadster Mustard Yellow Unisex Polyester T-Shirts,topwear,T-Shirts,Roadster,Unisex,1499,3.7,Formal;Gym,Vibrant,Mustard Yellow,Polyester,"Roadster mustard yellow t-shirts crafted from premium polyester for all genders. Features a eye-catching high-energy color palette suited for expressive moods. Ideal for formal, gym occasions. Styled in a vibrant aesthetic, offering both all-day comfort and trend-forward appeal."
SKU-FOO-2517,Roadster Sky Blue Men's Polyester Boots,footwear,Boots,Roadster,Men,2299,4.7,Casual;Formal,Classic,Sky Blue,Polyester,"Roadster sky blue boots crafted from premium polyester for men. Features a timeless quintessential design crafted for versatile everyday elegance. Ideal for casual, formal occasions. Styled in a classic aesthetic, offering both all-day comfort and trend-forward appeal."
SKU-FOO-2650,Louis Philippe Lavender Men's Leather Boots,footwear,Boots,Louis Philippe,Men,7799,4.9,Formal,Classic,Lavender,Leather,"Louis Philippe lavender boots crafted from premium leather for men. Features a timeless quintessential design crafted for versatile everyday elegance. Ideal for formal occasions. Styled in a classic aesthetic, offering both all-day comfort and trend-forward appeal."
SKU-BOT-1826,Roadster Beige Men's Linen Trousers,bottomwear,Trousers,Roadster,Men,3299,4.7,Gym,Pastel;Vibrant,Beige,Linen,"Roadster beige trousers crafted from premium linen for men. Features a soft muted hues providing a calm, breezy and sophisticated aesthetic. Ideal for gym occasions. Styled in a pastel aesthetic, offering both all-day comfort and trend-forward appeal."
SKU-TOP-1617,Anouk Burgundy Women's Cotton Kurtas,topwear,Kurtas,Anouk,Women,2799,4.2,Formal;Ethnic,Streetwear,Burgundy,Cotton,"Anouk burgundy kurtas crafted from premium cotton for women. Features a urban relaxed drape engineered with durable modern textures. Ideal for formal, ethnic occasions. Styled in a streetwear aesthetic, offering both all-day comfort and trend-forward appeal."
SKU-TOP-1115,Nike Lavender Men's Cotton T-Shirts,topwear,T-Shirts,Nike,Men,1549,4.1,Formal,Vibrant;Pastel,Lavender,Cotton,"Nike lavender t-shirts crafted from premium cotton for men. Features a eye-catching high-energy color palette suited for expressive moods. Ideal for formal occasions. Styled in a vibrant aesthetic, offering both all-day comfort and trend-forward appeal."
SKU-TOP-1418,ONLY Maroon Women's Polyester Blazers,topwear,Blazers,ONLY,Women,4299,4.2,Ethnic;Gym,Classic,Maroon,Polyester,"ONLY maroon blazers crafted from premium polyester for women. Features a timeless quintessential design crafted for versatile everyday elegance. Ideal for ethnic, gym occasions. Styled in a classic aesthetic, offering both all-day comfort and trend-forward appeal."
SKU-FOO-2626,Fastrack Cream Unisex Polyester Sneakers,footwear,Sneakers,Fastrack,Unisex,5299,4.6,Casual,Pastel,Cream,Polyester,"Fastrack cream sneakers crafted from premium polyester for all genders. Features a soft muted hues providing a calm, breezy and sophisticated aesthetic. Ideal for casual occasions. Styled in a pastel aesthetic, offering both all-day comfort and trend-forward appeal."
SKU-ACC-3451,Tokyo Talkies Beige Women's Leather Belts,accessories,Belts,Tokyo Talkies,Women,1499,3.9,Gym,Vibrant,Beige,Leather,"Tokyo Talkies beige belts crafted from premium leather for women. Features a eye-catching high-energy color palette suited for expressive moods. Ideal for gym occasions. Styled in a vibrant aesthetic, offering both all-day comfort and trend-forward appeal."
SKU-TOP-1090,VERO MODA Lavender Women's Cotton Crop Tops,topwear,Crop Tops,VERO MODA,Women,599,4.4,Beach,Classic,Lavender,Cotton,"VERO MODA lavender crop tops crafted from premium cotton for women. Features a timeless quintessential design crafted for versatile everyday elegance. Ideal for beach occasions. Styled in a classic aesthetic, offering both all-day comfort and trend-forward appeal."
SKU-ACC-3083,Roadster Mint Green Men's Polyester Watches,accessories,Watches,Roadster,Men,3349,3.7,Ethnic,Pastel;Vibrant,Mint Green,Polyester,"Roadster mint green watches crafted from premium polyester for men. Features a soft muted hues providing a calm, breezy and sophisticated aesthetic. Ideal for ethnic occasions. Styled in a pastel aesthetic, offering both all-day comfort and trend-forward appeal."
SKU-BOT-1754,VERO MODA Olive Green Women's Silk Palazzos,bottomwear,Palazzos,VERO MODA,Women,1949,4.6,Party;Gym,Minimalist,Olive Green,Silk,"VERO MODA olive green palazzos crafted from premium silk for women. Features a clean tailored silhouette with subtle contemporary accents. Ideal for party, gym occasions. Styled in a minimalist aesthetic, offering both all-day comfort and trend-forward appeal."
SKU-FOO-2631,Sangria Terracotta Women's Cotton Flats,footwear,Flats,Sangria,Women,1749,4.4,Casual,Classic;Vibrant,Terracotta,Cotton,"Sangria terracotta flats crafted from premium cotton for women. Features a timeless quintessential design crafted for versatile everyday elegance. Ideal for casual occasions. Styled in a classic aesthetic, offering both all-day comfort and trend-forward appeal."
SKU-TOP-1012,Fossil Pastel Pink Men's Silk Shirts,topwear,Shirts,Fossil,Men,2449,4.0,Beach,Streetwear,Pastel Pink,Silk,"Fossil pastel pink shirts crafted from premium silk for men. Features a urban relaxed drape engineered with durable modern textures. Ideal for beach occasions. Styled in a streetwear aesthetic, offering both all-day comfort and trend-forward appeal."
SKU-TOP-1285,Titan Burgundy Men's Cotton Blazers,topwear,Blazers,Titan,Men,7949,4.9,Casual;Ethnic,Streetwear,Burgundy,Cotton,"Titan burgundy blazers crafted from premium cotton for men. Features a urban relaxed drape engineered with durable modern textures. Ideal for casual, ethnic occasions. Styled in a streetwear aesthetic, offering both all-day comfort and trend-forward appeal."
SKU-BOT-2067,Bata Burgundy Women's Cotton Jeans,bottomwear,Jeans,Bata,Women,2099,3.7,Ethnic,Streetwear,Burgundy,Cotton,"Bata burgundy jeans crafted from premium cotton for women. Features a urban relaxed drape engineered with durable modern textures. Ideal for ethnic occasions. Styled in a streetwear aesthetic, offering both all-day comfort and trend-forward appeal."
SKU-BOT-2192,ONLY Olive Green Women's Cotton Palazzos,bottomwear,Palazzos,ONLY,Women,1899,3.7,Formal,Classic,Olive Green,Cotton,"ONLY olive green palazzos crafted from premium cotton for women. Features a timeless quintessential design crafted for versatile everyday elegance. Ideal for formal occasions. Styled in a classic aesthetic, offering both all-day comfort and trend-forward appeal."
SKU-FOO-2441,Tommy Hilfiger Maroon Men's Polyester Loafers,footwear,Loafers,Tommy Hilfiger,Men,1549,4.4,Casual,Classic,Maroon,Polyester,"Tommy Hilfiger maroon loafers crafted from premium polyester for men. Features a timeless quintessential design crafted for versatile everyday elegance. Ideal for casual occasions. Styled in a classic aesthetic, offering both all-day comfort and trend-forward appeal."
SKU-ACC-3338,Forever 21 Black Women's Cotton Bags,accessories,Bags,Forever 21,Women,2499,4.2,Beach,Minimalist;Vibrant,Black,Cotton,"Forever 21 black bags crafted from premium cotton for women. Features a clean tailored silhouette with subtle contemporary accents. Ideal for beach occasions. Styled in a minimalist aesthetic, offering both all-day comfort and trend-forward appeal."
SKU-ACC-3410,Mango Black Women's Polyester Belts,accessories,Belts,Mango,Women,1399,3.8,Formal;Ethnic,Minimalist,Black,Polyester,"Mango black belts crafted from premium polyester for women. Features a clean tailored silhouette with subtle contemporary accents. Ideal for formal, ethnic occasions. Styled in a minimalist aesthetic, offering both all-day comfort and trend-forward appeal."
SKU-ACC-3258,Nike White Unisex Cotton Bags,accessories,Bags,Nike,Unisex,1499,4.1,Formal,Vibrant,White,Cotton,"Nike white bags crafted from premium cotton for all genders. Features a eye-catching high-energy color palette suited for expressive moods. Ideal for formal occasions. Styled in a vibrant aesthetic, offering both all-day comfort and trend-forward appeal."
SKU-FOO-2569,Mango Tan Brown Women's Leather Heels,footwear,Heels,Mango,Women,1699,3.7,Casual;Gym,Minimalist;Pastel,Tan Brown,Leather,"Mango tan brown heels crafted from premium leather for women. Features a clean tailored silhouette with subtle contemporary accents. Ideal for casual, gym occasions. Styled in a minimalist aesthetic, offering both all-day comfort and trend-forward appeal."
SKU-ACC-3144,Sangria Tan Brown Women's Polyester Earrings,accessories,Earrings,Sangria,Women,1349,4.3,Casual,Minimalist,Tan Brown,Polyester,"Sangria tan brown earrings crafted from premium polyester for women. Features a clean tailored silhouette with subtle contemporary accents. Ideal for casual occasions. Styled in a minimalist aesthetic, offering both all-day comfort and trend-forward appeal."
SKU-FOO-2688,Fastrack Mint Green Unisex Polyester Sneakers,footwear,Sneakers,Fastrack,Unisex,1549,4.3,Ethnic,Minimalist;Streetwear,Mint Green,Polyester,"Fastrack mint green sneakers crafted from premium polyester for all genders. Features a clean tailored silhouette with subtle contemporary accents. Ideal for ethnic occasions. Styled in a minimalist aesthetic, offering both all-day comfort and trend-forward appeal."
SKU-BOT-1852,Fossil Burgundy Women's Cotton Jeans,bottomwear,Jeans,Fossil,Women,1399,4.0,Gym,Minimalist,Burgundy,Cotton,"Fossil burgundy jeans crafted from premium cotton for women. Features a clean tailored silhouette with subtle contemporary accents. Ideal for gym occasions. Styled in a minimalist aesthetic, offering both all-day comfort and trend-forward appeal."
SKU-BOT-1896,Anouk Olive Green Women's Linen Trousers,bottomwear,Trousers,Anouk,Women,3199,4.4,Formal;Gym,Vibrant,Olive Green,Linen,"Anouk olive green trousers crafted from premium linen for women. Features a eye-catching high-energy color palette suited for expressive moods. Ideal for formal, gym occasions. Styled in a vibrant aesthetic, offering both all-day comfort and trend-forward appeal."
SKU-TOP-1497,Roadster Cream Men's Cotton Shirts,topwear,Shirts,Roadster,Men,2099,3.8,Beach,Streetwear;Minimalist,Cream,Cotton,"Roadster cream shirts crafted from premium cotton for men. Features a urban relaxed drape engineered with durable modern textures. Ideal for beach occasions. Styled in a streetwear aesthetic, offering both all-day comfort and trend-forward appeal."
SKU-FOO-2783,Nike Burgundy Men's Polyester Boots,footwear,Boots,Nike,Men,5499,3.7,Ethnic;Formal,Minimalist,Burgundy,Polyester,"Nike burgundy boots crafted from premium polyester for men. Features a clean tailored silhouette with subtle contemporary accents. Ideal for ethnic, formal occasions. Styled in a minimalist aesthetic, offering both all-day comfort and trend-forward appeal."
SKU-TOP-1336,Anouk Mint Green Women's Silk Shirts,topwear,Shirts,Anouk,Women,999,4.1,Party,Minimalist,Mint Green,Silk,"Anouk mint green shirts crafted from premium silk for women. Features a clean tailored silhouette with subtle contemporary accents. Ideal for party occasions. Styled in a minimalist aesthetic, offering both all-day comfort and trend-forward appeal."
SKU-TOP-1516,Puma Olive Green Women's Polyester Crop Tops,topwear,Crop Tops,Puma,Women,1399,4.5,Beach;Casual,Vibrant,Olive Green,Polyester,"Puma olive green crop tops crafted from premium polyester for women. Features a eye-catching high-energy color palette suited for expressive moods. Ideal for beach, casual occasions. Styled in a vibrant aesthetic, offering both all-day comfort and trend-forward appeal."
SKU-FOO-2349,ONLY Mustard Yellow Women's Cotton Flats,footwear,Flats,ONLY,Women,1599,3.7,Gym,Vibrant,Mustard Yellow,Cotton,"ONLY mustard yellow flats crafted from premium cotton for women. Features a eye-catching high-energy color palette suited for expressive moods. Ideal for gym occasions. Styled in a vibrant aesthetic, offering both all-day comfort and trend-forward appeal."
SKU-BOT-2016,Tokyo Talkies Beige Women's Linen Chinos,bottomwear,Chinos,Tokyo Talkies,Women,1499,4.3,Party;Ethnic,Classic,Beige,Linen,"Tokyo Talkies beige chinos crafted from premium linen for women. Features a timeless quintessential design crafted for versatile everyday elegance. Ideal for party, ethnic occasions. Styled in a classic aesthetic, offering both all-day comfort and trend-forward appeal."
SKU-ACC-3432,Sangria Charcoal Grey Women's Polyester Earrings,accessories,Earrings,Sangria,Women,1749,3.8,Beach,Vibrant;Pastel,Charcoal Grey,Polyester,"Sangria charcoal grey earrings crafted from premium polyester for women. Features a eye-catching high-energy color palette suited for expressive moods. Ideal for beach occasions. Styled in a vibrant aesthetic, offering both all-day comfort and trend-forward appeal."
SKU-FOO-2782,DressBerry Sky Blue Women's Polyester Heels,footwear,Heels,DressBerry,Women,3599,4.2,Formal,Streetwear;Pastel,Sky Blue,Polyester,"DressBerry sky blue heels crafted from premium polyester for women. Features a urban relaxed drape engineered with durable modern textures. Ideal for formal occasions. Styled in a streetwear aesthetic, offering both all-day comfort and trend-forward appeal."
SKU-FOO-2786,Forever 21 Beige Women's Polyester Boots,footwear,Boots,Forever 21,Women,7849,3.7,Ethnic;Beach,Minimalist,Beige,Polyester,"Forever 21 beige boots crafted from premium polyester for women. Features a clean tailored silhouette with subtle contemporary accents. Ideal for ethnic, beach occasions. Styled in a minimalist aesthetic, offering both all-day comfort and trend-forward appeal."
SKU-ACC-3071,Carlton London Maroon Women's Silk Earrings,accessories,Earrings,Carlton London,Women,1299,4.5,Party,Classic;Minimalist,Maroon,Silk,"Carlton London maroon earrings crafted from premium silk for women. Features a timeless quintessential design crafted for versatile everyday elegance. Ideal for party occasions. Styled in a classic aesthetic, offering both all-day comfort and trend-forward appeal."
SKU-TOP-1357,Forever 21 Maroon Women's Linen Blazers,topwear,Blazers,Forever 21,Women,6699,4.2,Casual;Party,Streetwear;Vibrant,Maroon,Linen,"Forever 21 maroon blazers crafted from premium linen for women. Features a urban relaxed drape engineered with durable modern textures. Ideal for casual, party occasions. Styled in a streetwear aesthetic, offering both all-day comfort and trend-forward appeal."
SKU-ACC-3379,Sangria Mustard Yellow Women's Silk Earrings,accessories,Earrings,Sangria,Women,449,4.1,Beach,Vibrant;Classic,Mustard Yellow,Silk,"Sangria mustard yellow earrings crafted from premium silk for women. Features a eye-catching high-energy color palette suited for expressive moods. Ideal for beach occasions. Styled in a vibrant aesthetic, offering both all-day comfort and trend-forward appeal."
SKU-FOO-2313,ONLY Maroon Women's Leather Heels,footwear,Heels,ONLY,Women,4999,4.7,Ethnic,Vibrant,Maroon,Leather,"ONLY maroon heels crafted from premium leather for women. Features a eye-catching high-energy color palette suited for expressive moods. Ideal for ethnic occasions. Styled in a vibrant aesthetic, offering both all-day comfort and trend-forward appeal."
SKU-FOO-2636,Sangria Olive Green Women's Polyester Boots,footwear,Boots,Sangria,Women,3949,4.1,Casual,Pastel;Streetwear,Olive Green,Polyester,"Sangria olive green boots crafted from premium polyester for women. Features a soft muted hues providing a calm, breezy and sophisticated aesthetic. Ideal for casual occasions. Styled in a pastel aesthetic, offering both all-day comfort and trend-forward appeal."
SKU-TOP-1551,Puma Beige Women's Polyester Crop Tops,topwear,Crop Tops,Puma,Women,1749,4.2,Gym,Vibrant,Beige,Polyester,"Puma beige crop tops crafted from premium polyester for women. Features a eye-catching high-energy color palette suited for expressive moods. Ideal for gym occasions. Styled in a vibrant aesthetic, offering both all-day comfort and trend-forward appeal."
SKU-BOT-2228,Mast & Harbour Cream Men's Denim Jeans,bottomwear,Jeans,Mast & Harbour,Men,1199,4.1,Beach,Streetwear,Cream,Denim,"Mast & Harbour cream jeans crafted from premium denim for men. Features a urban relaxed drape engineered with durable modern textures. Ideal for beach occasions. Styled in a streetwear aesthetic, offering both all-day comfort and trend-forward appeal."
SKU-ACC-3231,Anouk Pastel Pink Women's Polyester Earrings,accessories,Earrings,Anouk,Women,799,4.0,Formal,Vibrant,Pastel Pink,Polyester,"Anouk pastel pink earrings crafted from premium polyester for women. Features a eye-catching high-energy color palette suited for expressive moods. Ideal for formal occasions. Styled in a vibrant aesthetic, offering both all-day comfort and trend-forward appeal."
SKU-BOT-1958,DressBerry White Women's Silk Palazzos,bottomwear,Palazzos,DressBerry,Women,1449,4.4,Gym,Vibrant,White,Silk,"DressBerry white palazzos crafted from premium silk for women. Features a eye-catching high-energy color palette suited for expressive moods. Ideal for gym occasions. Styled in a vibrant aesthetic, offering both all-day comfort and trend-forward appeal."
SKU-FOO-2774,Tokyo Talkies Charcoal Grey Women's Leather Heels,footwear,Heels,Tokyo Talkies,Women,3549,4.3,Ethnic;Beach,Streetwear;Classic,Charcoal Grey,Leather,"Tokyo Talkies charcoal grey heels crafted from premium leather for women. Features a urban relaxed drape engineered with durable modern textures. Ideal for ethnic, beach occasions. Styled in a streetwear aesthetic, offering both all-day comfort and trend-forward appeal."
SKU-BOT-2009,Carlton London Mint Green Women's Cotton Skirts,bottomwear,Skirts,Carlton London,Women,1899,4.6,Party,Pastel,Mint Green,Cotton,"Carlton London mint green skirts crafted from premium cotton for women. Features a soft muted hues providing a calm, breezy and sophisticated aesthetic. Ideal for party occasions. Styled in a pastel aesthetic, offering both all-day comfort and trend-forward appeal."
SKU-BOT-2093,Tokyo Talkies Sky Blue Women's Cotton Palazzos,bottomwear,Palazzos,Tokyo Talkies,Women,1399,4.5,Beach;Ethnic,Minimalist,Sky Blue,Cotton,"Tokyo Talkies sky blue palazzos crafted from premium cotton for women. Features a clean tailored silhouette with subtle contemporary accents. Ideal for beach, ethnic occasions. Styled in a minimalist aesthetic, offering both all-day comfort and trend-forward appeal."
SKU-ACC-3225,Anouk Olive Green Women's Polyester Earrings,accessories,Earrings,Anouk,Women,849,4.0,Casual,Classic,Olive Green,Polyester,"Anouk olive green earrings crafted from premium polyester for women. Features a timeless quintessential design crafted for versatile everyday elegance. Ideal for casual occasions. Styled in a classic aesthetic, offering both all-day comfort and trend-forward appeal."
SKU-BOT-1997,Nike Pastel Pink Men's Denim Jeans,bottomwear,Jeans,Nike,Men,1049,4.8,Beach,Streetwear,Pastel Pink,Denim,"Nike pastel pink jeans crafted from premium denim for men. Features a urban relaxed drape engineered with durable modern textures. Ideal for beach occasions. Styled in a streetwear aesthetic, offering both all-day comfort and trend-forward appeal."
SKU-FOO-2680,Tommy Hilfiger Sky Blue Men's Leather Loafers,footwear,Loafers,Tommy Hilfiger,Men,3099,4.0,Casual,Vibrant,Sky Blue,Leather,"Tommy Hilfiger sky blue loafers crafted from premium leather for men. Features a eye-catching high-energy color palette suited for expressive moods. Ideal for casual occasions. Styled in a vibrant aesthetic, offering both all-day comfort and trend-forward appeal."
SKU-TOP-1154,HIGHLANDER Navy Blue Men's Linen Blazers,topwear,Blazers,HIGHLANDER,Men,4749,4.3,Ethnic,Streetwear,Navy Blue,Linen,"HIGHLANDER navy blue blazers crafted from premium linen for men. Features a urban relaxed drape engineered with durable modern textures. Ideal for ethnic occasions. Styled in a streetwear aesthetic, offering both all-day comfort and trend-forward appeal."
SKU-TOP-1581,DressBerry Terracotta Women's Polyester Blouses,topwear,Blouses,DressBerry,Women,949,4.3,Ethnic;Beach,Pastel,Terracotta,Polyester,"DressBerry terracotta blouses crafted from premium polyester for women. Features a soft muted hues providing a calm, breezy and sophisticated aesthetic. Ideal for ethnic, beach occasions. Styled in a pastel aesthetic, offering both all-day comfort and trend-forward appeal."
SKU-FOO-2471,Roadster Black Men's Polyester Loafers,footwear,Loafers,Roadster,Men,1699,4.6,Gym,Pastel,Black,Polyester,"Roadster black loafers crafted from premium polyester for men. Features a soft muted hues providing a calm, breezy and sophisticated aesthetic. Ideal for gym occasions. Styled in a pastel aesthetic, offering both all-day comfort and trend-forward appeal."
SKU-BOT-1704,WROGN Mustard Yellow Men's Cotton Jeans,bottomwear,Jeans,WROGN,Men,3449,3.7,Gym,Pastel,Mustard Yellow,Cotton,"WROGN mustard yellow jeans crafted from premium cotton for men. Features a soft muted hues providing a calm, breezy and sophisticated aesthetic. Ideal for gym occasions. Styled in a pastel aesthetic, offering both all-day comfort and trend-forward appeal."
SKU-BOT-2213,Mast & Harbour Tan Brown Men's Linen Chinos,bottomwear,Chinos,Mast & Harbour,Men,2699,3.9,Beach,Pastel,Tan Brown,Linen,"Mast & Harbour tan brown chinos crafted from premium linen for men. Features a soft muted hues providing a calm, breezy and sophisticated aesthetic. Ideal for beach occasions. Styled in a pastel aesthetic, offering both all-day comfort and trend-forward appeal."
SKU-BOT-1897,VERO MODA Burgundy Women's Polyester Trousers,bottomwear,Trousers,VERO MODA,Women,3449,4.1,Gym,Pastel,Burgundy,Polyester,"VERO MODA burgundy trousers crafted from premium polyester for women. Features a soft muted hues providing a calm, breezy and sophisticated aesthetic. Ideal for gym occasions. Styled in a pastel aesthetic, offering both all-day comfort and trend-forward appeal."
SKU-TOP-1488,Fastrack Black Unisex Cotton T-Shirts,topwear,T-Shirts,Fastrack,Unisex,1149,3.8,Party;Beach,Classic,Black,Cotton,"Fastrack black t-shirts crafted from premium cotton for all genders. Features a timeless quintessential design crafted for versatile everyday elegance. Ideal for party, beach occasions. Styled in a classic aesthetic, offering both all-day comfort and trend-forward appeal."
SKU-TOP-1560,DressBerry White Women's Cotton Kurtas,topwear,Kurtas,DressBerry,Women,2499,4.1,Formal;Party,Classic,White,Cotton,"DressBerry white kurtas crafted from premium cotton for women. Features a timeless quintessential design crafted for versatile everyday elegance. Ideal for formal, party occasions. Styled in a classic aesthetic, offering both all-day comfort and trend-forward appeal."
SKU-BOT-2142,Bata Terracotta Women's Polyester Skirts,bottomwear,Skirts,Bata,Women,1299,4.7,Ethnic,Pastel;Streetwear,Terracotta,Polyester,"Bata terracotta skirts crafted from premium polyester for women. Features a soft muted hues providing a calm, breezy and sophisticated aesthetic. Ideal for ethnic occasions. Styled in a pastel aesthetic, offering both all-day comfort and trend-forward appeal."
SKU-BOT-2120,Carlton London Tan Brown Women's Cotton Chinos,bottomwear,Chinos,Carlton London,Women,999,4.6,Casual;Formal,Streetwear,Tan Brown,Cotton,"Carlton London tan brown chinos crafted from premium cotton for women. Features a urban relaxed drape engineered with durable modern textures. Ideal for casual, formal occasions. Styled in a streetwear aesthetic, offering both all-day comfort and trend-forward appeal."
SKU-TOP-1513,DressBerry Burgundy Women's Cotton Blazers,topwear,Blazers,DressBerry,Women,2999,4.1,Gym,Streetwear;Pastel,Burgundy,Cotton,"DressBerry burgundy blazers crafted from premium cotton for women. Features a urban relaxed drape engineered with durable modern textures. Ideal for gym occasions. Styled in a streetwear aesthetic, offering both all-day comfort and trend-forward appeal."
SKU-BOT-1634,Puma Cream Women's Polyester Palazzos,bottomwear,Palazzos,Puma,Women,799,4.1,Party;Gym,Classic,Cream,Polyester,"Puma cream palazzos crafted from premium polyester for women. Features a timeless quintessential design crafted for versatile everyday elegance. Ideal for party, gym occasions. Styled in a classic aesthetic, offering both all-day comfort and trend-forward appeal."
SKU-ACC-3151,Fossil Charcoal Grey Men's Leather Watches,accessories,Watches,Fossil,Men,2049,4.1,Party,Pastel;Streetwear,Charcoal Grey,Leather,"Fossil charcoal grey watches crafted from premium leather for men. Features a soft muted hues providing a calm, breezy and sophisticated aesthetic. Ideal for party occasions. Styled in a pastel aesthetic, offering both all-day comfort and trend-forward appeal."
SKU-FOO-2665,Forever 21 Cream Women's Leather Flats,footwear,Flats,Forever 21,Women,1299,4.7,Beach;Gym,Minimalist;Streetwear,Cream,Leather,"Forever 21 cream flats crafted from premium leather for women. Features a clean tailored silhouette with subtle contemporary accents. Ideal for beach, gym occasions. Styled in a minimalist aesthetic, offering both all-day comfort and trend-forward appeal."
SKU-BOT-2013,Mast & Harbour Olive Green Men's Linen Trousers,bottomwear,Trousers,Mast & Harbour,Men,2449,4.9,Beach,Vibrant;Streetwear,Olive Green,Linen,"Mast & Harbour olive green trousers crafted from premium linen for men. Features a eye-catching high-energy color palette suited for expressive moods. Ideal for beach occasions. Styled in a vibrant aesthetic, offering both all-day comfort and trend-forward appeal."
SKU-ACC-2932,Tokyo Talkies Charcoal Grey Women's Leather Watches,accessories,Watches,Tokyo Talkies,Women,3549,4.4,Formal;Beach,Pastel;Classic,Charcoal Grey,Leather,"Tokyo Talkies charcoal grey watches crafted from premium leather for women. Features a soft muted hues providing a calm, breezy and sophisticated aesthetic. Ideal for formal, beach occasions. Styled in a pastel aesthetic, offering both all-day comfort and trend-forward appeal."
SKU-BOT-2151,Puma Olive Green Women's Cotton Chinos,bottomwear,Chinos,Puma,Women,1049,3.9,Casual;Formal,Vibrant;Streetwear,Olive Green,Cotton,"Puma olive green chinos crafted from premium cotton for women. Features a eye-catching high-energy color palette suited for expressive moods. Ideal for casual, formal occasions. Styled in a vibrant aesthetic, offering both all-day comfort and trend-forward appeal."
SKU-ACC-3341,WROGN Mustard Yellow Men's Polyester Belts,accessories,Belts,WROGN,Men,1899,4.4,Formal,Vibrant,Mustard Yellow,Polyester,"WROGN mustard yellow belts crafted from premium polyester for men. Features a eye-catching high-energy color palette suited for expressive moods. Ideal for formal occasions. Styled in a vibrant aesthetic, offering both all-day comfort and trend-forward appeal."
SKU-TOP-1117,Tommy Hilfiger Mustard Yellow Men's Polyester T-Shirts,topwear,T-Shirts,Tommy Hilfiger,Men,449,4.2,Casual,Streetwear,Mustard Yellow,Polyester,"Tommy Hilfiger mustard yellow t-shirts crafted from premium polyester for men. Features a urban relaxed drape engineered with durable modern textures. Ideal for casual occasions. Styled in a streetwear aesthetic, offering both all-day comfort and trend-forward appeal."
SKU-BOT-1741,Mast & Harbour White Men's Denim Jeans,bottomwear,Jeans,Mast & Harbour,Men,1749,3.6,Party,Streetwear,White,Denim,"Mast & Harbour white jeans crafted from premium denim for men. Features a urban relaxed drape engineered with durable modern textures. Ideal for party occasions. Styled in a streetwear aesthetic, offering both all-day comfort and trend-forward appeal."
SKU-ACC-3305,Converse Lavender Unisex Polyester Bags,accessories,Bags,Converse,Unisex,949,4.9,Formal,Streetwear;Pastel,Lavender,Polyester,"Converse lavender bags crafted from premium polyester for all genders. Features a urban relaxed drape engineered with durable modern textures. Ideal for formal occasions. Styled in a streetwear aesthetic, offering both all-day comfort and trend-forward appeal."
SKU-ACC-2975,Louis Philippe Tan Brown Men's Leather Belts,accessories,Belts,Louis Philippe,Men,549,4.2,Ethnic;Party,Classic;Pastel,Tan Brown,Leather,"Louis Philippe tan brown belts crafted from premium leather for men. Features a timeless quintessential design crafted for versatile everyday elegance. Ideal for ethnic, party occasions. Styled in a classic aesthetic, offering both all-day comfort and trend-forward appeal."
SKU-BOT-2082,Sangria White Women's Linen Chinos,bottomwear,Chinos,Sangria,Women,1399,4.1,Beach,Pastel,White,Linen,"Sangria white chinos crafted from premium linen for women. Features a soft muted hues providing a calm, breezy and sophisticated aesthetic. Ideal for beach occasions. Styled in a pastel aesthetic, offering both all-day comfort and trend-forward appeal."
SKU-FOO-2811,Louis Philippe Beige Men's Leather Boots,footwear,Boots,Louis Philippe,Men,4949,4.0,Beach,Vibrant;Classic,Beige,Leather,"Louis Philippe beige boots crafted from premium leather for men. Features a eye-catching high-energy color palette suited for expressive moods. Ideal for beach occasions. Styled in a vibrant aesthetic, offering both all-day comfort and trend-forward appeal."
SKU-BOT-1831,Sangria Cream Women's Silk Skirts,bottomwear,Skirts,Sangria,Women,2049,3.7,Beach;Formal,Minimalist,Cream,Silk,"Sangria cream skirts crafted from premium silk for women. Features a clean tailored silhouette with subtle contemporary accents. Ideal for beach, formal occasions. Styled in a minimalist aesthetic, offering both all-day comfort and trend-forward appeal."
SKU-TOP-1120,DressBerry Navy Blue Women's Polyester Blouses,topwear,Blouses,DressBerry,Women,1849,4.5,Formal,Classic,Navy Blue,Polyester,"DressBerry navy blue blouses crafted from premium polyester for women. Features a timeless quintessential design crafted for versatile everyday elegance. Ideal for formal occasions. Styled in a classic aesthetic, offering both all-day comfort and trend-forward appeal."
SKU-BOT-1657,VERO MODA Burgundy Women's Silk Skirts,bottomwear,Skirts,VERO MODA,Women,799,4.2,Casual,Vibrant,Burgundy,Silk,"VERO MODA burgundy skirts crafted from premium silk for women. Features a eye-catching high-energy color palette suited for expressive moods. Ideal for casual occasions. Styled in a vibrant aesthetic, offering both all-day comfort and trend-forward appeal."
SKU-ACC-3378,Mango Mint Green Women's Leather Watches,accessories,Watches,Mango,Women,8849,3.7,Beach,Classic,Mint Green,Leather,"Mango mint green watches crafted from premium leather for women. Features a timeless quintessential design crafted for versatile everyday elegance. Ideal for beach occasions. Styled in a classic aesthetic, offering both all-day comfort and trend-forward appeal."
SKU-ACC-3240,Titan Mustard Yellow Men's Leather Belts,accessories,Belts,Titan,Men,1399,4.4,Gym,Streetwear,Mustard Yellow,Leather,"Titan mustard yellow belts crafted from premium leather for men. Features a urban relaxed drape engineered with durable modern textures. Ideal for gym occasions. Styled in a streetwear aesthetic, offering both all-day comfort and trend-forward appeal."
SKU-ACC-3445,Anouk Tan Brown Women's Leather Bags,accessories,Bags,Anouk,Women,3899,4.0,Gym;Party,Pastel,Tan Brown,Leather,"Anouk tan brown bags crafted from premium leather for women. Features a soft muted hues providing a calm, breezy and sophisticated aesthetic. Ideal for gym, party occasions. Styled in a pastel aesthetic, offering both all-day comfort and trend-forward appeal."
SKU-BOT-1636,WROGN Olive Green Men's Cotton Chinos,bottomwear,Chinos,WROGN,Men,2849,3.6,Formal,Minimalist,Olive Green,Cotton,"WROGN olive green chinos crafted from premium cotton for men. Features a clean tailored silhouette with subtle contemporary accents. Ideal for formal occasions. Styled in a minimalist aesthetic, offering both all-day comfort and trend-forward appeal."
SKU-TOP-1370,Sangria Tan Brown Women's Polyester T-Shirts,topwear,T-Shirts,Sangria,Women,1099,3.9,Ethnic,Minimalist,Tan Brown,Polyester,"Sangria tan brown t-shirts crafted from premium polyester for women. Features a clean tailored silhouette with subtle contemporary accents. Ideal for ethnic occasions. Styled in a minimalist aesthetic, offering both all-day comfort and trend-forward appeal."
SKU-TOP-1269,Puma Lavender Women's Polyester Blouses,topwear,Blouses,Puma,Women,1799,4.0,Casual,Vibrant;Pastel,Lavender,Polyester,"Puma lavender blouses crafted from premium polyester for women. Features a eye-catching high-energy color palette suited for expressive moods. Ideal for casual occasions. Styled in a vibrant aesthetic, offering both all-day comfort and trend-forward appeal."
SKU-TOP-1047,WROGN Tan Brown Men's Cotton Kurtas,topwear,Kurtas,WROGN,Men,1599,4.0,Casual,Streetwear,Tan Brown,Cotton,"WROGN tan brown kurtas crafted from premium cotton for men. Features a urban relaxed drape engineered with durable modern textures. Ideal for casual occasions. Styled in a streetwear aesthetic, offering both all-day comfort and trend-forward appeal."
SKU-BOT-1992,Roadster Maroon Men's Linen Trousers,bottomwear,Trousers,Roadster,Men,1449,3.5,Formal,Classic;Streetwear,Maroon,Linen,"Roadster maroon trousers crafted from premium linen for men. Features a timeless quintessential design crafted for versatile everyday elegance. Ideal for formal occasions. Styled in a classic aesthetic, offering both all-day comfort and trend-forward appeal."
SKU-BOT-1877,Mango Lavender Women's Cotton Chinos,bottomwear,Chinos,Mango,Women,2449,4.0,Casual,Classic,Lavender,Cotton,"Mango lavender chinos crafted from premium cotton for women. Features a timeless quintessential design crafted for versatile everyday elegance. Ideal for casual occasions. Styled in a classic aesthetic, offering both all-day comfort and trend-forward appeal."
SKU-BOT-1774,Mango Pastel Pink Women's Cotton Skirts,bottomwear,Skirts,Mango,Women,1799,4.5,Beach,Vibrant,Pastel Pink,Cotton,"Mango pastel pink skirts crafted from premium cotton for women. Features a eye-catching high-energy color palette suited for expressive moods. Ideal for beach occasions. Styled in a vibrant aesthetic, offering both all-day comfort and trend-forward appeal."
SKU-BOT-2220,Tokyo Talkies Mustard Yellow Women's Silk Skirts,bottomwear,Skirts,Tokyo Talkies,Women,1149,4.9,Party,Streetwear;Minimalist,Mustard Yellow,Silk,"Tokyo Talkies mustard yellow skirts crafted from premium silk for women. Features a urban relaxed drape engineered with durable modern textures. Ideal for party occasions. Styled in a streetwear aesthetic, offering both all-day comfort and trend-forward appeal."
SKU-BOT-2127,ONLY Olive Green Women's Cotton Palazzos,bottomwear,Palazzos,ONLY,Women,1299,4.3,Gym;Ethnic,Minimalist,Olive Green,Cotton,"ONLY olive green palazzos crafted from premium cotton for women. Features a clean tailored silhouette with subtle contemporary accents. Ideal for gym, ethnic occasions. Styled in a minimalist aesthetic, offering both all-day comfort and trend-forward appeal."
SKU-TOP-1005,Forever 21 Olive Green Women's Linen Shirts,topwear,Shirts,Forever 21,Women,999,4.1,Gym,Pastel,Olive Green,Linen,"Forever 21 olive green shirts crafted from premium linen for women. Features a soft muted hues providing a calm, breezy and sophisticated aesthetic. Ideal for gym occasions. Styled in a pastel aesthetic, offering both all-day comfort and trend-forward appeal."
SKU-FOO-2596,VERO MODA Black Women's Polyester Heels,footwear,Heels,VERO MODA,Women,5449,3.8,Beach,Vibrant,Black,Polyester,"VERO MODA black heels crafted from premium polyester for women. Features a eye-catching high-energy color palette suited for expressive moods. Ideal for beach occasions. Styled in a vibrant aesthetic, offering both all-day comfort and trend-forward appeal."
SKU-BOT-2078,Bata Cream Women's Silk Palazzos,bottomwear,Palazzos,Bata,Women,1349,4.1,Party,Pastel,Cream,Silk,"Bata cream palazzos crafted from premium silk for women. Features a soft muted hues providing a calm, breezy and sophisticated aesthetic. Ideal for party occasions. Styled in a pastel aesthetic, offering both all-day comfort and trend-forward appeal."
SKU-BOT-1838,Sangria Navy Blue Women's Linen Trousers,bottomwear,Trousers,Sangria,Women,3599,3.9,Formal;Ethnic,Classic,Navy Blue,Linen,"Sangria navy blue trousers crafted from premium linen for women. Features a timeless quintessential design crafted for versatile everyday elegance. Ideal for formal, ethnic occasions. Styled in a classic aesthetic, offering both all-day comfort and trend-forward appeal."
SKU-BOT-1682,Anouk Tan Brown Women's Cotton Skirts,bottomwear,Skirts,Anouk,Women,1199,3.8,Gym,Vibrant,Tan Brown,Cotton,"Anouk tan brown skirts crafted from premium cotton for women. Features a eye-catching high-energy color palette suited for expressive moods. Ideal for gym occasions. Styled in a vibrant aesthetic, offering both all-day comfort and trend-forward appeal."
SKU-FOO-2716,VERO MODA Pastel Pink Women's Leather Boots,footwear,Boots,VERO MODA,Women,4599,4.2,Beach,Pastel,Pastel Pink,Leather,"VERO MODA pastel pink boots crafted from premium leather for women. Features a soft muted hues providing a calm, breezy and sophisticated aesthetic. Ideal for beach occasions. Styled in a pastel aesthetic, offering both all-day comfort and trend-forward appeal."
SKU-BOT-2149,VERO MODA Beige Women's Polyester Palazzos,bottomwear,Palazzos,VERO MODA,Women,1149,4.8,Party;Gym,Streetwear,Beige,Polyester,"VERO MODA beige palazzos crafted from premium polyester for women. Features a urban relaxed drape engineered with durable modern textures. Ideal for party, gym occasions. Styled in a streetwear aesthetic, offering both all-day comfort and trend-forward appeal."
SKU-TOP-1575,Carlton London Tan Brown Women's Polyester T-Shirts,topwear,T-Shirts,Carlton London,Women,699,4.5,Casual;Ethnic,Vibrant,Tan Brown,Polyester,"Carlton London tan brown t-shirts crafted from premium polyester for women. Features a eye-catching high-energy color palette suited for expressive moods. Ideal for casual, ethnic occasions. Styled in a vibrant aesthetic, offering both all-day comfort and trend-forward appeal."
SKU-TOP-1051,Roadster Burgundy Unisex Polyester T-Shirts,topwear,T-Shirts,Roadster,Unisex,899,4.3,Party;Ethnic,Vibrant,Burgundy,Polyester,"Roadster burgundy t-shirts crafted from premium polyester for all genders. Features a eye-catching high-energy color palette suited for expressive moods. Ideal for party, ethnic occasions. Styled in a vibrant aesthetic, offering both all-day comfort and trend-forward appeal."
SKU-BOT-1854,Carlton London White Women's Silk Palazzos,bottomwear,Palazzos,Carlton London,Women,1649,4.6,Party,Streetwear;Classic,White,Silk,"Carlton London white palazzos crafted from premium silk for women. Features a urban relaxed drape engineered with durable modern textures. Ideal for party occasions. Styled in a streetwear aesthetic, offering both all-day comfort and trend-forward appeal."
SKU-ACC-2983,Roadster White Men's Polyester Watches,accessories,Watches,Roadster,Men,3799,4.0,Party,Minimalist,White,Polyester,"Roadster white watches crafted from premium polyester for men. Features a clean tailored silhouette with subtle contemporary accents. Ideal for party occasions. Styled in a minimalist aesthetic, offering both all-day comfort and trend-forward appeal."
SKU-FOO-2824,Bata Navy Blue Women's Polyester Boots,footwear,Boots,Bata,Women,5499,4.0,Beach;Formal,Pastel,Navy Blue,Polyester,"Bata navy blue boots crafted from premium polyester for women. Features a soft muted hues providing a calm, breezy and sophisticated aesthetic. Ideal for beach, formal occasions. Styled in a pastel aesthetic, offering both all-day comfort and trend-forward appeal."
SKU-BOT-1834,Roadster Pastel Pink Men's Linen Trousers,bottomwear,Trousers,Roadster,Men,1299,3.9,Gym,Minimalist,Pastel Pink,Linen,"Roadster pastel pink trousers crafted from premium linen for men. Features a clean tailored silhouette with subtle contemporary accents. Ideal for gym occasions. Styled in a minimalist aesthetic, offering both all-day comfort and trend-forward appeal."
SKU-BOT-2116,Puma Mustard Yellow Men's Linen Chinos,bottomwear,Chinos,Puma,Men,2549,4.3,Ethnic;Casual,Pastel,Mustard Yellow,Linen,"Puma mustard yellow chinos crafted from premium linen for men. Features a soft muted hues providing a calm, breezy and sophisticated aesthetic. Ideal for ethnic, casual occasions. Styled in a pastel aesthetic, offering both all-day comfort and trend-forward appeal."
SKU-BOT-2167,Sangria Tan Brown Women's Polyester Trousers,bottomwear,Trousers,Sangria,Women,2899,4.7,Gym,Pastel,Tan Brown,Polyester,"Sangria tan brown trousers crafted from premium polyester for women. Features a soft muted hues providing a calm, breezy and sophisticated aesthetic. Ideal for gym occasions. Styled in a pastel aesthetic, offering both all-day comfort and trend-forward appeal."
SKU-ACC-2907,Fossil Lavender Women's Leather Belts,accessories,Belts,Fossil,Women,1799,3.7,Gym,Vibrant;Minimalist,Lavender,Leather,"Fossil lavender belts crafted from premium leather for women. Features a eye-catching high-energy color palette suited for expressive moods. Ideal for gym occasions. Styled in a vibrant aesthetic, offering both all-day comfort and trend-forward appeal."
SKU-BOT-1972,Puma Olive Green Men's Cotton Trousers,bottomwear,Trousers,Puma,Men,3549,4.0,Ethnic,Pastel;Minimalist,Olive Green,Cotton,"Puma olive green trousers crafted from premium cotton for men. Features a soft muted hues providing a calm, breezy and sophisticated aesthetic. Ideal for ethnic occasions. Styled in a pastel aesthetic, offering both all-day comfort and trend-forward appeal."
SKU-TOP-1400,Forever 21 Maroon Women's Linen Kurtas,topwear,Kurtas,Forever 21,Women,1249,4.6,Formal,Streetwear,Maroon,Linen,"Forever 21 maroon kurtas crafted from premium linen for women. Features a urban relaxed drape engineered with durable modern textures. Ideal for formal occasions. Styled in a streetwear aesthetic, offering both all-day comfort and trend-forward appeal."
SKU-TOP-1020,Sangria Beige Women's Cotton Blazers,topwear,Blazers,Sangria,Women,7199,3.7,Formal,Streetwear;Vibrant,Beige,Cotton,"Sangria beige blazers crafted from premium cotton for women. Features a urban relaxed drape engineered with durable modern textures. Ideal for formal occasions. Styled in a streetwear aesthetic, offering both all-day comfort and trend-forward appeal."
SKU-BOT-1685,HRX by Hrithik Roshan Lavender Men's Denim Jeans,bottomwear,Jeans,HRX by Hrithik Roshan,Men,1749,3.8,Casual;Gym,Pastel,Lavender,Denim,"HRX by Hrithik Roshan lavender jeans crafted from premium denim for men. Features a soft muted hues providing a calm, breezy and sophisticated aesthetic. Ideal for casual, gym occasions. Styled in a pastel aesthetic, offering both all-day comfort and trend-forward appeal."
SKU-TOP-1036,VERO MODA Beige Women's Cotton Crop Tops,topwear,Crop Tops,VERO MODA,Women,1099,3.8,Casual,Vibrant;Classic,Beige,Cotton,"VERO MODA beige crop tops crafted from premium cotton for women. Features a eye-catching high-energy color palette suited for expressive moods. Ideal for casual occasions. Styled in a vibrant aesthetic, offering both all-day comfort and trend-forward appeal."
SKU-ACC-3363,Mast & Harbour Lavender Men's Polyester Belts,accessories,Belts,Mast & Harbour,Men,549,3.7,Party,Pastel,Lavender,Polyester,"Mast & Harbour lavender belts crafted from premium polyester for men. Features a soft muted hues providing a calm, breezy and sophisticated aesthetic. Ideal for party occasions. Styled in a pastel aesthetic, offering both all-day comfort and trend-forward appeal."
SKU-TOP-1525,Forever 21 White Women's Linen Shirts,topwear,Shirts,Forever 21,Women,2899,3.9,Party,Vibrant,White,Linen,"Forever 21 white shirts crafted from premium linen for women. Features a eye-catching high-energy color palette suited for expressive moods. Ideal for party occasions. Styled in a vibrant aesthetic, offering both all-day comfort and trend-forward appeal."
SKU-BOT-1921,HRX by Hrithik Roshan Mustard Yellow Men's Linen Trousers,bottomwear,Trousers,HRX by Hrithik Roshan,Men,2899,4.6,Ethnic,Streetwear;Minimalist,Mustard Yellow,Linen,"HRX by Hrithik Roshan mustard yellow trousers crafted from premium linen for men. Features a urban relaxed drape engineered with durable modern textures. Ideal for ethnic occasions. Styled in a streetwear aesthetic, offering both all-day comfort and trend-forward appeal."
SKU-FOO-2842,Tokyo Talkies Black Women's Leather Heels,footwear,Heels,Tokyo Talkies,Women,1249,3.5,Beach,Minimalist;Pastel,Black,Leather,"Tokyo Talkies black heels crafted from premium leather for women. Features a clean tailored silhouette with subtle contemporary accents. Ideal for beach occasions. Styled in a minimalist aesthetic, offering both all-day comfort and trend-forward appeal."
SKU-ACC-2891,HIGHLANDER Olive Green Men's Polyester Belts,accessories,Belts,HIGHLANDER,Men,1499,4.4,Ethnic,Vibrant,Olive Green,Polyester,"HIGHLANDER olive green belts crafted from premium polyester for men. Features a eye-catching high-energy color palette suited for expressive moods. Ideal for ethnic occasions. Styled in a vibrant aesthetic, offering both all-day comfort and trend-forward appeal."
SKU-TOP-1538,Puma Tan Brown Men's Linen Shirts,topwear,Shirts,Puma,Men,2699,4.1,Formal,Pastel,Tan Brown,Linen,"Puma tan brown shirts crafted from premium linen for men. Features a soft muted hues providing a calm, breezy and sophisticated aesthetic. Ideal for formal occasions. Styled in a pastel aesthetic, offering both all-day comfort and trend-forward appeal."
SKU-FOO-2706,Fossil Pastel Pink Women's Cotton Flats,footwear,Flats,Fossil,Women,1699,4.1,Gym,Classic,Pastel Pink,Cotton,"Fossil pastel pink flats crafted from premium cotton for women. Features a timeless quintessential design crafted for versatile everyday elegance. Ideal for gym occasions. Styled in a classic aesthetic, offering both all-day comfort and trend-forward appeal."
SKU-ACC-3444,Puma Beige Unisex Cotton Bags,accessories,Bags,Puma,Unisex,1499,4.4,Party,Pastel;Vibrant,Beige,Cotton,"Puma beige bags crafted from premium cotton for all genders. Features a soft muted hues providing a calm, breezy and sophisticated aesthetic. Ideal for party occasions. Styled in a pastel aesthetic, offering both all-day comfort and trend-forward appeal."
SKU-TOP-1246,Anouk Mustard Yellow Women's Silk Shirts,topwear,Shirts,Anouk,Women,2299,4.1,Ethnic;Party,Vibrant,Mustard Yellow,Silk,"Anouk mustard yellow shirts crafted from premium silk for women. Features a eye-catching high-energy color palette suited for expressive moods. Ideal for ethnic, party occasions. Styled in a vibrant aesthetic, offering both all-day comfort and trend-forward appeal."
SKU-BOT-1785,DressBerry Navy Blue Women's Cotton Skirts,bottomwear,Skirts,DressBerry,Women,2449,4.4,Beach;Formal,Pastel,Navy Blue,Cotton,"DressBerry navy blue skirts crafted from premium cotton for women. Features a soft muted hues providing a calm, breezy and sophisticated aesthetic. Ideal for beach, formal occasions. Styled in a pastel aesthetic, offering both all-day comfort and trend-forward appeal."
SKU-FOO-2410,Roadster Black Men's Cotton Sneakers,footwear,Sneakers,Roadster,Men,4099,4.1,Ethnic;Casual,Streetwear,Black,Cotton,"Roadster black sneakers crafted from premium cotton for men. Features a urban relaxed drape engineered with durable modern textures. Ideal for ethnic, casual occasions. Styled in a streetwear aesthetic, offering both all-day comfort and trend-forward appeal."
SKU-TOP-1155,Peter England Maroon Men's Cotton Shirts,topwear,Shirts,Peter England,Men,2399,4.3,Ethnic,Streetwear,Maroon,Cotton,"Peter England maroon shirts crafted from premium cotton for men. Features a urban relaxed drape engineered with durable modern textures. Ideal for ethnic occasions. Styled in a streetwear aesthetic, offering both all-day comfort and trend-forward appeal."
SKU-FOO-2687,Anouk Mint Green Women's Polyester Heels,footwear,Heels,Anouk,Women,4699,4.0,Beach,Vibrant;Classic,Mint Green,Polyester,"Anouk mint green heels crafted from premium polyester for women. Features a eye-catching high-energy color palette suited for expressive moods. Ideal for beach occasions. Styled in a vibrant aesthetic, offering both all-day comfort and trend-forward appeal."
SKU-BOT-1626,Fossil Burgundy Men's Denim Jeans,bottomwear,Jeans,Fossil,Men,4049,4.0,Casual,Vibrant,Burgundy,Denim,"Fossil burgundy jeans crafted from premium denim for men. Features a eye-catching high-energy color palette suited for expressive moods. Ideal for casual occasions. Styled in a vibrant aesthetic, offering both all-day comfort and trend-forward appeal."
SKU-ACC-3397,Bata Burgundy Women's Polyester Earrings,accessories,Earrings,Bata,Women,1549,3.9,Beach;Formal,Classic;Vibrant,Burgundy,Polyester,"Bata burgundy earrings crafted from premium polyester for women. Features a timeless quintessential design crafted for versatile everyday elegance. Ideal for beach, formal occasions. Styled in a classic aesthetic, offering both all-day comfort and trend-forward appeal."
SKU-FOO-2347,Peter England Lavender Men's Leather Loafers,footwear,Loafers,Peter England,Men,1249,3.3,Casual,Streetwear;Classic,Lavender,Leather,"Peter England lavender loafers crafted from premium leather for men. Features a urban relaxed drape engineered with durable modern textures. Ideal for casual occasions. Styled in a streetwear aesthetic, offering both all-day comfort and trend-forward appeal."
SKU-TOP-1570,VERO MODA White Women's Linen Kurtas,topwear,Kurtas,VERO MODA,Women,1999,4.1,Gym,Classic,White,Linen,"VERO MODA white kurtas crafted from premium linen for women. Features a timeless quintessential design crafted for versatile everyday elegance. Ideal for gym occasions. Styled in a classic aesthetic, offering both all-day comfort and trend-forward appeal."
SKU-FOO-2759,ONLY Terracotta Women's Cotton Flats,footwear,Flats,ONLY,Women,1749,4.8,Beach,Pastel,Terracotta,Cotton,"ONLY terracotta flats crafted from premium cotton for women. Features a soft muted hues providing a calm, breezy and sophisticated aesthetic. Ideal for beach occasions. Styled in a pastel aesthetic, offering both all-day comfort and trend-forward appeal."
SKU-FOO-2817,WROGN Navy Blue Men's Leather Boots,footwear,Boots,WROGN,Men,6649,3.4,Party,Minimalist,Navy Blue,Leather,"WROGN navy blue boots crafted from premium leather for men. Features a clean tailored silhouette with subtle contemporary accents. Ideal for party occasions. Styled in a minimalist aesthetic, offering both all-day comfort and trend-forward appeal."
SKU-ACC-3066,ONLY Pastel Pink Women's Silk Earrings,accessories,Earrings,ONLY,Women,849,4.0,Party,Minimalist,Pastel Pink,Silk,"ONLY pastel pink earrings crafted from premium silk for women. Features a clean tailored silhouette with subtle contemporary accents. Ideal for party occasions. Styled in a minimalist aesthetic, offering both all-day comfort and trend-forward appeal."
SKU-TOP-1128,Nike Sky Blue Men's Cotton T-Shirts,topwear,T-Shirts,Nike,Men,699,4.0,Casual;Gym,Vibrant;Streetwear,Sky Blue,Cotton,"Nike sky blue t-shirts crafted from premium cotton for men. Features a eye-catching high-energy color palette suited for expressive moods. Ideal for casual, gym occasions. Styled in a vibrant aesthetic, offering both all-day comfort and trend-forward appeal."
SKU-ACC-3480,ONLY Beige Women's Leather Belts,accessories,Belts,ONLY,Women,999,4.4,Beach,Pastel,Beige,Leather,"ONLY beige belts crafted from premium leather for women. Features a soft muted hues providing a calm, breezy and sophisticated aesthetic. Ideal for beach occasions. Styled in a pastel aesthetic, offering both all-day comfort and trend-forward appeal."
SKU-ACC-3007,Sangria Maroon Women's Polyester Earrings,accessories,Earrings,Sangria,Women,1649,4.2,Casual,Minimalist,Maroon,Polyester,"Sangria maroon earrings crafted from premium polyester for women. Features a clean tailored silhouette with subtle contemporary accents. Ideal for casual occasions. Styled in a minimalist aesthetic, offering both all-day comfort and trend-forward appeal."
SKU-BOT-1981,Fossil Burgundy Women's Cotton Trousers,bottomwear,Trousers,Fossil,Women,2149,4.5,Formal,Classic,Burgundy,Cotton,"Fossil burgundy trousers crafted from premium cotton for women. Features a timeless quintessential design crafted for versatile everyday elegance. Ideal for formal occasions. Styled in a classic aesthetic, offering both all-day comfort and trend-forward appeal."
SKU-TOP-1191,Louis Philippe Burgundy Men's Linen Kurtas,topwear,Kurtas,Louis Philippe,Men,1949,4.0,Ethnic;Gym,Minimalist,Burgundy,Linen,"Louis Philippe burgundy kurtas crafted from premium linen for men. Features a clean tailored silhouette with subtle contemporary accents. Ideal for ethnic, gym occasions. Styled in a minimalist aesthetic, offering both all-day comfort and trend-forward appeal."
SKU-BOT-2140,Roadster Charcoal Grey Men's Cotton Jeans,bottomwear,Jeans,Roadster,Men,1049,4.4,Party;Ethnic,Classic;Vibrant,Charcoal Grey,Cotton,"Roadster charcoal grey jeans crafted from premium cotton for men. Features a timeless quintessential design crafted for versatile everyday elegance. Ideal for party, ethnic occasions. Styled in a classic aesthetic, offering both all-day comfort and trend-forward appeal."
SKU-BOT-1993,WROGN White Men's Polyester Trousers,bottomwear,Trousers,WROGN,Men,1449,4.1,Gym,Streetwear;Minimalist,White,Polyester,"WROGN white trousers crafted from premium polyester for men. Features a urban relaxed drape engineered with durable modern textures. Ideal for gym occasions. Styled in a streetwear aesthetic, offering both all-day comfort and trend-forward appeal."
SKU-BOT-1700,Tokyo Talkies White Women's Cotton Skirts,bottomwear,Skirts,Tokyo Talkies,Women,1949,4.1,Formal;Beach,Pastel,White,Cotton,"Tokyo Talkies white skirts crafted from premium cotton for women. Features a soft muted hues providing a calm, breezy and sophisticated aesthetic. Ideal for formal, beach occasions. Styled in a pastel aesthetic, offering both all-day comfort and trend-forward appeal."
SKU-TOP-1607,Roadster Pastel Pink Unisex Cotton T-Shirts,topwear,T-Shirts,Roadster,Unisex,1599,3.9,Party;Casual,Minimalist,Pastel Pink,Cotton,"Roadster pastel pink t-shirts crafted from premium cotton for all genders. Features a clean tailored silhouette with subtle contemporary accents. Ideal for party, casual occasions. Styled in a minimalist aesthetic, offering both all-day comfort and trend-forward appeal."
SKU-TOP-1181,Forever 21 Pastel Pink Women's Cotton Crop Tops,topwear,Crop Tops,Forever 21,Women,799,4.4,Gym;Ethnic,Classic,Pastel Pink,Cotton,"Forever 21 pastel pink crop tops crafted from premium cotton for women. Features a timeless quintessential design crafted for versatile everyday elegance. Ideal for gym, ethnic occasions. Styled in a classic aesthetic, offering both all-day comfort and trend-forward appeal."
SKU-TOP-1302,Fossil White Women's Linen Shirts,topwear,Shirts,Fossil,Women,1399,4.0,Gym,Minimalist,White,Linen,"Fossil white shirts crafted from premium linen for women. Features a clean tailored silhouette with subtle contemporary accents. Ideal for gym occasions. Styled in a minimalist aesthetic, offering both all-day comfort and trend-forward appeal."
SKU-BOT-2061,Nike Cream Men's Cotton Jeans,bottomwear,Jeans,Nike,Men,2149,4.5,Gym,Minimalist,Cream,Cotton,"Nike cream jeans crafted from premium cotton for men. Features a clean tailored silhouette with subtle contemporary accents. Ideal for gym occasions. Styled in a minimalist aesthetic, offering both all-day comfort and trend-forward appeal."
SKU-ACC-3355,Casio Mint Green Unisex Leather Watches,accessories,Watches,Casio,Unisex,7149,4.6,Beach,Classic;Streetwear,Mint Green,Leather,"Casio mint green watches crafted from premium leather for all genders. Features a timeless quintessential design crafted for versatile everyday elegance. Ideal for beach occasions. Styled in a classic aesthetic, offering both all-day comfort and trend-forward appeal."
SKU-ACC-3398,Roadster Beige Unisex Leather Watches,accessories,Watches,Roadster,Unisex,4749,3.8,Casual;Ethnic,Vibrant,Beige,Leather,"Roadster beige watches crafted from premium leather for all genders. Features a eye-catching high-energy color palette suited for expressive moods. Ideal for casual, ethnic occasions. Styled in a vibrant aesthetic, offering both all-day comfort and trend-forward appeal."
SKU-BOT-2070,DressBerry White Women's Polyester Palazzos,bottomwear,Palazzos,DressBerry,Women,1099,4.3,Formal;Casual,Minimalist,White,Polyester,"DressBerry white palazzos crafted from premium polyester for women. Features a clean tailored silhouette with subtle contemporary accents. Ideal for formal, casual occasions. Styled in a minimalist aesthetic, offering both all-day comfort and trend-forward appeal."
SKU-ACC-3206,ONLY Charcoal Grey Women's Polyester Earrings,accessories,Earrings,ONLY,Women,1499,4.4,Formal,Vibrant;Pastel,Charcoal Grey,Polyester,"ONLY charcoal grey earrings crafted from premium polyester for women. Features a eye-catching high-energy color palette suited for expressive moods. Ideal for formal occasions. Styled in a vibrant aesthetic, offering both all-day comfort and trend-forward appeal."
SKU-BOT-2244,Nike Tan Brown Men's Polyester Trousers,bottomwear,Trousers,Nike,Men,3799,3.8,Beach;Ethnic,Classic,Tan Brown,Polyester,"Nike tan brown trousers crafted from premium polyester for men. Features a timeless quintessential design crafted for versatile everyday elegance. Ideal for beach, ethnic occasions. Styled in a classic aesthetic, offering both all-day comfort and trend-forward appeal."
SKU-TOP-1017,Mango Terracotta Women's Cotton Crop Tops,topwear,Crop Tops,Mango,Women,1549,3.8,Gym;Formal,Streetwear;Pastel,Terracotta,Cotton,"Mango terracotta crop tops crafted from premium cotton for women. Features a urban relaxed drape engineered with durable modern textures. Ideal for gym, formal occasions. Styled in a streetwear aesthetic, offering both all-day comfort and trend-forward appeal."
SKU-ACC-3483,Lavie Sport Maroon Unisex Polyester Sunglasses,accessories,Sunglasses,Lavie Sport,Unisex,3049,4.9,Formal,Minimalist,Maroon,Polyester,"Lavie Sport maroon sunglasses crafted from premium polyester for all genders. Features a clean tailored silhouette with subtle contemporary accents. Ideal for formal occasions. Styled in a minimalist aesthetic, offering both all-day comfort and trend-forward appeal."
SKU-TOP-1547,VERO MODA Mustard Yellow Women's Silk Shirts,topwear,Shirts,VERO MODA,Women,1549,4.4,Casual;Formal,Streetwear;Classic,Mustard Yellow,Silk,"VERO MODA mustard yellow shirts crafted from premium silk for women. Features a urban relaxed drape engineered with durable modern textures. Ideal for casual, formal occasions. Styled in a streetwear aesthetic, offering both all-day comfort and trend-forward appeal."
SKU-BOT-1659,Carlton London Tan Brown Women's Polyester Palazzos,bottomwear,Palazzos,Carlton London,Women,849,4.3,Party;Formal,Vibrant;Streetwear,Tan Brown,Polyester,"Carlton London tan brown palazzos crafted from premium polyester for women. Features a eye-catching high-energy color palette suited for expressive moods. Ideal for party, formal occasions. Styled in a vibrant aesthetic, offering both all-day comfort and trend-forward appeal."
SKU-ACC-3252,Lavie Sport Pastel Pink Unisex Polyester Bags,accessories,Bags,Lavie Sport,Unisex,3299,4.7,Gym;Party,Minimalist;Streetwear,Pastel Pink,Polyester,"Lavie Sport pastel pink bags crafted from premium polyester for all genders. Features a clean tailored silhouette with subtle contemporary accents. Ideal for gym, party occasions. Styled in a minimalist aesthetic, offering both all-day comfort and trend-forward appeal."
SKU-ACC-3282,Puma Burgundy Unisex Polyester Watches,accessories,Watches,Puma,Unisex,4199,4.0,Party,Minimalist,Burgundy,Polyester,"Puma burgundy watches crafted from premium polyester for all genders. Features a clean tailored silhouette with subtle contemporary accents. Ideal for party occasions. Styled in a minimalist aesthetic, offering both all-day comfort and trend-forward appeal."
SKU-FOO-2505,Lavie Sport White Unisex Leather Sneakers,footwear,Sneakers,Lavie Sport,Unisex,2199,4.1,Ethnic,Pastel;Streetwear,White,Leather,"Lavie Sport white sneakers crafted from premium leather for all genders. Features a soft muted hues providing a calm, breezy and sophisticated aesthetic. Ideal for ethnic occasions. Styled in a pastel aesthetic, offering both all-day comfort and trend-forward appeal."
SKU-BOT-1960,ONLY Terracotta Women's Cotton Chinos,bottomwear,Chinos,ONLY,Women,2199,4.4,Formal;Casual,Pastel,Terracotta,Cotton,"ONLY terracotta chinos crafted from premium cotton for women. Features a soft muted hues providing a calm, breezy and sophisticated aesthetic. Ideal for formal, casual occasions. Styled in a pastel aesthetic, offering both all-day comfort and trend-forward appeal."
SKU-BOT-1798,Mango Navy Blue Women's Cotton Chinos,bottomwear,Chinos,Mango,Women,1299,4.4,Party,Pastel,Navy Blue,Cotton,"Mango navy blue chinos crafted from premium cotton for women. Features a soft muted hues providing a calm, breezy and sophisticated aesthetic. Ideal for party occasions. Styled in a pastel aesthetic, offering both all-day comfort and trend-forward appeal."
SKU-TOP-1226,Mango White Women's Cotton Blouses,topwear,Blouses,Mango,Women,1799,4.6,Formal;Beach,Minimalist,White,Cotton,"Mango white blouses crafted from premium cotton for women. Features a clean tailored silhouette with subtle contemporary accents. Ideal for formal, beach occasions. Styled in a minimalist aesthetic, offering both all-day comfort and trend-forward appeal."
SKU-ACC-3075,Puma Black Men's Leather Bags,accessories,Bags,Puma,Men,2399,4.0,Formal,Minimalist,Black,Leather,"Puma black bags crafted from premium leather for men. Features a clean tailored silhouette with subtle contemporary accents. Ideal for formal occasions. Styled in a minimalist aesthetic, offering both all-day comfort and trend-forward appeal."
SKU-FOO-2800,Puma Black Men's Polyester Boots,footwear,Boots,Puma,Men,5699,4.2,Formal;Casual,Streetwear,Black,Polyester,"Puma black boots crafted from premium polyester for men. Features a urban relaxed drape engineered with durable modern textures. Ideal for formal, casual occasions. Styled in a streetwear aesthetic, offering both all-day comfort and trend-forward appeal."
SKU-ACC-3469,Fossil Olive Green Men's Leather Belts,accessories,Belts,Fossil,Men,1399,4.4,Casual;Ethnic,Minimalist,Olive Green,Leather,"Fossil olive green belts crafted from premium leather for men. Features a clean tailored silhouette with subtle contemporary accents. Ideal for casual, ethnic occasions. Styled in a minimalist aesthetic, offering both all-day comfort and trend-forward appeal."
SKU-ACC-3086,Forever 21 Beige Women's Silk Earrings,accessories,Earrings,Forever 21,Women,1599,3.8,Formal,Classic,Beige,Silk,"Forever 21 beige earrings crafted from premium silk for women. Features a timeless quintessential design crafted for versatile everyday elegance. Ideal for formal occasions. Styled in a classic aesthetic, offering both all-day comfort and trend-forward appeal."
SKU-FOO-2694,Fossil Tan Brown Women's Leather Loafers,footwear,Loafers,Fossil,Women,1849,3.7,Casual,Minimalist;Vibrant,Tan Brown,Leather,"Fossil tan brown loafers crafted from premium leather for women. Features a clean tailored silhouette with subtle contemporary accents. Ideal for casual occasions. Styled in a minimalist aesthetic, offering both all-day comfort and trend-forward appeal."
SKU-BOT-2046,WROGN Cream Men's Linen Chinos,bottomwear,Chinos,WROGN,Men,2749,4.5,Gym,Pastel,Cream,Linen,"WROGN cream chinos crafted from premium linen for men. Features a soft muted hues providing a calm, breezy and sophisticated aesthetic. Ideal for gym occasions. Styled in a pastel aesthetic, offering both all-day comfort and trend-forward appeal."
SKU-TOP-1470,WROGN Mustard Yellow Men's Polyester Blazers,topwear,Blazers,WROGN,Men,4199,4.0,Formal,Pastel;Vibrant,Mustard Yellow,Polyester,"WROGN mustard yellow blazers crafted from premium polyester for men. Features a soft muted hues providing a calm, breezy and sophisticated aesthetic. Ideal for formal occasions. Styled in a pastel aesthetic, offering both all-day comfort and trend-forward appeal."
SKU-BOT-1955,Titan Pastel Pink Men's Cotton Trousers,bottomwear,Trousers,Titan,Men,2049,4.2,Party;Formal,Streetwear,Pastel Pink,Cotton,"Titan pastel pink trousers crafted from premium cotton for men. Features a urban relaxed drape engineered with durable modern textures. Ideal for party, formal occasions. Styled in a streetwear aesthetic, offering both all-day comfort and trend-forward appeal."
SKU-ACC-3479,Puma Sky Blue Men's Polyester Sunglasses,accessories,Sunglasses,Puma,Men,1399,3.7,Gym,Pastel,Sky Blue,Polyester,"Puma sky blue sunglasses crafted from premium polyester for men. Features a soft muted hues providing a calm, breezy and sophisticated aesthetic. Ideal for gym occasions. Styled in a pastel aesthetic, offering both all-day comfort and trend-forward appeal."
SKU-BOT-1640,Sangria Navy Blue Women's Linen Trousers,bottomwear,Trousers,Sangria,Women,3299,3.7,Beach,Classic,Navy Blue,Linen,"Sangria navy blue trousers crafted from premium linen for women. Features a timeless quintessential design crafted for versatile everyday elegance. Ideal for beach occasions. Styled in a classic aesthetic, offering both all-day comfort and trend-forward appeal."
SKU-ACC-3317,Sangria Lavender Women's Leather Watches,accessories,Watches,Sangria,Women,2749,4.5,Beach;Casual,Minimalist,Lavender,Leather,"Sangria lavender watches crafted from premium leather for women. Features a clean tailored silhouette with subtle contemporary accents. Ideal for beach, casual occasions. Styled in a minimalist aesthetic, offering both all-day comfort and trend-forward appeal."
SKU-BOT-2219,Puma Sky Blue Women's Silk Palazzos,bottomwear,Palazzos,Puma,Women,1099,3.9,Party,Streetwear,Sky Blue,Silk,"Puma sky blue palazzos crafted from premium silk for women. Features a urban relaxed drape engineered with durable modern textures. Ideal for party occasions. Styled in a streetwear aesthetic, offering both all-day comfort and trend-forward appeal."
SKU-BOT-2159,Tokyo Talkies White Women's Polyester Palazzos,bottomwear,Palazzos,Tokyo Talkies,Women,1699,4.5,Casual;Beach,Minimalist;Pastel,White,Polyester,"Tokyo Talkies white palazzos crafted from premium polyester for women. Features a clean tailored silhouette with subtle contemporary accents. Ideal for casual, beach occasions. Styled in a minimalist aesthetic, offering both all-day comfort and trend-forward appeal."
SKU-FOO-2416,Forever 21 Tan Brown Women's Leather Heels,footwear,Heels,Forever 21,Women,4599,4.5,Party,Classic;Minimalist,Tan Brown,Leather,"Forever 21 tan brown heels crafted from premium leather for women. Features a timeless quintessential design crafted for versatile everyday elegance. Ideal for party occasions. Styled in a classic aesthetic, offering both all-day comfort and trend-forward appeal."
SKU-ACC-3261,Peter England Terracotta Men's Leather Belts,accessories,Belts,Peter England,Men,1199,4.4,Gym,Pastel,Terracotta,Leather,"Peter England terracotta belts crafted from premium leather for men. Features a soft muted hues providing a calm, breezy and sophisticated aesthetic. Ideal for gym occasions. Styled in a pastel aesthetic, offering both all-day comfort and trend-forward appeal."
SKU-FOO-2528,Fossil Tan Brown Men's Polyester Boots,footwear,Boots,Fossil,Men,3899,4.7,Formal,Pastel;Streetwear,Tan Brown,Polyester,"Fossil tan brown boots crafted from premium polyester for men. Features a soft muted hues providing a calm, breezy and sophisticated aesthetic. Ideal for formal occasions. Styled in a pastel aesthetic, offering both all-day comfort and trend-forward appeal."
SKU-ACC-3461,Mango Navy Blue Women's Polyester Belts,accessories,Belts,Mango,Women,1649,4.2,Formal,Classic;Pastel,Navy Blue,Polyester,"Mango navy blue belts crafted from premium polyester for women. Features a timeless quintessential design crafted for versatile everyday elegance. Ideal for formal occasions. Styled in a classic aesthetic, offering both all-day comfort and trend-forward appeal."
SKU-FOO-2301,Anouk Burgundy Women's Leather Heels,footwear,Heels,Anouk,Women,4149,4.0,Gym,Vibrant;Streetwear,Burgundy,Leather,"Anouk burgundy heels crafted from premium leather for women. Features a eye-catching high-energy color palette suited for expressive moods. Ideal for gym occasions. Styled in a vibrant aesthetic, offering both all-day comfort and trend-forward appeal."
SKU-ACC-3391,Nike Mint Green Unisex Polyester Watches,accessories,Watches,Nike,Unisex,6099,3.6,Formal;Party,Minimalist,Mint Green,Polyester,"Nike mint green watches crafted from premium polyester for all genders. Features a clean tailored silhouette with subtle contemporary accents. Ideal for formal, party occasions. Styled in a minimalist aesthetic, offering both all-day comfort and trend-forward appeal."
SKU-FOO-2604,Sangria Mint Green Women's Polyester Heels,footwear,Heels,Sangria,Women,2949,3.9,Ethnic,Minimalist,Mint Green,Polyester,"Sangria mint green heels crafted from premium polyester for women. Features a clean tailored silhouette with subtle contemporary accents. Ideal for ethnic occasions. Styled in a minimalist aesthetic, offering both all-day comfort and trend-forward appeal."
SKU-TOP-1161,DressBerry Black Women's Polyester Crop Tops,topwear,Crop Tops,DressBerry,Women,1399,3.9,Beach,Pastel;Minimalist,Black,Polyester,"DressBerry black crop tops crafted from premium polyester for women. Features a soft muted hues providing a calm, breezy and sophisticated aesthetic. Ideal for beach occasions. Styled in a pastel aesthetic, offering both all-day comfort and trend-forward appeal."
SKU-FOO-2705,Bata Mint Green Women's Leather Heels,footwear,Heels,Bata,Women,5449,4.3,Gym;Beach,Pastel,Mint Green,Leather,"Bata mint green heels crafted from premium leather for women. Features a soft muted hues providing a calm, breezy and sophisticated aesthetic. Ideal for gym, beach occasions. Styled in a pastel aesthetic, offering both all-day comfort and trend-forward appeal."
SKU-BOT-1957,HRX by Hrithik Roshan Beige Men's Linen Trousers,bottomwear,Trousers,HRX by Hrithik Roshan,Men,1049,4.3,Formal,Streetwear;Minimalist,Beige,Linen,"HRX by Hrithik Roshan beige trousers crafted from premium linen for men. Features a urban relaxed drape engineered with durable modern textures. Ideal for formal occasions. Styled in a streetwear aesthetic, offering both all-day comfort and trend-forward appeal."
SKU-ACC-3431,Fossil Beige Women's Leather Watches,accessories,Watches,Fossil,Women,5449,4.4,Ethnic;Gym,Classic,Beige,Leather,"Fossil beige watches crafted from premium leather for women. Features a timeless quintessential design crafted for versatile everyday elegance. Ideal for ethnic, gym occasions. Styled in a classic aesthetic, offering both all-day comfort and trend-forward appeal."
SKU-BOT-1878,Anouk Charcoal Grey Women's Polyester Skirts,bottomwear,Skirts,Anouk,Women,849,4.3,Beach,Pastel,Charcoal Grey,Polyester,"Anouk charcoal grey skirts crafted from premium polyester for women. Features a soft muted hues providing a calm, breezy and sophisticated aesthetic. Ideal for beach occasions. Styled in a pastel aesthetic, offering both all-day comfort and trend-forward appeal."
SKU-ACC-2920,Louis Philippe Beige Men's Polyester Sunglasses,accessories,Sunglasses,Louis Philippe,Men,3199,4.0,Party,Vibrant,Beige,Polyester,"Louis Philippe beige sunglasses crafted from premium polyester for men. Features a eye-catching high-energy color palette suited for expressive moods. Ideal for party occasions. Styled in a vibrant aesthetic, offering both all-day comfort and trend-forward appeal."
SKU-ACC-2885,ONLY Mustard Yellow Women's Polyester Earrings,accessories,Earrings,ONLY,Women,1549,4.2,Casual,Minimalist,Mustard Yellow,Polyester,"ONLY mustard yellow earrings crafted from premium polyester for women. Features a clean tailored silhouette with subtle contemporary accents. Ideal for casual occasions. Styled in a minimalist aesthetic, offering both all-day comfort and trend-forward appeal."
SKU-ACC-3201,WROGN Sky Blue Men's Leather Belts,accessories,Belts,WROGN,Men,699,4.8,Party,Pastel,Sky Blue,Leather,"WROGN sky blue belts crafted from premium leather for men. Features a soft muted hues providing a calm, breezy and sophisticated aesthetic. Ideal for party occasions. Styled in a pastel aesthetic, offering both all-day comfort and trend-forward appeal."
SKU-TOP-1099,HRX by Hrithik Roshan Sky Blue Men's Cotton T-Shirts,topwear,T-Shirts,HRX by Hrithik Roshan,Men,1399,4.2,Formal;Gym,Pastel,Sky Blue,Cotton,"HRX by Hrithik Roshan sky blue t-shirts crafted from premium cotton for men. Features a soft muted hues providing a calm, breezy and sophisticated aesthetic. Ideal for formal, gym occasions. Styled in a pastel aesthetic, offering both all-day comfort and trend-forward appeal."
SKU-ACC-3361,Tommy Hilfiger Terracotta Men's Polyester Belts,accessories,Belts,Tommy Hilfiger,Men,399,3.8,Beach,Streetwear,Terracotta,Polyester,"Tommy Hilfiger terracotta belts crafted from premium polyester for men. Features a urban relaxed drape engineered with durable modern textures. Ideal for beach occasions. Styled in a streetwear aesthetic, offering both all-day comfort and trend-forward appeal."
SKU-TOP-1254,Mast & Harbour Terracotta Men's Polyester T-Shirts,topwear,T-Shirts,Mast & Harbour,Men,1249,4.6,Casual,Vibrant,Terracotta,Polyester,"Mast & Harbour terracotta t-shirts crafted from premium polyester for men. Features a eye-catching high-energy color palette suited for expressive moods. Ideal for casual occasions. Styled in a vibrant aesthetic, offering both all-day comfort and trend-forward appeal."
SKU-TOP-1104,Fossil Charcoal Grey Unisex Cotton T-Shirts,topwear,T-Shirts,Fossil,Unisex,599,3.9,Gym;Casual,Streetwear,Charcoal Grey,Cotton,"Fossil charcoal grey t-shirts crafted from premium cotton for all genders. Features a urban relaxed drape engineered with durable modern textures. Ideal for gym, casual occasions. Styled in a streetwear aesthetic, offering both all-day comfort and trend-forward appeal."
SKU-FOO-2446,WROGN Mustard Yellow Men's Polyester Loafers,footwear,Loafers,WROGN,Men,1249,4.0,Casual,Pastel,Mustard Yellow,Polyester,"WROGN mustard yellow loafers crafted from premium polyester for men. Features a soft muted hues providing a calm, breezy and sophisticated aesthetic. Ideal for casual occasions. Styled in a pastel aesthetic, offering both all-day comfort and trend-forward appeal."
SKU-FOO-2444,Tokyo Talkies Mustard Yellow Women's Leather Flats,footwear,Flats,Tokyo Talkies,Women,799,3.7,Formal;Ethnic,Streetwear,Mustard Yellow,Leather,"Tokyo Talkies mustard yellow flats crafted from premium leather for women. Features a urban relaxed drape engineered with durable modern textures. Ideal for formal, ethnic occasions. Styled in a streetwear aesthetic, offering both all-day comfort and trend-forward appeal."
SKU-FOO-2649,DressBerry Tan Brown Women's Leather Boots,footwear,Boots,DressBerry,Women,3799,4.6,Beach,Minimalist,Tan Brown,Leather,"DressBerry tan brown boots crafted from premium leather for women. Features a clean tailored silhouette with subtle contemporary accents. Ideal for beach occasions. Styled in a minimalist aesthetic, offering both all-day comfort and trend-forward appeal."
SKU-TOP-1587,Titan Terracotta Men's Silk Kurtas,topwear,Kurtas,Titan,Men,3099,4.0,Ethnic;Formal,Minimalist,Terracotta,Silk,"Titan terracotta kurtas crafted from premium silk for men. Features a clean tailored silhouette with subtle contemporary accents. Ideal for ethnic, formal occasions. Styled in a minimalist aesthetic, offering both all-day comfort and trend-forward appeal."
SKU-BOT-1628,Fossil Pastel Pink Women's Denim Jeans,bottomwear,Jeans,Fossil,Women,4349,4.2,Casual;Beach,Classic,Pastel Pink,Denim,"Fossil pastel pink jeans crafted from premium denim for women. Features a timeless quintessential design crafted for versatile everyday elegance. Ideal for casual, beach occasions. Styled in a classic aesthetic, offering both all-day comfort and trend-forward appeal."
SKU-FOO-2697,ONLY Pastel Pink Women's Leather Flats,footwear,Flats,ONLY,Women,1599,3.8,Beach,Classic,Pastel Pink,Leather,"ONLY pastel pink flats crafted from premium leather for women. Features a timeless quintessential design crafted for versatile everyday elegance. Ideal for beach occasions. Styled in a classic aesthetic, offering both all-day comfort and trend-forward appeal."
SKU-ACC-3102,Fastrack Mustard Yellow Unisex Polyester Watches,accessories,Watches,Fastrack,Unisex,5499,3.9,Casual,Classic;Streetwear,Mustard Yellow,Polyester,"Fastrack mustard yellow watches crafted from premium polyester for all genders. Features a timeless quintessential design crafted for versatile everyday elegance. Ideal for casual occasions. Styled in a classic aesthetic, offering both all-day comfort and trend-forward appeal."
SKU-ACC-3200,Tommy Hilfiger Maroon Men's Polyester Belts,accessories,Belts,Tommy Hilfiger,Men,699,4.4,Gym,Classic,Maroon,Polyester,"Tommy Hilfiger maroon belts crafted from premium polyester for men. Features a timeless quintessential design crafted for versatile everyday elegance. Ideal for gym occasions. Styled in a classic aesthetic, offering both all-day comfort and trend-forward appeal."
SKU-TOP-1404,Titan Beige Men's Linen Blazers,topwear,Blazers,Titan,Men,5649,4.2,Ethnic;Party,Streetwear,Beige,Linen,"Titan beige blazers crafted from premium linen for men. Features a urban relaxed drape engineered with durable modern textures. Ideal for ethnic, party occasions. Styled in a streetwear aesthetic, offering both all-day comfort and trend-forward appeal."
SKU-BOT-2155,Carlton London Pastel Pink Women's Silk Skirts,bottomwear,Skirts,Carlton London,Women,1849,4.8,Casual;Formal,Pastel,Pastel Pink,Silk,"Carlton London pastel pink skirts crafted from premium silk for women. Features a soft muted hues providing a calm, breezy and sophisticated aesthetic. Ideal for casual, formal occasions. Styled in a pastel aesthetic, offering both all-day comfort and trend-forward appeal."
SKU-ACC-3256,Vans Sky Blue Unisex Leather Watches,accessories,Watches,Vans,Unisex,8299,4.3,Casual;Formal,Minimalist,Sky Blue,Leather,"Vans sky blue watches crafted from premium leather for all genders. Features a clean tailored silhouette with subtle contemporary accents. Ideal for casual, formal occasions. Styled in a minimalist aesthetic, offering both all-day comfort and trend-forward appeal."
SKU-FOO-2683,Mango White Women's Leather Heels,footwear,Heels,Mango,Women,3749,3.9,Beach,Minimalist,White,Leather,"Mango white heels crafted from premium leather for women. Features a clean tailored silhouette with subtle contemporary accents. Ideal for beach occasions. Styled in a minimalist aesthetic, offering both all-day comfort and trend-forward appeal."
SKU-ACC-3057,Bata Maroon Women's Cotton Bags,accessories,Bags,Bata,Women,3999,4.0,Beach;Casual,Classic,Maroon,Cotton,"Bata maroon bags crafted from premium cotton for women. Features a timeless quintessential design crafted for versatile everyday elegance. Ideal for beach, casual occasions. Styled in a classic aesthetic, offering both all-day comfort and trend-forward appeal."
SKU-ACC-3374,HIGHLANDER Pastel Pink Men's Polyester Belts,accessories,Belts,HIGHLANDER,Men,1349,4.4,Ethnic;Formal,Classic,Pastel Pink,Polyester,"HIGHLANDER pastel pink belts crafted from premium polyester for men. Features a timeless quintessential design crafted for versatile everyday elegance. Ideal for ethnic, formal occasions. Styled in a classic aesthetic, offering both all-day comfort and trend-forward appeal."
SKU-TOP-1453,Mango Cream Women's Silk Blouses,topwear,Blouses,Mango,Women,2449,3.9,Party;Ethnic,Streetwear;Pastel,Cream,Silk,"Mango cream blouses crafted from premium silk for women. Features a urban relaxed drape engineered with durable modern textures. Ideal for party, ethnic occasions. Styled in a streetwear aesthetic, offering both all-day comfort and trend-forward appeal."
SKU-FOO-2328,DressBerry Mustard Yellow Women's Polyester Loafers,footwear,Loafers,DressBerry,Women,1749,4.1,Casual;Ethnic,Vibrant;Classic,Mustard Yellow,Polyester,"DressBerry mustard yellow loafers crafted from premium polyester for women. Features a eye-catching high-energy color palette suited for expressive moods. Ideal for casual, ethnic occasions. Styled in a vibrant aesthetic, offering both all-day comfort and trend-forward appeal."
SKU-ACC-3050,DressBerry Terracotta Women's Polyester Earrings,accessories,Earrings,DressBerry,Women,899,4.3,Beach,Pastel,Terracotta,Polyester,"DressBerry terracotta earrings crafted from premium polyester for women. Features a soft muted hues providing a calm, breezy and sophisticated aesthetic. Ideal for beach occasions. Styled in a pastel aesthetic, offering both all-day comfort and trend-forward appeal."
SKU-BOT-1881,WROGN Beige Men's Denim Jeans,bottomwear,Jeans,WROGN,Men,1699,4.9,Formal,Minimalist,Beige,Denim,"WROGN beige jeans crafted from premium denim for men. Features a clean tailored silhouette with subtle contemporary accents. Ideal for formal occasions. Styled in a minimalist aesthetic, offering both all-day comfort and trend-forward appeal."
SKU-ACC-3433,Carlton London Mint Green Women's Polyester Watches,accessories,Watches,Carlton London,Women,5699,4.2,Ethnic;Formal,Vibrant;Pastel,Mint Green,Polyester,"Carlton London mint green watches crafted from premium polyester for women. Features a eye-catching high-energy color palette suited for expressive moods. Ideal for ethnic, formal occasions. Styled in a vibrant aesthetic, offering both all-day comfort and trend-forward appeal."
SKU-TOP-1624,Mast & Harbour White Men's Linen Blazers,topwear,Blazers,Mast & Harbour,Men,2699,4.7,Ethnic;Formal,Minimalist,White,Linen,"Mast & Harbour white blazers crafted from premium linen for men. Features a clean tailored silhouette with subtle contemporary accents. Ideal for ethnic, formal occasions. Styled in a minimalist aesthetic, offering both all-day comfort and trend-forward appeal."
SKU-ACC-3312,Bata Pastel Pink Women's Silk Earrings,accessories,Earrings,Bata,Women,499,4.8,Formal;Ethnic,Vibrant,Pastel Pink,Silk,"Bata pastel pink earrings crafted from premium silk for women. Features a eye-catching high-energy color palette suited for expressive moods. Ideal for formal, ethnic occasions. Styled in a vibrant aesthetic, offering both all-day comfort and trend-forward appeal."
SKU-FOO-2788,Tokyo Talkies Cream Women's Leather Heels,footwear,Heels,Tokyo Talkies,Women,2549,3.9,Gym,Classic;Vibrant,Cream,Leather,"Tokyo Talkies cream heels crafted from premium leather for women. Features a timeless quintessential design crafted for versatile everyday elegance. Ideal for gym occasions. Styled in a classic aesthetic, offering both all-day comfort and trend-forward appeal."
SKU-TOP-1263,DressBerry Black Women's Cotton Kurtas,topwear,Kurtas,DressBerry,Women,1849,3.2,Gym,Classic,Black,Cotton,"DressBerry black kurtas crafted from premium cotton for women. Features a timeless quintessential design crafted for versatile everyday elegance. Ideal for gym occasions. Styled in a classic aesthetic, offering both all-day comfort and trend-forward appeal."
SKU-FOO-2635,VERO MODA Tan Brown Women's Leather Loafers,footwear,Loafers,VERO MODA,Women,1299,4.1,Beach,Vibrant;Pastel,Tan Brown,Leather,"VERO MODA tan brown loafers crafted from premium leather for women. Features a eye-catching high-energy color palette suited for expressive moods. Ideal for beach occasions. Styled in a vibrant aesthetic, offering both all-day comfort and trend-forward appeal."
SKU-FOO-2439,VERO MODA Pastel Pink Women's Cotton Flats,footwear,Flats,VERO MODA,Women,1749,4.4,Casual;Party,Classic,Pastel Pink,Cotton,"VERO MODA pastel pink flats crafted from premium cotton for women. Features a timeless quintessential design crafted for versatile everyday elegance. Ideal for casual, party occasions. Styled in a classic aesthetic, offering both all-day comfort and trend-forward appeal."
SKU-ACC-3199,Carlton London Cream Women's Polyester Earrings,accessories,Earrings,Carlton London,Women,599,4.0,Ethnic,Classic,Cream,Polyester,"Carlton London cream earrings crafted from premium polyester for women. Features a timeless quintessential design crafted for versatile everyday elegance. Ideal for ethnic occasions. Styled in a classic aesthetic, offering both all-day comfort and trend-forward appeal."
SKU-ACC-2970,Roadster Burgundy Unisex Polyester Sunglasses,accessories,Sunglasses,Roadster,Unisex,849,4.6,Formal,Pastel,Burgundy,Polyester,"Roadster burgundy sunglasses crafted from premium polyester for all genders. Features a soft muted hues providing a calm, breezy and sophisticated aesthetic. Ideal for formal occasions. Styled in a pastel aesthetic, offering both all-day comfort and trend-forward appeal."
SKU-FOO-2803,Fossil Charcoal Grey Women's Polyester Heels,footwear,Heels,Fossil,Women,1499,4.0,Ethnic,Classic,Charcoal Grey,Polyester,"Fossil charcoal grey heels crafted from premium polyester for women. Features a timeless quintessential design crafted for versatile everyday elegance. Ideal for ethnic occasions. Styled in a classic aesthetic, offering both all-day comfort and trend-forward appeal."
SKU-BOT-1641,VERO MODA Maroon Women's Cotton Skirts,bottomwear,Skirts,VERO MODA,Women,2549,4.1,Gym;Party,Vibrant;Pastel,Maroon,Cotton,"VERO MODA maroon skirts crafted from premium cotton for women. Features a eye-catching high-energy color palette suited for expressive moods. Ideal for gym, party occasions. Styled in a vibrant aesthetic, offering both all-day comfort and trend-forward appeal."
SKU-ACC-3459,Roadster Olive Green Men's Cotton Bags,accessories,Bags,Roadster,Men,3949,4.4,Formal,Minimalist,Olive Green,Cotton,"Roadster olive green bags crafted from premium cotton for men. Features a clean tailored silhouette with subtle contemporary accents. Ideal for formal occasions. Styled in a minimalist aesthetic, offering both all-day comfort and trend-forward appeal."
SKU-ACC-2960,Fossil Mint Green Women's Polyester Earrings,accessories,Earrings,Fossil,Women,1499,4.3,Formal,Minimalist,Mint Green,Polyester,"Fossil mint green earrings crafted from premium polyester for women. Features a clean tailored silhouette with subtle contemporary accents. Ideal for formal occasions. Styled in a minimalist aesthetic, offering both all-day comfort and trend-forward appeal."
SKU-TOP-1489,Anouk Pastel Pink Women's Linen Kurtas,topwear,Kurtas,Anouk,Women,3249,4.8,Gym,Classic,Pastel Pink,Linen,"Anouk pastel pink kurtas crafted from premium linen for women. Features a timeless quintessential design crafted for versatile everyday elegance. Ideal for gym occasions. Styled in a classic aesthetic, offering both all-day comfort and trend-forward appeal."
SKU-FOO-2844,Mango Navy Blue Women's Leather Flats,footwear,Flats,Mango,Women,499,4.2,Beach;Party,Minimalist,Navy Blue,Leather,"Mango navy blue flats crafted from premium leather for women. Features a clean tailored silhouette with subtle contemporary accents. Ideal for beach, party occasions. Styled in a minimalist aesthetic, offering both all-day comfort and trend-forward appeal."
SKU-FOO-2735,Puma Cream Women's Leather Flats,footwear,Flats,Puma,Women,849,4.5,Party;Formal,Classic;Pastel,Cream,Leather,"Puma cream flats crafted from premium leather for women. Features a timeless quintessential design crafted for versatile everyday elegance. Ideal for party, formal occasions. Styled in a classic aesthetic, offering both all-day comfort and trend-forward appeal."
SKU-TOP-1147,ONLY Tan Brown Women's Polyester Crop Tops,topwear,Crop Tops,ONLY,Women,699,3.8,Casual,Streetwear,Tan Brown,Polyester,"ONLY tan brown crop tops crafted from premium polyester for women. Features a urban relaxed drape engineered with durable modern textures. Ideal for casual occasions. Styled in a streetwear aesthetic, offering both all-day comfort and trend-forward appeal."
SKU-FOO-2535,ONLY Burgundy Women's Polyester Loafers,footwear,Loafers,ONLY,Women,1799,4.0,Formal,Streetwear,Burgundy,Polyester,"ONLY burgundy loafers crafted from premium polyester for women. Features a urban relaxed drape engineered with durable modern textures. Ideal for formal occasions. Styled in a streetwear aesthetic, offering both all-day comfort and trend-forward appeal."
SKU-ACC-2987,Converse Tan Brown Unisex Polyester Sunglasses,accessories,Sunglasses,Converse,Unisex,1549,4.5,Beach;Gym,Minimalist,Tan Brown,Polyester,"Converse tan brown sunglasses crafted from premium polyester for all genders. Features a clean tailored silhouette with subtle contemporary accents. Ideal for beach, gym occasions. Styled in a minimalist aesthetic, offering both all-day comfort and trend-forward appeal."
SKU-FOO-2370,Fossil Mint Green Men's Leather Boots,footwear,Boots,Fossil,Men,6299,3.9,Party,Pastel,Mint Green,Leather,"Fossil mint green boots crafted from premium leather for men. Features a soft muted hues providing a calm, breezy and sophisticated aesthetic. Ideal for party occasions. Styled in a pastel aesthetic, offering both all-day comfort and trend-forward appeal."
SKU-ACC-3448,Puma Olive Green Women's Polyester Belts,accessories,Belts,Puma,Women,549,4.1,Party,Vibrant,Olive Green,Polyester,"Puma olive green belts crafted from premium polyester for women. Features a eye-catching high-energy color palette suited for expressive moods. Ideal for party occasions. Styled in a vibrant aesthetic, offering both all-day comfort and trend-forward appeal."
SKU-BOT-1660,Tokyo Talkies Beige Women's Linen Chinos,bottomwear,Chinos,Tokyo Talkies,Women,2049,4.1,Formal,Vibrant,Beige,Linen,"Tokyo Talkies beige chinos crafted from premium linen for women. Features a eye-catching high-energy color palette suited for expressive moods. Ideal for formal occasions. Styled in a vibrant aesthetic, offering both all-day comfort and trend-forward appeal."
SKU-FOO-2795,Nike Mustard Yellow Men's Polyester Loafers,footwear,Loafers,Nike,Men,3899,4.3,Ethnic;Formal,Vibrant;Streetwear,Mustard Yellow,Polyester,"Nike mustard yellow loafers crafted from premium polyester for men. Features a eye-catching high-energy color palette suited for expressive moods. Ideal for ethnic, formal occasions. Styled in a vibrant aesthetic, offering both all-day comfort and trend-forward appeal."
SKU-TOP-1187,Tommy Hilfiger Mint Green Men's Cotton T-Shirts,topwear,T-Shirts,Tommy Hilfiger,Men,699,4.4,Ethnic,Pastel,Mint Green,Cotton,"Tommy Hilfiger mint green t-shirts crafted from premium cotton for men. Features a soft muted hues providing a calm, breezy and sophisticated aesthetic. Ideal for ethnic occasions. Styled in a pastel aesthetic, offering both all-day comfort and trend-forward appeal."
SKU-BOT-2148,ONLY Cream Women's Polyester Palazzos,bottomwear,Palazzos,ONLY,Women,1049,3.7,Beach,Vibrant,Cream,Polyester,"ONLY cream palazzos crafted from premium polyester for women. Features a eye-catching high-energy color palette suited for expressive moods. Ideal for beach occasions. Styled in a vibrant aesthetic, offering both all-day comfort and trend-forward appeal."
SKU-TOP-1609,Anouk Terracotta Women's Silk Blouses,topwear,Blouses,Anouk,Women,1199,3.6,Beach;Gym,Classic,Terracotta,Silk,"Anouk terracotta blouses crafted from premium silk for women. Features a timeless quintessential design crafted for versatile everyday elegance. Ideal for beach, gym occasions. Styled in a classic aesthetic, offering both all-day comfort and trend-forward appeal."
SKU-ACC-3192,Mango Beige Women's Polyester Watches,accessories,Watches,Mango,Women,2099,4.4,Casual,Pastel,Beige,Polyester,"Mango beige watches crafted from premium polyester for women. Features a soft muted hues providing a calm, breezy and sophisticated aesthetic. Ideal for casual occasions. Styled in a pastel aesthetic, offering both all-day comfort and trend-forward appeal."
SKU-ACC-2931,Mango Beige Women's Leather Watches,accessories,Watches,Mango,Women,4499,3.8,Ethnic;Casual,Streetwear,Beige,Leather,"Mango beige watches crafted from premium leather for women. Features a urban relaxed drape engineered with durable modern textures. Ideal for ethnic, casual occasions. Styled in a streetwear aesthetic, offering both all-day comfort and trend-forward appeal."
SKU-TOP-1198,Puma White Women's Cotton Blouses,topwear,Blouses,Puma,Women,899,4.3,Ethnic,Streetwear,White,Cotton,"Puma white blouses crafted from premium cotton for women. Features a urban relaxed drape engineered with durable modern textures. Ideal for ethnic occasions. Styled in a streetwear aesthetic, offering both all-day comfort and trend-forward appeal."
SKU-TOP-1294,HRX by Hrithik Roshan Beige Men's Cotton T-Shirts,topwear,T-Shirts,HRX by Hrithik Roshan,Men,1199,4.5,Beach,Vibrant,Beige,Cotton,"HRX by Hrithik Roshan beige t-shirts crafted from premium cotton for men. Features a eye-catching high-energy color palette suited for expressive moods. Ideal for beach occasions. Styled in a vibrant aesthetic, offering both all-day comfort and trend-forward appeal."
SKU-BOT-1767,HIGHLANDER Navy Blue Men's Polyester Trousers,bottomwear,Trousers,HIGHLANDER,Men,2899,4.2,Formal,Streetwear,Navy Blue,Polyester,"HIGHLANDER navy blue trousers crafted from premium polyester for men. Features a urban relaxed drape engineered with durable modern textures. Ideal for formal occasions. Styled in a streetwear aesthetic, offering both all-day comfort and trend-forward appeal."
SKU-TOP-1401,Fossil Lavender Women's Cotton Shirts,topwear,Shirts,Fossil,Women,1199,3.6,Beach;Formal,Vibrant,Lavender,Cotton,"Fossil lavender shirts crafted from premium cotton for women. Features a eye-catching high-energy color palette suited for expressive moods. Ideal for beach, formal occasions. Styled in a vibrant aesthetic, offering both all-day comfort and trend-forward appeal."
SKU-TOP-1123,ONLY Beige Women's Linen Kurtas,topwear,Kurtas,ONLY,Women,2749,4.7,Casual,Minimalist,Beige,Linen,"ONLY beige kurtas crafted from premium linen for women. Features a clean tailored silhouette with subtle contemporary accents. Ideal for casual occasions. Styled in a minimalist aesthetic, offering both all-day comfort and trend-forward appeal."
SKU-TOP-1203,Puma Charcoal Grey Men's Polyester T-Shirts,topwear,T-Shirts,Puma,Men,699,4.6,Gym,Vibrant,Charcoal Grey,Polyester,"Puma charcoal grey t-shirts crafted from premium polyester for men. Features a eye-catching high-energy color palette suited for expressive moods. Ideal for gym occasions. Styled in a vibrant aesthetic, offering both all-day comfort and trend-forward appeal."
SKU-BOT-1836,Mast & Harbour Beige Men's Denim Jeans,bottomwear,Jeans,Mast & Harbour,Men,1799,4.3,Gym,Classic,Beige,Denim,"Mast & Harbour beige jeans crafted from premium denim for men. Features a timeless quintessential design crafted for versatile everyday elegance. Ideal for gym occasions. Styled in a classic aesthetic, offering both all-day comfort and trend-forward appeal."
SKU-ACC-3295,Bata White Women's Leather Watches,accessories,Watches,Bata,Women,4599,3.9,Party;Ethnic,Vibrant;Minimalist,White,Leather,"Bata white watches crafted from premium leather for women. Features a eye-catching high-energy color palette suited for expressive moods. Ideal for party, ethnic occasions. Styled in a vibrant aesthetic, offering both all-day comfort and trend-forward appeal."
SKU-FOO-2440,Puma Beige Unisex Polyester Sneakers,footwear,Sneakers,Puma,Unisex,1799,4.5,Formal;Gym,Vibrant,Beige,Polyester,"Puma beige sneakers crafted from premium polyester for all genders. Features a eye-catching high-energy color palette suited for expressive moods. Ideal for formal, gym occasions. Styled in a vibrant aesthetic, offering both all-day comfort and trend-forward appeal."
SKU-FOO-2734,Puma Mustard Yellow Women's Leather Heels,footwear,Heels,Puma,Women,3699,4.1,Party,Minimalist,Mustard Yellow,Leather,"Puma mustard yellow heels crafted from premium leather for women. Features a clean tailored silhouette with subtle contemporary accents. Ideal for party occasions. Styled in a minimalist aesthetic, offering both all-day comfort and trend-forward appeal."
SKU-FOO-2696,Fossil Navy Blue Men's Polyester Boots,footwear,Boots,Fossil,Men,4749,4.9,Ethnic,Minimalist,Navy Blue,Polyester,"Fossil navy blue boots crafted from premium polyester for men. Features a clean tailored silhouette with subtle contemporary accents. Ideal for ethnic occasions. Styled in a minimalist aesthetic, offering both all-day comfort and trend-forward appeal."
SKU-FOO-2708,VERO MODA Mint Green Women's Leather Boots,footwear,Boots,VERO MODA,Women,6899,4.9,Beach,Pastel;Classic,Mint Green,Leather,"VERO MODA mint green boots crafted from premium leather for women. Features a soft muted hues providing a calm, breezy and sophisticated aesthetic. Ideal for beach occasions. Styled in a pastel aesthetic, offering both all-day comfort and trend-forward appeal."
SKU-ACC-3429,Nike Olive Green Unisex Polyester Sunglasses,accessories,Sunglasses,Nike,Unisex,2799,4.6,Ethnic;Gym,Minimalist,Olive Green,Polyester,"Nike olive green sunglasses crafted from premium polyester for all genders. Features a clean tailored silhouette with subtle contemporary accents. Ideal for ethnic, gym occasions. Styled in a minimalist aesthetic, offering both all-day comfort and trend-forward appeal."
SKU-BOT-2154,Titan Navy Blue Men's Cotton Trousers,bottomwear,Trousers,Titan,Men,949,3.7,Party,Streetwear,Navy Blue,Cotton,"Titan navy blue trousers crafted from premium cotton for men. Features a urban relaxed drape engineered with durable modern textures. Ideal for party occasions. Styled in a streetwear aesthetic, offering both all-day comfort and trend-forward appeal."
SKU-FOO-2662,Forever 21 Tan Brown Women's Leather Flats,footwear,Flats,Forever 21,Women,1599,4.2,Ethnic;Beach,Classic,Tan Brown,Leather,"Forever 21 tan brown flats crafted from premium leather for women. Features a timeless quintessential design crafted for versatile everyday elegance. Ideal for ethnic, beach occasions. Styled in a classic aesthetic, offering both all-day comfort and trend-forward appeal."
SKU-FOO-2760,VERO MODA Pastel Pink Women's Leather Heels,footwear,Heels,VERO MODA,Women,3149,4.7,Casual,Pastel,Pastel Pink,Leather,"VERO MODA pastel pink heels crafted from premium leather for women. Features a soft muted hues providing a calm, breezy and sophisticated aesthetic. Ideal for casual occasions. Styled in a pastel aesthetic, offering both all-day comfort and trend-forward appeal."
SKU-BOT-1855,Mast & Harbour Terracotta Men's Linen Trousers,bottomwear,Trousers,Mast & Harbour,Men,3949,4.7,Formal,Vibrant,Terracotta,Linen,"Mast & Harbour terracotta trousers crafted from premium linen for men. Features a eye-catching high-energy color palette suited for expressive moods. Ideal for formal occasions. Styled in a vibrant aesthetic, offering both all-day comfort and trend-forward appeal."
SKU-FOO-2590,Fossil Pastel Pink Women's Leather Heels,footwear,Heels,Fossil,Women,3149,4.2,Casual,Vibrant,Pastel Pink,Leather,"Fossil pastel pink heels crafted from premium leather for women. Features a eye-catching high-energy color palette suited for expressive moods. Ideal for casual occasions. Styled in a vibrant aesthetic, offering both all-day comfort and trend-forward appeal."
SKU-ACC-3268,Titan Pastel Pink Men's Leather Bags,accessories,Bags,Titan,Men,2199,4.3,Formal,Pastel,Pastel Pink,Leather,"Titan pastel pink bags crafted from premium leather for men. Features a soft muted hues providing a calm, breezy and sophisticated aesthetic. Ideal for formal occasions. Styled in a pastel aesthetic, offering both all-day comfort and trend-forward appeal."
SKU-BOT-1642,Titan White Men's Linen Trousers,bottomwear,Trousers,Titan,Men,1449,4.8,Beach,Vibrant,White,Linen,"Titan white trousers crafted from premium linen for men. Features a eye-catching high-energy color palette suited for expressive moods. Ideal for beach occasions. Styled in a vibrant aesthetic, offering both all-day comfort and trend-forward appeal."
SKU-TOP-1002,Tokyo Talkies Black Women's Cotton Shirts,topwear,Shirts,Tokyo Talkies,Women,1599,4.2,Ethnic,Vibrant,Black,Cotton,"Tokyo Talkies black shirts crafted from premium cotton for women. Features a eye-catching high-energy color palette suited for expressive moods. Ideal for ethnic occasions. Styled in a vibrant aesthetic, offering both all-day comfort and trend-forward appeal."
SKU-ACC-3161,Roadster Navy Blue Men's Leather Belts,accessories,Belts,Roadster,Men,799,3.8,Formal;Ethnic,Streetwear;Minimalist,Navy Blue,Leather,"Roadster navy blue belts crafted from premium leather for men. Features a urban relaxed drape engineered with durable modern textures. Ideal for formal, ethnic occasions. Styled in a streetwear aesthetic, offering both all-day comfort and trend-forward appeal."
SKU-BOT-1699,Forever 21 Black Women's Cotton Palazzos,bottomwear,Palazzos,Forever 21,Women,1499,4.5,Casual;Beach,Streetwear,Black,Cotton,"Forever 21 black palazzos crafted from premium cotton for women. Features a urban relaxed drape engineered with durable modern textures. Ideal for casual, beach occasions. Styled in a streetwear aesthetic, offering both all-day comfort and trend-forward appeal."
SKU-FOO-2637,ONLY Tan Brown Women's Leather Loafers,footwear,Loafers,ONLY,Women,1949,3.9,Formal,Pastel;Classic,Tan Brown,Leather,"ONLY tan brown loafers crafted from premium leather for women. Features a soft muted hues providing a calm, breezy and sophisticated aesthetic. Ideal for formal occasions. Styled in a pastel aesthetic, offering both all-day comfort and trend-forward appeal."
SKU-FOO-2292,Anouk Olive Green Women's Polyester Heels,footwear,Heels,Anouk,Women,4599,4.9,Beach,Classic;Minimalist,Olive Green,Polyester,"Anouk olive green heels crafted from premium polyester for women. Features a timeless quintessential design crafted for versatile everyday elegance. Ideal for beach occasions. Styled in a classic aesthetic, offering both all-day comfort and trend-forward appeal."
SKU-ACC-3383,Casio Navy Blue Unisex Cotton Bags,accessories,Bags,Casio,Unisex,1099,4.3,Gym;Party,Vibrant;Streetwear,Navy Blue,Cotton,"Casio navy blue bags crafted from premium cotton for all genders. Features a eye-catching high-energy color palette suited for expressive moods. Ideal for gym, party occasions. Styled in a vibrant aesthetic, offering both all-day comfort and trend-forward appeal."
SKU-FOO-2521,Forever 21 Olive Green Women's Polyester Heels,footwear,Heels,Forever 21,Women,4099,4.6,Formal;Ethnic,Vibrant;Minimalist,Olive Green,Polyester,"Forever 21 olive green heels crafted from premium polyester for women. Features a eye-catching high-energy color palette suited for expressive moods. Ideal for formal, ethnic occasions. Styled in a vibrant aesthetic, offering both all-day comfort and trend-forward appeal."
SKU-FOO-2854,Lavie Sport Sky Blue Unisex Leather Sneakers,footwear,Sneakers,Lavie Sport,Unisex,4849,4.5,Formal,Streetwear,Sky Blue,Leather,"Lavie Sport sky blue sneakers crafted from premium leather for all genders. Features a urban relaxed drape engineered with durable modern textures. Ideal for formal occasions. Styled in a streetwear aesthetic, offering both all-day comfort and trend-forward appeal."
SKU-BOT-2137,ONLY Cream Women's Silk Skirts,bottomwear,Skirts,ONLY,Women,1599,4.6,Ethnic,Pastel;Classic,Cream,Silk,"ONLY cream skirts crafted from premium silk for women. Features a soft muted hues providing a calm, breezy and sophisticated aesthetic. Ideal for ethnic occasions. Styled in a pastel aesthetic, offering both all-day comfort and trend-forward appeal."
SKU-ACC-3416,Ray-Ban Sky Blue Unisex Polyester Sunglasses,accessories,Sunglasses,Ray-Ban,Unisex,949,4.3,Formal,Vibrant,Sky Blue,Polyester,"Ray-Ban sky blue sunglasses crafted from premium polyester for all genders. Features a eye-catching high-energy color palette suited for expressive moods. Ideal for formal occasions. Styled in a vibrant aesthetic, offering both all-day comfort and trend-forward appeal."
SKU-FOO-2632,Roadster Charcoal Grey Men's Leather Loafers,footwear,Loafers,Roadster,Men,1699,3.9,Party;Ethnic,Classic,Charcoal Grey,Leather,"Roadster charcoal grey loafers crafted from premium leather for men. Features a timeless quintessential design crafted for versatile everyday elegance. Ideal for party, ethnic occasions. Styled in a classic aesthetic, offering both all-day comfort and trend-forward appeal."
SKU-ACC-2999,Puma Charcoal Grey Women's Polyester Bags,accessories,Bags,Puma,Women,2199,4.1,Formal,Vibrant,Charcoal Grey,Polyester,"Puma charcoal grey bags crafted from premium polyester for women. Features a eye-catching high-energy color palette suited for expressive moods. Ideal for formal occasions. Styled in a vibrant aesthetic, offering both all-day comfort and trend-forward appeal."
SKU-BOT-1664,ONLY Beige Women's Cotton Trousers,bottomwear,Trousers,ONLY,Women,3899,4.0,Ethnic,Pastel,Beige,Cotton,"ONLY beige trousers crafted from premium cotton for women. Features a soft muted hues providing a calm, breezy and sophisticated aesthetic. Ideal for ethnic occasions. Styled in a pastel aesthetic, offering both all-day comfort and trend-forward appeal."
SKU-BOT-1684,Sangria Olive Green Women's Cotton Skirts,bottomwear,Skirts,Sangria,Women,949,4.4,Party,Pastel,Olive Green,Cotton,"Sangria olive green skirts crafted from premium cotton for women. Features a soft muted hues providing a calm, breezy and sophisticated aesthetic. Ideal for party occasions. Styled in a pastel aesthetic, offering both all-day comfort and trend-forward appeal."
SKU-FOO-2258,Anouk Mustard Yellow Women's Polyester Boots,footwear,Boots,Anouk,Women,7799,4.3,Casual;Gym,Streetwear,Mustard Yellow,Polyester,"Anouk mustard yellow boots crafted from premium polyester for women. Features a urban relaxed drape engineered with durable modern textures. Ideal for casual, gym occasions. Styled in a streetwear aesthetic, offering both all-day comfort and trend-forward appeal."
SKU-TOP-1318,Anouk Navy Blue Women's Cotton T-Shirts,topwear,T-Shirts,Anouk,Women,1149,4.1,Casual,Pastel,Navy Blue,Cotton,"Anouk navy blue t-shirts crafted from premium cotton for women. Features a soft muted hues providing a calm, breezy and sophisticated aesthetic. Ideal for casual occasions. Styled in a pastel aesthetic, offering both all-day comfort and trend-forward appeal."
SKU-BOT-1649,Bata Navy Blue Women's Polyester Skirts,bottomwear,Skirts,Bata,Women,2049,4.1,Party,Pastel,Navy Blue,Polyester,"Bata navy blue skirts crafted from premium polyester for women. Features a soft muted hues providing a calm, breezy and sophisticated aesthetic. Ideal for party occasions. Styled in a pastel aesthetic, offering both all-day comfort and trend-forward appeal."
SKU-FOO-2435,VERO MODA Terracotta Women's Leather Heels,footwear,Heels,VERO MODA,Women,3549,4.1,Formal,Minimalist,Terracotta,Leather,"VERO MODA terracotta heels crafted from premium leather for women. Features a clean tailored silhouette with subtle contemporary accents. Ideal for formal occasions. Styled in a minimalist aesthetic, offering both all-day comfort and trend-forward appeal."
SKU-FOO-2480,Carlton London Mustard Yellow Women's Leather Loafers,footwear,Loafers,Carlton London,Women,2799,4.0,Gym;Formal,Minimalist;Pastel,Mustard Yellow,Leather,"Carlton London mustard yellow loafers crafted from premium leather for women. Features a clean tailored silhouette with subtle contemporary accents. Ideal for gym, formal occasions. Styled in a minimalist aesthetic, offering both all-day comfort and trend-forward appeal."
SKU-BOT-1710,DressBerry Tan Brown Women's Polyester Trousers,bottomwear,Trousers,DressBerry,Women,2149,4.8,Ethnic,Streetwear,Tan Brown,Polyester,"DressBerry tan brown trousers crafted from premium polyester for women. Features a urban relaxed drape engineered with durable modern textures. Ideal for ethnic occasions. Styled in a streetwear aesthetic, offering both all-day comfort and trend-forward appeal."
SKU-FOO-2283,Puma Mint Green Women's Polyester Heels,footwear,Heels,Puma,Women,3599,4.4,Beach,Minimalist;Streetwear,Mint Green,Polyester,"Puma mint green heels crafted from premium polyester for women. Features a clean tailored silhouette with subtle contemporary accents. Ideal for beach occasions. Styled in a minimalist aesthetic, offering both all-day comfort and trend-forward appeal."
SKU-FOO-2769,Anouk Burgundy Women's Polyester Loafers,footwear,Loafers,Anouk,Women,4649,4.2,Beach,Vibrant,Burgundy,Polyester,"Anouk burgundy loafers crafted from premium polyester for women. Features a eye-catching high-energy color palette suited for expressive moods. Ideal for beach occasions. Styled in a vibrant aesthetic, offering both all-day comfort and trend-forward appeal."
SKU-BOT-1973,Puma Beige Women's Silk Palazzos,bottomwear,Palazzos,Puma,Women,1849,4.5,Casual,Minimalist,Beige,Silk,"Puma beige palazzos crafted from premium silk for women. Features a clean tailored silhouette with subtle contemporary accents. Ideal for casual occasions. Styled in a minimalist aesthetic, offering both all-day comfort and trend-forward appeal."
SKU-FOO-2307,Mast & Harbour Cream Men's Leather Loafers,footwear,Loafers,Mast & Harbour,Men,1449,4.2,Formal,Pastel;Classic,Cream,Leather,"Mast & Harbour cream loafers crafted from premium leather for men. Features a soft muted hues providing a calm, breezy and sophisticated aesthetic. Ideal for formal occasions. Styled in a pastel aesthetic, offering both all-day comfort and trend-forward appeal."
SKU-FOO-2401,Nike Maroon Men's Polyester Loafers,footwear,Loafers,Nike,Men,3599,3.8,Beach,Streetwear;Pastel,Maroon,Polyester,"Nike maroon loafers crafted from premium polyester for men. Features a urban relaxed drape engineered with durable modern textures. Ideal for beach occasions. Styled in a streetwear aesthetic, offering both all-day comfort and trend-forward appeal."
SKU-FOO-2409,HRX by Hrithik Roshan Mustard Yellow Men's Leather Sneakers,footwear,Sneakers,HRX by Hrithik Roshan,Men,2749,4.1,Formal,Vibrant,Mustard Yellow,Leather,"HRX by Hrithik Roshan mustard yellow sneakers crafted from premium leather for men. Features a eye-catching high-energy color palette suited for expressive moods. Ideal for formal occasions. Styled in a vibrant aesthetic, offering both all-day comfort and trend-forward appeal."
SKU-ACC-3238,Mango Maroon Women's Polyester Belts,accessories,Belts,Mango,Women,749,3.9,Casual,Classic,Maroon,Polyester,"Mango maroon belts crafted from premium polyester for women. Features a timeless quintessential design crafted for versatile everyday elegance. Ideal for casual occasions. Styled in a classic aesthetic, offering both all-day comfort and trend-forward appeal."
SKU-FOO-2497,Tommy Hilfiger Tan Brown Men's Leather Loafers,footwear,Loafers,Tommy Hilfiger,Men,4599,4.9,Gym,Pastel,Tan Brown,Leather,"Tommy Hilfiger tan brown loafers crafted from premium leather for men. Features a soft muted hues providing a calm, breezy and sophisticated aesthetic. Ideal for gym occasions. Styled in a pastel aesthetic, offering both all-day comfort and trend-forward appeal."
SKU-ACC-3039,Puma Beige Women's Leather Bags,accessories,Bags,Puma,Women,4949,4.2,Formal;Party,Streetwear;Minimalist,Beige,Leather,"Puma beige bags crafted from premium leather for women. Features a urban relaxed drape engineered with durable modern textures. Ideal for formal, party occasions. Styled in a streetwear aesthetic, offering both all-day comfort and trend-forward appeal."
SKU-FOO-2530,ONLY White Women's Polyester Sneakers,footwear,Sneakers,ONLY,Women,5099,3.8,Gym;Beach,Pastel,White,Polyester,"ONLY white sneakers crafted from premium polyester for women. Features a soft muted hues providing a calm, breezy and sophisticated aesthetic. Ideal for gym, beach occasions. Styled in a pastel aesthetic, offering both all-day comfort and trend-forward appeal."
SKU-FOO-2664,HRX by Hrithik Roshan Pastel Pink Men's Leather Loafers,footwear,Loafers,HRX by Hrithik Roshan,Men,2399,4.0,Beach;Gym,Minimalist,Pastel Pink,Leather,"HRX by Hrithik Roshan pastel pink loafers crafted from premium leather for men. Features a clean tailored silhouette with subtle contemporary accents. Ideal for beach, gym occasions. Styled in a minimalist aesthetic, offering both all-day comfort and trend-forward appeal."
SKU-FOO-2355,Titan Maroon Men's Leather Boots,footwear,Boots,Titan,Men,2499,4.0,Ethnic;Beach,Vibrant;Classic,Maroon,Leather,"Titan maroon boots crafted from premium leather for men. Features a eye-catching high-energy color palette suited for expressive moods. Ideal for ethnic, beach occasions. Styled in a vibrant aesthetic, offering both all-day comfort and trend-forward appeal."
SKU-ACC-3439,Puma White Women's Polyester Earrings,accessories,Earrings,Puma,Women,1299,4.0,Ethnic;Casual,Vibrant;Classic,White,Polyester,"Puma white earrings crafted from premium polyester for women. Features a eye-catching high-energy color palette suited for expressive moods. Ideal for ethnic, casual occasions. Styled in a vibrant aesthetic, offering both all-day comfort and trend-forward appeal."
SKU-ACC-3455,Mast & Harbour Beige Men's Leather Watches,accessories,Watches,Mast & Harbour,Men,3699,4.4,Ethnic;Casual,Vibrant,Beige,Leather,"Mast & Harbour beige watches crafted from premium leather for men. Features a eye-catching high-energy color palette suited for expressive moods. Ideal for ethnic, casual occasions. Styled in a vibrant aesthetic, offering both all-day comfort and trend-forward appeal."
SKU-FOO-2644,Bata Mint Green Women's Leather Loafers,footwear,Loafers,Bata,Women,1349,4.4,Casual;Gym,Classic;Streetwear,Mint Green,Leather,"Bata mint green loafers crafted from premium leather for women. Features a timeless quintessential design crafted for versatile everyday elegance. Ideal for casual, gym occasions. Styled in a classic aesthetic, offering both all-day comfort and trend-forward appeal."
SKU-BOT-2052,Fossil Terracotta Women's Polyester Palazzos,bottomwear,Palazzos,Fossil,Women,2149,4.3,Party,Minimalist,Terracotta,Polyester,"Fossil terracotta palazzos crafted from premium polyester for women. Features a clean tailored silhouette with subtle contemporary accents. Ideal for party occasions. Styled in a minimalist aesthetic, offering both all-day comfort and trend-forward appeal."
SKU-BOT-1796,DressBerry Pastel Pink Women's Cotton Skirts,bottomwear,Skirts,DressBerry,Women,1799,4.6,Formal;Ethnic,Classic,Pastel Pink,Cotton,"DressBerry pastel pink skirts crafted from premium cotton for women. Features a timeless quintessential design crafted for versatile everyday elegance. Ideal for formal, ethnic occasions. Styled in a classic aesthetic, offering both all-day comfort and trend-forward appeal."
SKU-FOO-2598,Fossil Cream Men's Polyester Sneakers,footwear,Sneakers,Fossil,Men,3099,4.9,Ethnic;Gym,Vibrant,Cream,Polyester,"Fossil cream sneakers crafted from premium polyester for men. Features a eye-catching high-energy color palette suited for expressive moods. Ideal for ethnic, gym occasions. Styled in a vibrant aesthetic, offering both all-day comfort and trend-forward appeal."
SKU-FOO-2820,Forever 21 White Women's Polyester Boots,footwear,Boots,Forever 21,Women,6449,3.9,Gym,Pastel,White,Polyester,"Forever 21 white boots crafted from premium polyester for women. Features a soft muted hues providing a calm, breezy and sophisticated aesthetic. Ideal for gym occasions. Styled in a pastel aesthetic, offering both all-day comfort and trend-forward appeal."
SKU-FOO-2723,Anouk Cream Women's Leather Boots,footwear,Boots,Anouk,Women,5349,4.5,Gym,Pastel;Streetwear,Cream,Leather,"Anouk cream boots crafted from premium leather for women. Features a soft muted hues providing a calm, breezy and sophisticated aesthetic. Ideal for gym occasions. Styled in a pastel aesthetic, offering both all-day comfort and trend-forward appeal."
SKU-BOT-2184,Tokyo Talkies Cream Women's Polyester Skirts,bottomwear,Skirts,Tokyo Talkies,Women,2399,3.7,Party,Minimalist;Pastel,Cream,Polyester,"Tokyo Talkies cream skirts crafted from premium polyester for women. Features a clean tailored silhouette with subtle contemporary accents. Ideal for party occasions. Styled in a minimalist aesthetic, offering both all-day comfort and trend-forward appeal."
SKU-BOT-2060,Nike Burgundy Men's Cotton Trousers,bottomwear,Trousers,Nike,Men,1399,4.1,Formal,Streetwear;Classic,Burgundy,Cotton,"Nike burgundy trousers crafted from premium cotton for men. Features a urban relaxed drape engineered with durable modern textures. Ideal for formal occasions. Styled in a streetwear aesthetic, offering both all-day comfort and trend-forward appeal."
SKU-TOP-1541,Fastrack Terracotta Unisex Polyester T-Shirts,topwear,T-Shirts,Fastrack,Unisex,1049,4.5,Formal,Vibrant,Terracotta,Polyester,"Fastrack terracotta t-shirts crafted from premium polyester for all genders. Features a eye-catching high-energy color palette suited for expressive moods. Ideal for formal occasions. Styled in a vibrant aesthetic, offering both all-day comfort and trend-forward appeal."
SKU-FOO-2679,WROGN Lavender Men's Polyester Sneakers,footwear,Sneakers,WROGN,Men,3199,4.5,Formal,Pastel;Classic,Lavender,Polyester,"WROGN lavender sneakers crafted from premium polyester for men. Features a soft muted hues providing a calm, breezy and sophisticated aesthetic. Ideal for formal occasions. Styled in a pastel aesthetic, offering both all-day comfort and trend-forward appeal."
SKU-ACC-3407,Tokyo Talkies Charcoal Grey Women's Silk Earrings,accessories,Earrings,Tokyo Talkies,Women,849,3.7,Ethnic,Streetwear,Charcoal Grey,Silk,"Tokyo Talkies charcoal grey earrings crafted from premium silk for women. Features a urban relaxed drape engineered with durable modern textures. Ideal for ethnic occasions. Styled in a streetwear aesthetic, offering both all-day comfort and trend-forward appeal."
SKU-FOO-2758,WROGN Tan Brown Men's Leather Loafers,footwear,Loafers,WROGN,Men,2199,4.5,Casual,Streetwear,Tan Brown,Leather,"WROGN tan brown loafers crafted from premium leather for men. Features a urban relaxed drape engineered with durable modern textures. Ideal for casual occasions. Styled in a streetwear aesthetic, offering both all-day comfort and trend-forward appeal."
SKU-ACC-2924,Roadster Mustard Yellow Men's Polyester Sunglasses,accessories,Sunglasses,Roadster,Men,799,4.3,Party;Ethnic,Minimalist,Mustard Yellow,Polyester,"Roadster mustard yellow sunglasses crafted from premium polyester for men. Features a clean tailored silhouette with subtle contemporary accents. Ideal for party, ethnic occasions. Styled in a minimalist aesthetic, offering both all-day comfort and trend-forward appeal."
SKU-TOP-1096,Forever 21 White Women's Linen Kurtas,topwear,Kurtas,Forever 21,Women,1099,3.7,Gym,Vibrant;Minimalist,White,Linen,"Forever 21 white kurtas crafted from premium linen for women. Features a eye-catching high-energy color palette suited for expressive moods. Ideal for gym occasions. Styled in a vibrant aesthetic, offering both all-day comfort and trend-forward appeal."
SKU-BOT-2021,Tokyo Talkies Lavender Women's Cotton Palazzos,bottomwear,Palazzos,Tokyo Talkies,Women,2099,4.4,Ethnic;Formal,Pastel,Lavender,Cotton,"Tokyo Talkies lavender palazzos crafted from premium cotton for women. Features a soft muted hues providing a calm, breezy and sophisticated aesthetic. Ideal for ethnic, formal occasions. Styled in a pastel aesthetic, offering both all-day comfort and trend-forward appeal."
SKU-TOP-1564,Mango Maroon Women's Silk Blouses,topwear,Blouses,Mango,Women,1849,4.1,Ethnic,Streetwear;Classic,Maroon,Silk,"Mango maroon blouses crafted from premium silk for women. Features a urban relaxed drape engineered with durable modern textures. Ideal for ethnic occasions. Styled in a streetwear aesthetic, offering both all-day comfort and trend-forward appeal."
SKU-BOT-1864,Carlton London Burgundy Women's Cotton Chinos,bottomwear,Chinos,Carlton London,Women,1249,4.8,Formal,Streetwear;Vibrant,Burgundy,Cotton,"Carlton London burgundy chinos crafted from premium cotton for women. Features a urban relaxed drape engineered with durable modern textures. Ideal for formal occasions. Styled in a streetwear aesthetic, offering both all-day comfort and trend-forward appeal."
SKU-FOO-2485,HRX by Hrithik Roshan Pastel Pink Men's Cotton Sneakers,footwear,Sneakers,HRX by Hrithik Roshan,Men,2899,4.3,Ethnic,Pastel,Pastel Pink,Cotton,"HRX by Hrithik Roshan pastel pink sneakers crafted from premium cotton for men. Features a soft muted hues providing a calm, breezy and sophisticated aesthetic. Ideal for ethnic occasions. Styled in a pastel aesthetic, offering both all-day comfort and trend-forward appeal."
SKU-ACC-2882,Lavie Sport Lavender Unisex Polyester Sunglasses,accessories,Sunglasses,Lavie Sport,Unisex,3449,4.8,Gym,Minimalist;Classic,Lavender,Polyester,"Lavie Sport lavender sunglasses crafted from premium polyester for all genders. Features a clean tailored silhouette with subtle contemporary accents. Ideal for gym occasions. Styled in a minimalist aesthetic, offering both all-day comfort and trend-forward appeal."
SKU-BOT-2039,Louis Philippe Olive Green Men's Linen Chinos,bottomwear,Chinos,Louis Philippe,Men,999,4.3,Beach,Minimalist;Vibrant,Olive Green,Linen,"Louis Philippe olive green chinos crafted from premium linen for men. Features a clean tailored silhouette with subtle contemporary accents. Ideal for beach occasions. Styled in a minimalist aesthetic, offering both all-day comfort and trend-forward appeal."
SKU-TOP-1207,Casio White Unisex Cotton T-Shirts,topwear,T-Shirts,Casio,Unisex,999,4.4,Casual,Pastel;Classic,White,Cotton,"Casio white t-shirts crafted from premium cotton for all genders. Features a soft muted hues providing a calm, breezy and sophisticated aesthetic. Ideal for casual occasions. Styled in a pastel aesthetic, offering both all-day comfort and trend-forward appeal."
SKU-TOP-1393,Fossil Mint Green Men's Cotton Blazers,topwear,Blazers,Fossil,Men,6799,3.7,Ethnic;Casual,Vibrant,Mint Green,Cotton,"Fossil mint green blazers crafted from premium cotton for men. Features a eye-catching high-energy color palette suited for expressive moods. Ideal for ethnic, casual occasions. Styled in a vibrant aesthetic, offering both all-day comfort and trend-forward appeal."
SKU-BOT-1871,VERO MODA Olive Green Women's Cotton Trousers,bottomwear,Trousers,VERO MODA,Women,1749,4.1,Party,Streetwear,Olive Green,Cotton,"VERO MODA olive green trousers crafted from premium cotton for women. Features a urban relaxed drape engineered with durable modern textures. Ideal for party occasions. Styled in a streetwear aesthetic, offering both all-day comfort and trend-forward appeal."
SKU-TOP-1398,DressBerry Tan Brown Women's Cotton Crop Tops,topwear,Crop Tops,DressBerry,Women,1799,4.7,Party;Gym,Vibrant;Streetwear,Tan Brown,Cotton,"DressBerry tan brown crop tops crafted from premium cotton for women. Features a eye-catching high-energy color palette suited for expressive moods. Ideal for party, gym occasions. Styled in a vibrant aesthetic, offering both all-day comfort and trend-forward appeal."
SKU-ACC-3401,DressBerry Pastel Pink Women's Polyester Belts,accessories,Belts,DressBerry,Women,1349,3.9,Casual,Streetwear,Pastel Pink,Polyester,"DressBerry pastel pink belts crafted from premium polyester for women. Features a urban relaxed drape engineered with durable modern textures. Ideal for casual occasions. Styled in a streetwear aesthetic, offering both all-day comfort and trend-forward appeal."
SKU-BOT-2029,Peter England Sky Blue Men's Cotton Trousers,bottomwear,Trousers,Peter England,Men,1699,4.4,Casual;Party,Streetwear;Classic,Sky Blue,Cotton,"Peter England sky blue trousers crafted from premium cotton for men. Features a urban relaxed drape engineered with durable modern textures. Ideal for casual, party occasions. Styled in a streetwear aesthetic, offering both all-day comfort and trend-forward appeal."
SKU-FOO-2486,Bata Pastel Pink Women's Cotton Flats,footwear,Flats,Bata,Women,749,4.5,Formal,Pastel,Pastel Pink,Cotton,"Bata pastel pink flats crafted from premium cotton for women. Features a soft muted hues providing a calm, breezy and sophisticated aesthetic. Ideal for formal occasions. Styled in a pastel aesthetic, offering both all-day comfort and trend-forward appeal."
SKU-BOT-1961,Carlton London Charcoal Grey Women's Polyester Trousers,bottomwear,Trousers,Carlton London,Women,1299,4.4,Party,Pastel;Classic,Charcoal Grey,Polyester,"Carlton London charcoal grey trousers crafted from premium polyester for women. Features a soft muted hues providing a calm, breezy and sophisticated aesthetic. Ideal for party occasions. Styled in a pastel aesthetic, offering both all-day comfort and trend-forward appeal."
SKU-FOO-2571,DressBerry Maroon Women's Leather Boots,footwear,Boots,DressBerry,Women,4799,4.5,Formal,Pastel,Maroon,Leather,"DressBerry maroon boots crafted from premium leather for women. Features a soft muted hues providing a calm, breezy and sophisticated aesthetic. Ideal for formal occasions. Styled in a pastel aesthetic, offering both all-day comfort and trend-forward appeal."
SKU-ACC-2896,Anouk Terracotta Women's Polyester Bags,accessories,Bags,Anouk,Women,2149,4.1,Formal,Vibrant;Streetwear,Terracotta,Polyester,"Anouk terracotta bags crafted from premium polyester for women. Features a eye-catching high-energy color palette suited for expressive moods. Ideal for formal occasions. Styled in a vibrant aesthetic, offering both all-day comfort and trend-forward appeal."
SKU-ACC-3147,Louis Philippe Black Men's Polyester Belts,accessories,Belts,Louis Philippe,Men,999,3.6,Casual,Classic;Streetwear,Black,Polyester,"Louis Philippe black belts crafted from premium polyester for men. Features a timeless quintessential design crafted for versatile everyday elegance. Ideal for casual occasions. Styled in a classic aesthetic, offering both all-day comfort and trend-forward appeal."
SKU-BOT-1805,Bata Pastel Pink Women's Cotton Palazzos,bottomwear,Palazzos,Bata,Women,699,4.0,Beach;Party,Streetwear,Pastel Pink,Cotton,"Bata pastel pink palazzos crafted from premium cotton for women. Features a urban relaxed drape engineered with durable modern textures. Ideal for beach, party occasions. Styled in a streetwear aesthetic, offering both all-day comfort and trend-forward appeal."
SKU-FOO-2752,Tokyo Talkies Lavender Women's Cotton Flats,footwear,Flats,Tokyo Talkies,Women,1199,4.4,Casual;Gym,Vibrant;Pastel,Lavender,Cotton,"Tokyo Talkies lavender flats crafted from premium cotton for women. Features a eye-catching high-energy color palette suited for expressive moods. Ideal for casual, gym occasions. Styled in a vibrant aesthetic, offering both all-day comfort and trend-forward appeal."
SKU-TOP-1503,Nike Cream Men's Silk Shirts,topwear,Shirts,Nike,Men,1349,3.7,Casual,Streetwear,Cream,Silk,"Nike cream shirts crafted from premium silk for men. Features a urban relaxed drape engineered with durable modern textures. Ideal for casual occasions. Styled in a streetwear aesthetic, offering both all-day comfort and trend-forward appeal."
SKU-BOT-1780,Puma Tan Brown Men's Polyester Trousers,bottomwear,Trousers,Puma,Men,2299,4.4,Formal;Casual,Classic,Tan Brown,Polyester,"Puma tan brown trousers crafted from premium polyester for men. Features a timeless quintessential design crafted for versatile everyday elegance. Ideal for formal, casual occasions. Styled in a classic aesthetic, offering both all-day comfort and trend-forward appeal."
SKU-FOO-2864,DressBerry Terracotta Women's Cotton Sneakers,footwear,Sneakers,DressBerry,Women,3849,3.6,Casual;Beach,Minimalist,Terracotta,Cotton,"DressBerry terracotta sneakers crafted from premium cotton for women. Features a clean tailored silhouette with subtle contemporary accents. Ideal for casual, beach occasions. Styled in a minimalist aesthetic, offering both all-day comfort and trend-forward appeal."
SKU-TOP-1201,ONLY Charcoal Grey Women's Silk Kurtas,topwear,Kurtas,ONLY,Women,1299,4.3,Ethnic,Streetwear,Charcoal Grey,Silk,"ONLY charcoal grey kurtas crafted from premium silk for women. Features a urban relaxed drape engineered with durable modern textures. Ideal for ethnic occasions. Styled in a streetwear aesthetic, offering both all-day comfort and trend-forward appeal."
SKU-ACC-3183,Nike Navy Blue Unisex Leather Watches,accessories,Watches,Nike,Unisex,5099,4.1,Party,Minimalist,Navy Blue,Leather,"Nike navy blue watches crafted from premium leather for all genders. Features a clean tailored silhouette with subtle contemporary accents. Ideal for party occasions. Styled in a minimalist aesthetic, offering both all-day comfort and trend-forward appeal."
SKU-ACC-3089,Forever 21 Olive Green Women's Silk Earrings,accessories,Earrings,Forever 21,Women,749,4.0,Gym;Casual,Classic,Olive Green,Silk,"Forever 21 olive green earrings crafted from premium silk for women. Features a timeless quintessential design crafted for versatile everyday elegance. Ideal for gym, casual occasions. Styled in a classic aesthetic, offering both all-day comfort and trend-forward appeal."
SKU-ACC-3279,Louis Philippe Terracotta Men's Leather Bags,accessories,Bags,Louis Philippe,Men,3549,4.4,Formal;Gym,Streetwear,Terracotta,Leather,"Louis Philippe terracotta bags crafted from premium leather for men. Features a urban relaxed drape engineered with durable modern textures. Ideal for formal, gym occasions. Styled in a streetwear aesthetic, offering both all-day comfort and trend-forward appeal."
SKU-FOO-2797,VERO MODA Mint Green Women's Leather Heels,footwear,Heels,VERO MODA,Women,2449,4.1,Party,Streetwear;Vibrant,Mint Green,Leather,"VERO MODA mint green heels crafted from premium leather for women. Features a urban relaxed drape engineered with durable modern textures. Ideal for party occasions. Styled in a streetwear aesthetic, offering both all-day comfort and trend-forward appeal."
SKU-TOP-1379,WROGN Black Men's Cotton Blazers,topwear,Blazers,WROGN,Men,6649,4.9,Party,Minimalist;Streetwear,Black,Cotton,"WROGN black blazers crafted from premium cotton for men. Features a clean tailored silhouette with subtle contemporary accents. Ideal for party occasions. Styled in a minimalist aesthetic, offering both all-day comfort and trend-forward appeal."
SKU-ACC-3337,Tokyo Talkies Tan Brown Women's Polyester Earrings,accessories,Earrings,Tokyo Talkies,Women,1049,4.4,Party,Vibrant;Classic,Tan Brown,Polyester,"Tokyo Talkies tan brown earrings crafted from premium polyester for women. Features a eye-catching high-energy color palette suited for expressive moods. Ideal for party occasions. Styled in a vibrant aesthetic, offering both all-day comfort and trend-forward appeal."
SKU-TOP-1419,HRX by Hrithik Roshan Maroon Men's Polyester Blazers,topwear,Blazers,HRX by Hrithik Roshan,Men,4449,4.6,Ethnic;Gym,Minimalist,Maroon,Polyester,"HRX by Hrithik Roshan maroon blazers crafted from premium polyester for men. Features a clean tailored silhouette with subtle contemporary accents. Ideal for ethnic, gym occasions. Styled in a minimalist aesthetic, offering both all-day comfort and trend-forward appeal."
SKU-FOO-2699,VERO MODA Beige Women's Polyester Boots,footwear,Boots,VERO MODA,Women,6049,4.4,Formal,Vibrant;Pastel,Beige,Polyester,"VERO MODA beige boots crafted from premium polyester for women. Features a eye-catching high-energy color palette suited for expressive moods. Ideal for formal occasions. Styled in a vibrant aesthetic, offering both all-day comfort and trend-forward appeal."
SKU-TOP-1392,VERO MODA Burgundy Women's Silk Blouses,topwear,Blouses,VERO MODA,Women,749,4.4,Party,Classic,Burgundy,Silk,"VERO MODA burgundy blouses crafted from premium silk for women. Features a timeless quintessential design crafted for versatile everyday elegance. Ideal for party occasions. Styled in a classic aesthetic, offering both all-day comfort and trend-forward appeal."
SKU-FOO-2523,Fossil Charcoal Grey Women's Polyester Loafers,footwear,Loafers,Fossil,Women,2199,4.1,Gym,Vibrant,Charcoal Grey,Polyester,"Fossil charcoal grey loafers crafted from premium polyester for women. Features a eye-catching high-energy color palette suited for expressive moods. Ideal for gym occasions. Styled in a vibrant aesthetic, offering both all-day comfort and trend-forward appeal."
SKU-BOT-2163,Puma Mint Green Women's Cotton Skirts,bottomwear,Skirts,Puma,Women,849,3.7,Gym;Casual,Classic,Mint Green,Cotton,"Puma mint green skirts crafted from premium cotton for women. Features a timeless quintessential design crafted for versatile everyday elegance. Ideal for gym, casual occasions. Styled in a classic aesthetic, offering both all-day comfort and trend-forward appeal."
SKU-FOO-2496,HIGHLANDER Charcoal Grey Men's Polyester Boots,footwear,Boots,HIGHLANDER,Men,4249,4.9,Formal,Pastel,Charcoal Grey,Polyester,"HIGHLANDER charcoal grey boots crafted from premium polyester for men. Features a soft muted hues providing a calm, breezy and sophisticated aesthetic. Ideal for formal occasions. Styled in a pastel aesthetic, offering both all-day comfort and trend-forward appeal."
SKU-ACC-3028,Fastrack Terracotta Unisex Leather Watches,accessories,Watches,Fastrack,Unisex,2949,4.6,Formal,Minimalist,Terracotta,Leather,"Fastrack terracotta watches crafted from premium leather for all genders. Features a clean tailored silhouette with subtle contemporary accents. Ideal for formal occasions. Styled in a minimalist aesthetic, offering both all-day comfort and trend-forward appeal."
SKU-BOT-2153,Titan Maroon Men's Cotton Jeans,bottomwear,Jeans,Titan,Men,2649,4.0,Gym;Beach,Streetwear,Maroon,Cotton,"Titan maroon jeans crafted from premium cotton for men. Features a urban relaxed drape engineered with durable modern textures. Ideal for gym, beach occasions. Styled in a streetwear aesthetic, offering both all-day comfort and trend-forward appeal."
SKU-FOO-2368,VERO MODA Navy Blue Women's Cotton Flats,footwear,Flats,VERO MODA,Women,549,3.9,Party,Classic,Navy Blue,Cotton,"VERO MODA navy blue flats crafted from premium cotton for women. Features a timeless quintessential design crafted for versatile everyday elegance. Ideal for party occasions. Styled in a classic aesthetic, offering both all-day comfort and trend-forward appeal."
SKU-TOP-1065,Puma Charcoal Grey Women's Polyester Blouses,topwear,Blouses,Puma,Women,2349,4.5,Casual,Streetwear,Charcoal Grey,Polyester,"Puma charcoal grey blouses crafted from premium polyester for women. Features a urban relaxed drape engineered with durable modern textures. Ideal for casual occasions. Styled in a streetwear aesthetic, offering both all-day comfort and trend-forward appeal."
SKU-ACC-3063,ONLY Terracotta Women's Polyester Watches,accessories,Watches,ONLY,Women,2599,4.3,Beach,Vibrant;Classic,Terracotta,Polyester,"ONLY terracotta watches crafted from premium polyester for women. Features a eye-catching high-energy color palette suited for expressive moods. Ideal for beach occasions. Styled in a vibrant aesthetic, offering both all-day comfort and trend-forward appeal."
SKU-BOT-2181,Louis Philippe Black Men's Linen Chinos,bottomwear,Chinos,Louis Philippe,Men,2499,4.3,Ethnic;Casual,Classic,Black,Linen,"Louis Philippe black chinos crafted from premium linen for men. Features a timeless quintessential design crafted for versatile everyday elegance. Ideal for ethnic, casual occasions. Styled in a classic aesthetic, offering both all-day comfort and trend-forward appeal."
SKU-TOP-1493,VERO MODA Mustard Yellow Women's Silk Blouses,topwear,Blouses,VERO MODA,Women,2049,4.2,Beach;Gym,Minimalist,Mustard Yellow,Silk,"VERO MODA mustard yellow blouses crafted from premium silk for women. Features a clean tailored silhouette with subtle contemporary accents. Ideal for beach, gym occasions. Styled in a minimalist aesthetic, offering both all-day comfort and trend-forward appeal."
SKU-TOP-1380,Forever 21 White Women's Cotton Blazers,topwear,Blazers,Forever 21,Women,2899,3.9,Gym;Casual,Minimalist,White,Cotton,"Forever 21 white blazers crafted from premium cotton for women. Features a clean tailored silhouette with subtle contemporary accents. Ideal for gym, casual occasions. Styled in a minimalist aesthetic, offering both all-day comfort and trend-forward appeal."
SKU-ACC-3236,Anouk Charcoal Grey Women's Polyester Bags,accessories,Bags,Anouk,Women,1549,4.5,Ethnic,Pastel,Charcoal Grey,Polyester,"Anouk charcoal grey bags crafted from premium polyester for women. Features a soft muted hues providing a calm, breezy and sophisticated aesthetic. Ideal for ethnic occasions. Styled in a pastel aesthetic, offering both all-day comfort and trend-forward appeal."
SKU-BOT-1764,Bata Terracotta Women's Cotton Jeans,bottomwear,Jeans,Bata,Women,1499,4.2,Gym,Streetwear,Terracotta,Cotton,"Bata terracotta jeans crafted from premium cotton for women. Features a urban relaxed drape engineered with durable modern textures. Ideal for gym occasions. Styled in a streetwear aesthetic, offering both all-day comfort and trend-forward appeal."
SKU-ACC-3265,DressBerry Lavender Women's Polyester Sunglasses,accessories,Sunglasses,DressBerry,Women,1249,4.4,Gym,Classic;Pastel,Lavender,Polyester,"DressBerry lavender sunglasses crafted from premium polyester for women. Features a timeless quintessential design crafted for versatile everyday elegance. Ideal for gym occasions. Styled in a classic aesthetic, offering both all-day comfort and trend-forward appeal."
SKU-BOT-1792,Fossil Burgundy Women's Silk Palazzos,bottomwear,Palazzos,Fossil,Women,2199,4.3,Gym,Vibrant;Classic,Burgundy,Silk,"Fossil burgundy palazzos crafted from premium silk for women. Features a eye-catching high-energy color palette suited for expressive moods. Ideal for gym occasions. Styled in a vibrant aesthetic, offering both all-day comfort and trend-forward appeal."
SKU-BOT-2077,Mast & Harbour Olive Green Men's Cotton Trousers,bottomwear,Trousers,Mast & Harbour,Men,2149,3.7,Party;Beach,Pastel,Olive Green,Cotton,"Mast & Harbour olive green trousers crafted from premium cotton for men. Features a soft muted hues providing a calm, breezy and sophisticated aesthetic. Ideal for party, beach occasions. Styled in a pastel aesthetic, offering both all-day comfort and trend-forward appeal."
SKU-BOT-1879,Titan Mint Green Men's Cotton Jeans,bottomwear,Jeans,Titan,Men,1999,4.2,Casual,Vibrant;Classic,Mint Green,Cotton,"Titan mint green jeans crafted from premium cotton for men. Features a eye-catching high-energy color palette suited for expressive moods. Ideal for casual occasions. Styled in a vibrant aesthetic, offering both all-day comfort and trend-forward appeal."
SKU-TOP-1338,Roadster Sky Blue Men's Polyester Blazers,topwear,Blazers,Roadster,Men,8499,4.1,Formal,Streetwear;Classic,Sky Blue,Polyester,"Roadster sky blue blazers crafted from premium polyester for men. Features a urban relaxed drape engineered with durable modern textures. Ideal for formal occasions. Styled in a streetwear aesthetic, offering both all-day comfort and trend-forward appeal."
SKU-ACC-3344,DressBerry Lavender Women's Cotton Bags,accessories,Bags,DressBerry,Women,1999,4.0,Beach;Casual,Classic,Lavender,Cotton,"DressBerry lavender bags crafted from premium cotton for women. Features a timeless quintessential design crafted for versatile everyday elegance. Ideal for beach, casual occasions. Styled in a classic aesthetic, offering both all-day comfort and trend-forward appeal."
SKU-BOT-2017,ONLY Terracotta Women's Polyester Skirts,bottomwear,Skirts,ONLY,Women,1549,4.0,Casual,Streetwear;Pastel,Terracotta,Polyester,"ONLY terracotta skirts crafted from premium polyester for women. Features a urban relaxed drape engineered with durable modern textures. Ideal for casual occasions. Styled in a streetwear aesthetic, offering both all-day comfort and trend-forward appeal."
SKU-FOO-2276,Fossil Burgundy Women's Leather Flats,footwear,Flats,Fossil,Women,999,4.2,Ethnic;Party,Vibrant,Burgundy,Leather,"Fossil burgundy flats crafted from premium leather for women. Features a eye-catching high-energy color palette suited for expressive moods. Ideal for ethnic, party occasions. Styled in a vibrant aesthetic, offering both all-day comfort and trend-forward appeal."
SKU-TOP-1456,Bata Sky Blue Women's Cotton Crop Tops,topwear,Crop Tops,Bata,Women,1299,3.9,Ethnic,Pastel,Sky Blue,Cotton,"Bata sky blue crop tops crafted from premium cotton for women. Features a soft muted hues providing a calm, breezy and sophisticated aesthetic. Ideal for ethnic occasions. Styled in a pastel aesthetic, offering both all-day comfort and trend-forward appeal."
SKU-BOT-1816,VERO MODA Charcoal Grey Women's Cotton Chinos,bottomwear,Chinos,VERO MODA,Women,2999,3.7,Party,Minimalist,Charcoal Grey,Cotton,"VERO MODA charcoal grey chinos crafted from premium cotton for women. Features a clean tailored silhouette with subtle contemporary accents. Ideal for party occasions. Styled in a minimalist aesthetic, offering both all-day comfort and trend-forward appeal."
SKU-ACC-3318,Tokyo Talkies Burgundy Women's Polyester Sunglasses,accessories,Sunglasses,Tokyo Talkies,Women,1099,4.0,Gym;Casual,Pastel;Vibrant,Burgundy,Polyester,"Tokyo Talkies burgundy sunglasses crafted from premium polyester for women. Features a soft muted hues providing a calm, breezy and sophisticated aesthetic. Ideal for gym, casual occasions. Styled in a pastel aesthetic, offering both all-day comfort and trend-forward appeal."
SKU-BOT-1996,Puma Tan Brown Women's Polyester Skirts,bottomwear,Skirts,Puma,Women,2399,4.1,Beach;Casual,Vibrant,Tan Brown,Polyester,"Puma tan brown skirts crafted from premium polyester for women. Features a eye-catching high-energy color palette suited for expressive moods. Ideal for beach, casual occasions. Styled in a vibrant aesthetic, offering both all-day comfort and trend-forward appeal."
SKU-ACC-2982,HIGHLANDER Terracotta Men's Polyester Sunglasses,accessories,Sunglasses,HIGHLANDER,Men,1899,3.7,Ethnic,Vibrant,Terracotta,Polyester,"HIGHLANDER terracotta sunglasses crafted from premium polyester for men. Features a eye-catching high-energy color palette suited for expressive moods. Ideal for ethnic occasions. Styled in a vibrant aesthetic, offering both all-day comfort and trend-forward appeal."
SKU-TOP-1202,HIGHLANDER White Men's Silk Kurtas,topwear,Kurtas,HIGHLANDER,Men,1099,4.4,Beach,Streetwear,White,Silk,"HIGHLANDER white kurtas crafted from premium silk for men. Features a urban relaxed drape engineered with durable modern textures. Ideal for beach occasions. Styled in a streetwear aesthetic, offering both all-day comfort and trend-forward appeal."
SKU-TOP-1162,Tommy Hilfiger Mustard Yellow Men's Linen Kurtas,topwear,Kurtas,Tommy Hilfiger,Men,3499,4.5,Ethnic;Party,Pastel,Mustard Yellow,Linen,"Tommy Hilfiger mustard yellow kurtas crafted from premium linen for men. Features a soft muted hues providing a calm, breezy and sophisticated aesthetic. Ideal for ethnic, party occasions. Styled in a pastel aesthetic, offering both all-day comfort and trend-forward appeal."
SKU-FOO-2580,Converse Navy Blue Unisex Polyester Sneakers,footwear,Sneakers,Converse,Unisex,3799,3.9,Beach;Casual,Pastel,Navy Blue,Polyester,"Converse navy blue sneakers crafted from premium polyester for all genders. Features a soft muted hues providing a calm, breezy and sophisticated aesthetic. Ideal for beach, casual occasions. Styled in a pastel aesthetic, offering both all-day comfort and trend-forward appeal."
SKU-BOT-1703,Puma Black Women's Linen Chinos,bottomwear,Chinos,Puma,Women,2449,4.0,Party,Streetwear;Pastel,Black,Linen,"Puma black chinos crafted from premium linen for women. Features a urban relaxed drape engineered with durable modern textures. Ideal for party occasions. Styled in a streetwear aesthetic, offering both all-day comfort and trend-forward appeal."
SKU-FOO-2501,Mango Olive Green Women's Polyester Heels,footwear,Heels,Mango,Women,4299,4.5,Formal,Pastel;Streetwear,Olive Green,Polyester,"Mango olive green heels crafted from premium polyester for women. Features a soft muted hues providing a calm, breezy and sophisticated aesthetic. Ideal for formal occasions. Styled in a pastel aesthetic, offering both all-day comfort and trend-forward appeal."
SKU-BOT-2130,DressBerry White Women's Polyester Skirts,bottomwear,Skirts,DressBerry,Women,2249,4.3,Beach,Minimalist,White,Polyester,"DressBerry white skirts crafted from premium polyester for women. Features a clean tailored silhouette with subtle contemporary accents. Ideal for beach occasions. Styled in a minimalist aesthetic, offering both all-day comfort and trend-forward appeal."
SKU-BOT-2022,Peter England Beige Men's Cotton Jeans,bottomwear,Jeans,Peter England,Men,2299,4.0,Gym,Classic,Beige,Cotton,"Peter England beige jeans crafted from premium cotton for men. Features a timeless quintessential design crafted for versatile everyday elegance. Ideal for gym occasions. Styled in a classic aesthetic, offering both all-day comfort and trend-forward appeal."
SKU-FOO-2586,Anouk Olive Green Women's Leather Heels,footwear,Heels,Anouk,Women,4949,4.4,Gym,Classic,Olive Green,Leather,"Anouk olive green heels crafted from premium leather for women. Features a timeless quintessential design crafted for versatile everyday elegance. Ideal for gym occasions. Styled in a classic aesthetic, offering both all-day comfort and trend-forward appeal."
SKU-ACC-2956,Mast & Harbour Sky Blue Men's Cotton Bags,accessories,Bags,Mast & Harbour,Men,1249,4.7,Party,Vibrant,Sky Blue,Cotton,"Mast & Harbour sky blue bags crafted from premium cotton for men. Features a eye-catching high-energy color palette suited for expressive moods. Ideal for party occasions. Styled in a vibrant aesthetic, offering both all-day comfort and trend-forward appeal."
SKU-ACC-3254,HIGHLANDER Burgundy Men's Leather Belts,accessories,Belts,HIGHLANDER,Men,1549,4.2,Ethnic,Vibrant;Minimalist,Burgundy,Leather,"HIGHLANDER burgundy belts crafted from premium leather for men. Features a eye-catching high-energy color palette suited for expressive moods. Ideal for ethnic occasions. Styled in a vibrant aesthetic, offering both all-day comfort and trend-forward appeal."
SKU-TOP-1035,Forever 21 Black Women's Cotton Crop Tops,topwear,Crop Tops,Forever 21,Women,599,4.5,Gym;Formal,Pastel,Black,Cotton,"Forever 21 black crop tops crafted from premium cotton for women. Features a soft muted hues providing a calm, breezy and sophisticated aesthetic. Ideal for gym, formal occasions. Styled in a pastel aesthetic, offering both all-day comfort and trend-forward appeal."
SKU-BOT-1776,Tokyo Talkies Navy Blue Women's Cotton Skirts,bottomwear,Skirts,Tokyo Talkies,Women,2099,3.7,Formal,Streetwear,Navy Blue,Cotton,"Tokyo Talkies navy blue skirts crafted from premium cotton for women. Features a urban relaxed drape engineered with durable modern textures. Ideal for formal occasions. Styled in a streetwear aesthetic, offering both all-day comfort and trend-forward appeal."
SKU-FOO-2479,Anouk White Women's Cotton Flats,footwear,Flats,Anouk,Women,1749,3.9,Casual,Minimalist,White,Cotton,"Anouk white flats crafted from premium cotton for women. Features a clean tailored silhouette with subtle contemporary accents. Ideal for casual occasions. Styled in a minimalist aesthetic, offering both all-day comfort and trend-forward appeal."
SKU-FOO-2391,Carlton London Maroon Women's Cotton Flats,footwear,Flats,Carlton London,Women,1149,4.4,Formal;Ethnic,Vibrant,Maroon,Cotton,"Carlton London maroon flats crafted from premium cotton for women. Features a eye-catching high-energy color palette suited for expressive moods. Ideal for formal, ethnic occasions. Styled in a vibrant aesthetic, offering both all-day comfort and trend-forward appeal."
SKU-ACC-3140,Nike Beige Men's Leather Bags,accessories,Bags,Nike,Men,3449,3.7,Party;Ethnic,Streetwear,Beige,Leather,"Nike beige bags crafted from premium leather for men. Features a urban relaxed drape engineered with durable modern textures. Ideal for party, ethnic occasions. Styled in a streetwear aesthetic, offering both all-day comfort and trend-forward appeal."
SKU-FOO-2364,Peter England Lavender Men's Leather Loafers,footwear,Loafers,Peter England,Men,3699,3.9,Beach;Ethnic,Streetwear;Minimalist,Lavender,Leather,"Peter England lavender loafers crafted from premium leather for men. Features a urban relaxed drape engineered with durable modern textures. Ideal for beach, ethnic occasions. Styled in a streetwear aesthetic, offering both all-day comfort and trend-forward appeal."
SKU-ACC-3042,VERO MODA Olive Green Women's Polyester Earrings,accessories,Earrings,VERO MODA,Women,1449,4.1,Party;Ethnic,Classic,Olive Green,Polyester,"VERO MODA olive green earrings crafted from premium polyester for women. Features a timeless quintessential design crafted for versatile everyday elegance. Ideal for party, ethnic occasions. Styled in a classic aesthetic, offering both all-day comfort and trend-forward appeal."
SKU-TOP-1242,HIGHLANDER Navy Blue Men's Cotton Blazers,topwear,Blazers,HIGHLANDER,Men,7799,4.2,Casual;Beach,Classic,Navy Blue,Cotton,"HIGHLANDER navy blue blazers crafted from premium cotton for men. Features a timeless quintessential design crafted for versatile everyday elegance. Ideal for casual, beach occasions. Styled in a classic aesthetic, offering both all-day comfort and trend-forward appeal."
SKU-ACC-3062,Converse Terracotta Unisex Polyester Sunglasses,accessories,Sunglasses,Converse,Unisex,2049,4.2,Casual,Vibrant,Terracotta,Polyester,"Converse terracotta sunglasses crafted from premium polyester for all genders. Features a eye-catching high-energy color palette suited for expressive moods. Ideal for casual occasions. Styled in a vibrant aesthetic, offering both all-day comfort and trend-forward appeal."
SKU-ACC-3364,Puma Navy Blue Unisex Polyester Bags,accessories,Bags,Puma,Unisex,2699,4.6,Gym;Casual,Minimalist,Navy Blue,Polyester,"Puma navy blue bags crafted from premium polyester for all genders. Features a clean tailored silhouette with subtle contemporary accents. Ideal for gym, casual occasions. Styled in a minimalist aesthetic, offering both all-day comfort and trend-forward appeal."
SKU-TOP-1601,Fossil White Women's Polyester Blazers,topwear,Blazers,Fossil,Women,6899,4.5,Beach;Gym,Streetwear,White,Polyester,"Fossil white blazers crafted from premium polyester for women. Features a urban relaxed drape engineered with durable modern textures. Ideal for beach, gym occasions. Styled in a streetwear aesthetic, offering both all-day comfort and trend-forward appeal."
SKU-ACC-3436,Fossil Mustard Yellow Women's Polyester Earrings,accessories,Earrings,Fossil,Women,949,4.1,Party,Classic,Mustard Yellow,Polyester,"Fossil mustard yellow earrings crafted from premium polyester for women. Features a timeless quintessential design crafted for versatile everyday elegance. Ideal for party occasions. Styled in a classic aesthetic, offering both all-day comfort and trend-forward appeal."
SKU-FOO-2298,Forever 21 Burgundy Women's Leather Boots,footwear,Boots,Forever 21,Women,6599,4.1,Gym;Ethnic,Vibrant,Burgundy,Leather,"Forever 21 burgundy boots crafted from premium leather for women. Features a eye-catching high-energy color palette suited for expressive moods. Ideal for gym, ethnic occasions. Styled in a vibrant aesthetic, offering both all-day comfort and trend-forward appeal."
SKU-ACC-3215,Tokyo Talkies Pastel Pink Women's Leather Bags,accessories,Bags,Tokyo Talkies,Women,1999,4.0,Casual,Streetwear;Pastel,Pastel Pink,Leather,"Tokyo Talkies pastel pink bags crafted from premium leather for women. Features a urban relaxed drape engineered with durable modern textures. Ideal for casual occasions. Styled in a streetwear aesthetic, offering both all-day comfort and trend-forward appeal."
SKU-ACC-3069,Louis Philippe Charcoal Grey Men's Leather Belts,accessories,Belts,Louis Philippe,Men,1649,4.7,Party,Pastel;Classic,Charcoal Grey,Leather,"Louis Philippe charcoal grey belts crafted from premium leather for men. Features a soft muted hues providing a calm, breezy and sophisticated aesthetic. Ideal for party occasions. Styled in a pastel aesthetic, offering both all-day comfort and trend-forward appeal."
SKU-BOT-1647,Sangria Beige Women's Cotton Jeans,bottomwear,Jeans,Sangria,Women,2199,3.3,Casual,Pastel,Beige,Cotton,"Sangria beige jeans crafted from premium cotton for women. Features a soft muted hues providing a calm, breezy and sophisticated aesthetic. Ideal for casual occasions. Styled in a pastel aesthetic, offering both all-day comfort and trend-forward appeal."
SKU-FOO-2529,Puma Burgundy Women's Cotton Flats,footwear,Flats,Puma,Women,899,4.0,Beach,Vibrant;Classic,Burgundy,Cotton,"Puma burgundy flats crafted from premium cotton for women. Features a eye-catching high-energy color palette suited for expressive moods. Ideal for beach occasions. Styled in a vibrant aesthetic, offering both all-day comfort and trend-forward appeal."
SKU-FOO-2268,VERO MODA Cream Women's Leather Heels,footwear,Heels,VERO MODA,Women,5399,3.9,Beach,Minimalist;Classic,Cream,Leather,"VERO MODA cream heels crafted from premium leather for women. Features a clean tailored silhouette with subtle contemporary accents. Ideal for beach occasions. Styled in a minimalist aesthetic, offering both all-day comfort and trend-forward appeal."
SKU-ACC-2900,Converse Olive Green Unisex Polyester Watches,accessories,Watches,Converse,Unisex,2349,4.1,Ethnic;Beach,Pastel,Olive Green,Polyester,"Converse olive green watches crafted from premium polyester for all genders. Features a soft muted hues providing a calm, breezy and sophisticated aesthetic. Ideal for ethnic, beach occasions. Styled in a pastel aesthetic, offering both all-day comfort and trend-forward appeal."
SKU-TOP-1563,Fossil White Unisex Cotton T-Shirts,topwear,T-Shirts,Fossil,Unisex,1549,4.5,Gym;Ethnic,Streetwear;Pastel,White,Cotton,"Fossil white t-shirts crafted from premium cotton for all genders. Features a urban relaxed drape engineered with durable modern textures. Ideal for gym, ethnic occasions. Styled in a streetwear aesthetic, offering both all-day comfort and trend-forward appeal."
SKU-TOP-1190,VERO MODA Maroon Women's Linen Blazers,topwear,Blazers,VERO MODA,Women,5799,3.7,Ethnic,Classic,Maroon,Linen,"VERO MODA maroon blazers crafted from premium linen for women. Features a timeless quintessential design crafted for versatile everyday elegance. Ideal for ethnic occasions. Styled in a classic aesthetic, offering both all-day comfort and trend-forward appeal."
SKU-FOO-2807,Tokyo Talkies White Women's Leather Flats,footwear,Flats,Tokyo Talkies,Women,1699,4.3,Ethnic;Party,Pastel;Classic,White,Leather,"Tokyo Talkies white flats crafted from premium leather for women. Features a soft muted hues providing a calm, breezy and sophisticated aesthetic. Ideal for ethnic, party occasions. Styled in a pastel aesthetic, offering both all-day comfort and trend-forward appeal."
SKU-BOT-1976,Puma Terracotta Women's Polyester Skirts,bottomwear,Skirts,Puma,Women,1299,3.5,Casual;Beach,Vibrant,Terracotta,Polyester,"Puma terracotta skirts crafted from premium polyester for women. Features a eye-catching high-energy color palette suited for expressive moods. Ideal for casual, beach occasions. Styled in a vibrant aesthetic, offering both all-day comfort and trend-forward appeal."
SKU-ACC-3048,Carlton London Black Women's Silk Earrings,accessories,Earrings,Carlton London,Women,1549,4.2,Beach;Party,Streetwear,Black,Silk,"Carlton London black earrings crafted from premium silk for women. Features a urban relaxed drape engineered with durable modern textures. Ideal for beach, party occasions. Styled in a streetwear aesthetic, offering both all-day comfort and trend-forward appeal."
SKU-BOT-2083,Roadster Cream Men's Cotton Chinos,bottomwear,Chinos,Roadster,Men,2799,4.1,Ethnic;Party,Vibrant,Cream,Cotton,"Roadster cream chinos crafted from premium cotton for men. Features a eye-catching high-energy color palette suited for expressive moods. Ideal for ethnic, party occasions. Styled in a vibrant aesthetic, offering both all-day comfort and trend-forward appeal."
SKU-TOP-1475,Anouk Charcoal Grey Women's Cotton Crop Tops,topwear,Crop Tops,Anouk,Women,999,4.8,Ethnic,Vibrant,Charcoal Grey,Cotton,"Anouk charcoal grey crop tops crafted from premium cotton for women. Features a eye-catching high-energy color palette suited for expressive moods. Ideal for ethnic occasions. Styled in a vibrant aesthetic, offering both all-day comfort and trend-forward appeal."
SKU-BOT-1748,Mango Pastel Pink Women's Denim Jeans,bottomwear,Jeans,Mango,Women,4149,3.9,Casual;Gym,Vibrant;Streetwear,Pastel Pink,Denim,"Mango pastel pink jeans crafted from premium denim for women. Features a eye-catching high-energy color palette suited for expressive moods. Ideal for casual, gym occasions. Styled in a vibrant aesthetic, offering both all-day comfort and trend-forward appeal."
SKU-ACC-3301,Lavie Sport Sky Blue Unisex Leather Watches,accessories,Watches,Lavie Sport,Unisex,2899,4.6,Beach;Gym,Classic,Sky Blue,Leather,"Lavie Sport sky blue watches crafted from premium leather for all genders. Features a timeless quintessential design crafted for versatile everyday elegance. Ideal for beach, gym occasions. Styled in a classic aesthetic, offering both all-day comfort and trend-forward appeal."
SKU-TOP-1022,Puma Mint Green Women's Cotton Shirts,topwear,Shirts,Puma,Women,1699,4.1,Ethnic,Streetwear,Mint Green,Cotton,"Puma mint green shirts crafted from premium cotton for women. Features a urban relaxed drape engineered with durable modern textures. Ideal for ethnic occasions. Styled in a streetwear aesthetic, offering both all-day comfort and trend-forward appeal."
SKU-TOP-1460,VERO MODA Tan Brown Women's Cotton Blazers,topwear,Blazers,VERO MODA,Women,7399,3.8,Formal,Streetwear,Tan Brown,Cotton,"VERO MODA tan brown blazers crafted from premium cotton for women. Features a urban relaxed drape engineered with durable modern textures. Ideal for formal occasions. Styled in a streetwear aesthetic, offering both all-day comfort and trend-forward appeal."
SKU-BOT-2185,Tokyo Talkies Charcoal Grey Women's Polyester Palazzos,bottomwear,Palazzos,Tokyo Talkies,Women,1049,3.9,Beach;Ethnic,Vibrant,Charcoal Grey,Polyester,"Tokyo Talkies charcoal grey palazzos crafted from premium polyester for women. Features a eye-catching high-energy color palette suited for expressive moods. Ideal for beach, ethnic occasions. Styled in a vibrant aesthetic, offering both all-day comfort and trend-forward appeal."
SKU-ACC-3325,Puma Terracotta Men's Polyester Belts,accessories,Belts,Puma,Men,1399,4.2,Gym,Pastel;Minimalist,Terracotta,Polyester,"Puma terracotta belts crafted from premium polyester for men. Features a soft muted hues providing a calm, breezy and sophisticated aesthetic. Ideal for gym occasions. Styled in a pastel aesthetic, offering both all-day comfort and trend-forward appeal."
SKU-BOT-1956,Puma Olive Green Women's Polyester Trousers,bottomwear,Trousers,Puma,Women,3899,4.6,Formal,Classic,Olive Green,Polyester,"Puma olive green trousers crafted from premium polyester for women. Features a timeless quintessential design crafted for versatile everyday elegance. Ideal for formal occasions. Styled in a classic aesthetic, offering both all-day comfort and trend-forward appeal."
SKU-BOT-2216,HRX by Hrithik Roshan Pastel Pink Men's Linen Chinos,bottomwear,Chinos,HRX by Hrithik Roshan,Men,1449,4.6,Party,Streetwear,Pastel Pink,Linen,"HRX by Hrithik Roshan pastel pink chinos crafted from premium linen for men. Features a urban relaxed drape engineered with durable modern textures. Ideal for party occasions. Styled in a streetwear aesthetic, offering both all-day comfort and trend-forward appeal."
SKU-ACC-3434,Roadster Black Unisex Polyester Sunglasses,accessories,Sunglasses,Roadster,Unisex,2299,4.1,Casual,Vibrant;Minimalist,Black,Polyester,"Roadster black sunglasses crafted from premium polyester for all genders. Features a eye-catching high-energy color palette suited for expressive moods. Ideal for casual occasions. Styled in a vibrant aesthetic, offering both all-day comfort and trend-forward appeal."
SKU-FOO-2516,Mango Cream Women's Leather Heels,footwear,Heels,Mango,Women,2499,4.2,Ethnic,Classic,Cream,Leather,"Mango cream heels crafted from premium leather for women. Features a timeless quintessential design crafted for versatile everyday elegance. Ideal for ethnic occasions. Styled in a classic aesthetic, offering both all-day comfort and trend-forward appeal."
SKU-ACC-3392,Roadster Terracotta Unisex Cotton Bags,accessories,Bags,Roadster,Unisex,2149,3.9,Formal,Classic;Pastel,Terracotta,Cotton,"Roadster terracotta bags crafted from premium cotton for all genders. Features a timeless quintessential design crafted for versatile everyday elegance. Ideal for formal occasions. Styled in a classic aesthetic, offering both all-day comfort and trend-forward appeal."
SKU-BOT-1770,Mango Mint Green Women's Linen Trousers,bottomwear,Trousers,Mango,Women,1099,4.8,Ethnic;Party,Classic;Minimalist,Mint Green,Linen,"Mango mint green trousers crafted from premium linen for women. Features a timeless quintessential design crafted for versatile everyday elegance. Ideal for ethnic, party occasions. Styled in a classic aesthetic, offering both all-day comfort and trend-forward appeal."
SKU-FOO-2686,Mast & Harbour Navy Blue Men's Polyester Sneakers,footwear,Sneakers,Mast & Harbour,Men,6099,4.6,Formal,Vibrant,Navy Blue,Polyester,"Mast & Harbour navy blue sneakers crafted from premium polyester for men. Features a eye-catching high-energy color palette suited for expressive moods. Ideal for formal occasions. Styled in a vibrant aesthetic, offering both all-day comfort and trend-forward appeal."
SKU-TOP-1131,Sangria Olive Green Women's Polyester Blouses,topwear,Blouses,Sangria,Women,1499,3.7,Gym,Streetwear,Olive Green,Polyester,"Sangria olive green blouses crafted from premium polyester for women. Features a urban relaxed drape engineered with durable modern textures. Ideal for gym occasions. Styled in a streetwear aesthetic, offering both all-day comfort and trend-forward appeal."
SKU-ACC-3136,Anouk Terracotta Women's Polyester Earrings,accessories,Earrings,Anouk,Women,999,4.0,Ethnic;Beach,Classic,Terracotta,Polyester,"Anouk terracotta earrings crafted from premium polyester for women. Features a timeless quintessential design crafted for versatile everyday elegance. Ideal for ethnic, beach occasions. Styled in a classic aesthetic, offering both all-day comfort and trend-forward appeal."
SKU-FOO-2483,VERO MODA Cream Women's Leather Heels,footwear,Heels,VERO MODA,Women,3399,4.8,Gym,Minimalist,Cream,Leather,"VERO MODA cream heels crafted from premium leather for women. Features a clean tailored silhouette with subtle contemporary accents. Ideal for gym occasions. Styled in a minimalist aesthetic, offering both all-day comfort and trend-forward appeal."
SKU-TOP-1331,Tommy Hilfiger Pastel Pink Men's Polyester T-Shirts,topwear,T-Shirts,Tommy Hilfiger,Men,499,4.2,Ethnic,Vibrant;Minimalist,Pastel Pink,Polyester,"Tommy Hilfiger pastel pink t-shirts crafted from premium polyester for men. Features a eye-catching high-energy color palette suited for expressive moods. Ideal for ethnic occasions. Styled in a vibrant aesthetic, offering both all-day comfort and trend-forward appeal."
SKU-BOT-2239,ONLY White Women's Denim Jeans,bottomwear,Jeans,ONLY,Women,3499,4.4,Gym;Casual,Minimalist,White,Denim,"ONLY white jeans crafted from premium denim for women. Features a clean tailored silhouette with subtle contemporary accents. Ideal for gym, casual occasions. Styled in a minimalist aesthetic, offering both all-day comfort and trend-forward appeal."
SKU-TOP-1467,DressBerry Charcoal Grey Women's Cotton Shirts,topwear,Shirts,DressBerry,Women,2249,4.4,Formal;Gym,Streetwear;Pastel,Charcoal Grey,Cotton,"DressBerry charcoal grey shirts crafted from premium cotton for women. Features a urban relaxed drape engineered with durable modern textures. Ideal for formal, gym occasions. Styled in a streetwear aesthetic, offering both all-day comfort and trend-forward appeal."
SKU-ACC-3170,Mast & Harbour Mustard Yellow Men's Polyester Sunglasses,accessories,Sunglasses,Mast & Harbour,Men,1599,4.4,Party;Casual,Streetwear,Mustard Yellow,Polyester,"Mast & Harbour mustard yellow sunglasses crafted from premium polyester for men. Features a urban relaxed drape engineered with durable modern textures. Ideal for party, casual occasions. Styled in a streetwear aesthetic, offering both all-day comfort and trend-forward appeal."
SKU-FOO-2639,Sangria Olive Green Women's Polyester Heels,footwear,Heels,Sangria,Women,3099,4.9,Ethnic,Pastel,Olive Green,Polyester,"Sangria olive green heels crafted from premium polyester for women. Features a soft muted hues providing a calm, breezy and sophisticated aesthetic. Ideal for ethnic occasions. Styled in a pastel aesthetic, offering both all-day comfort and trend-forward appeal."
SKU-BOT-2096,Bata Tan Brown Women's Polyester Trousers,bottomwear,Trousers,Bata,Women,899,4.2,Ethnic;Formal,Minimalist,Tan Brown,Polyester,"Bata tan brown trousers crafted from premium polyester for women. Features a clean tailored silhouette with subtle contemporary accents. Ideal for ethnic, formal occasions. Styled in a minimalist aesthetic, offering both all-day comfort and trend-forward appeal."
SKU-BOT-2131,Louis Philippe Pastel Pink Men's Polyester Trousers,bottomwear,Trousers,Louis Philippe,Men,2649,4.3,Gym,Classic,Pastel Pink,Polyester,"Louis Philippe pastel pink trousers crafted from premium polyester for men. Features a timeless quintessential design crafted for versatile everyday elegance. Ideal for gym occasions. Styled in a classic aesthetic, offering both all-day comfort and trend-forward appeal."
SKU-FOO-2295,HRX by Hrithik Roshan Terracotta Men's Polyester Boots,footwear,Boots,HRX by Hrithik Roshan,Men,5699,4.2,Gym,Pastel,Terracotta,Polyester,"HRX by Hrithik Roshan terracotta boots crafted from premium polyester for men. Features a soft muted hues providing a calm, breezy and sophisticated aesthetic. Ideal for gym occasions. Styled in a pastel aesthetic, offering both all-day comfort and trend-forward appeal."
SKU-BOT-1861,VERO MODA Olive Green Women's Linen Trousers,bottomwear,Trousers,VERO MODA,Women,1199,4.3,Ethnic;Party,Vibrant,Olive Green,Linen,"VERO MODA olive green trousers crafted from premium linen for women. Features a eye-catching high-energy color palette suited for expressive moods. Ideal for ethnic, party occasions. Styled in a vibrant aesthetic, offering both all-day comfort and trend-forward appeal."
